wage,lwage,belavg,abvavg,exper,looks,union,goodhlth,black,female,married,south,bigcity,smllcity,service,expersq,educ
5.730000019073486,1.7457154989242554,0,1,30,4,0,1,0,1,1,0,0,1,1,900,14
4.28000020980835,1.4539530277252197,0,0,28,3,0,1,0,1,1,1,0,1,0,784,12
7.960000038146973,2.0744290351867676,0,1,35,4,0,1,0,1,0,0,0,1,0,1225,10
11.569999694824219,2.448415517807007,0,0,38,3,0,1,0,0,1,0,1,0,1,1444,16
11.420000076293945,2.435366153717041,0,0,27,3,0,1,0,0,1,0,0,1,0,729,16
3.9100000858306885,1.3635374307632446,0,0,20,3,0,0,0,1,1,0,1,0,0,400,12
8.760000228881836,2.1701958179473877,0,0,12,3,0,1,0,0,1,0,1,0,0,144,16
7.690000057220459,2.0399208068847656,0,1,5,4,1,1,0,0,0,0,0,1,0,25,16
5.0,1.6094379425048828,0,0,5,3,0,1,0,1,0,0,0,0,0,25,16
3.890000104904175,1.3584091663360596,0,0,12,3,0,1,0,1,0,0,0,1,0,144,12
3.450000047683716,1.2383742332458496,0,1,3,4,0,1,0,1,0,0,1,0,0,9,12
4.03000020980835,1.3937664031982422,0,1,6,4,0,1,0,0,1,0,0,1,0,36,16
5.139999866485596,1.6370530128479004,1,0,19,2,0,1,0,0,1,0,0,1,1,361,17
3.0,1.0986123085021973,0,0,8,3,0,1,0,0,0,0,0,1,1,64,16
7.989999771118164,2.078190803527832,0,1,12,4,0,1,0,0,1,0,0,0,0,144,16
6.010000228881836,1.7934248447418213,0,1,17,4,0,1,0,0,1,0,0,1,0,289,16
5.159999847412109,1.6409364938735962,0,0,7,3,0,1,0,0,1,0,0,0,0,49,17
11.539999961853027,2.445819139480591,0,1,12,4,0,1,0,0,1,1,0,1,1,144,17
10.4399995803833,2.345644474029541,0,1,10,4,0,1,0,1,0,0,1,0,0,100,17
7.690000057220459,2.0399208068847656,0,0,7,3,0,1,0,1,1,0,0,0,1,49,16
7.690000057220459,2.0399208068847656,0,1,7,4,1,1,0,0,0,0,0,1,0,49,17
6.789999961853027,1.915450930595398,0,0,19,3,0,1,0,0,1,0,0,1,1,361,14
6.869999885559082,1.927164077758789,0,0,33,3,0,1,0,0,1,0,1,0,1,1089,12
17.030000686645508,2.8349764347076416,0,0,32,3,0,1,0,0,1,0,1,0,0,1024,13
10.050000190734863,2.307572603225708,0,1,12,4,0,1,0,0,1,0,1,0,0,144,13
15.8100004196167,2.7606427669525146,0,1,24,4,0,1,0,0,1,1,0,1,1,576,17
14.84000015258789,2.697326183319092,0,1,29,5,0,1,0,0,0,1,1,0,1,841,13
19.079999923706055,2.9486405849456787,0,1,17,5,0,1,0,0,0,0,1,0,0,289,17
8.350000381469727,2.1222615242004395,1,0,41,1,0,0,0,0,1,1,1,0,1,1681,16
9.619999885559082,2.2638442516326904,0,0,40,3,0,0,0,0,1,0,0,1,0,1600,16
5.960000038146973,1.785070538520813,0,0,10,3,0,1,0,0,1,0,0,1,0,100,14
5.730000019073486,1.7457154989242554,0,0,43,3,0,0,0,0,1,0,0,1,0,1849,10
6.730000019073486,1.9065752029418945,0,1,41,4,0,1,0,0,1,0,0,1,0,1681,10
8.170000076293945,2.100468873977661,1,0,18,2,0,1,0,0,1,0,0,1,0,324,16
12.390000343322754,2.516889810562134,0,1,28,4,0,1,0,0,1,0,1,0,0,784,12
9.619999885559082,2.2638442516326904,1,0,37,2,0,1,0,0,1,0,1,0,0,1369,13
4.829999923706055,1.5748465061187744,0,1,20,4,0,1,1,0,1,0,0,1,0,400,16
7.690000057220459,2.0399208068847656,1,0,10,2,1,1,0,0,1,0,0,1,0,100,13
12.5,2.525728702545166,0,0,31,3,0,1,0,0,1,1,0,1,0,961,16
2.819999933242798,1.0367368459701538,0,0,18,3,0,1,0,0,1,0,0,0,1,324,12
12.3100004196167,2.5104119777679443,0,0,9,3,1,1,0,0,0,0,1,0,0,81,17
13.220000267028809,2.581730842590332,0,0,42,3,0,1,0,0,1,0,1,0,0,1764,16
16.829999923706055,2.8231630325317383,0,1,14,4,0,1,0,0,1,1,1,0,0,196,16
11.539999961853027,2.445819139480591,0,0,27,3,0,1,0,0,1,0,1,0,0,729,16
4.949999809265137,1.599387526512146,0,0,20,3,0,1,1,1,0,1,1,0,1,400,14
7.210000038146973,1.9754689931869507,0,0,14,3,0,1,0,0,1,0,1,0,0,196,17
11.579999923706055,2.449279546737671,0,0,4,3,0,1,0,0,1,0,1,0,0,16,17
15.380000114440918,2.7330679893493652,0,0,13,3,0,1,0,0,1,0,1,0,0,169,17
6.099999904632568,1.808288812637329,0,0,5,3,0,1,0,0,1,0,0,1,1,25,17
7.929999828338623,2.070652961730957,0,0,32,3,0,1,0,0,1,0,1,0,1,1024,17
9.15999984741211,2.214846134185791,0,1,19,4,1,1,0,1,1,0,1,0,1,361,17
6.909999847412109,1.932969570159912,0,1,14,4,0,1,0,1,0,1,1,0,1,196,17
20.18000030517578,3.0046920776367188,0,0,28,3,0,1,0,0,1,0,1,0,1,784,17
9.930000305175781,2.295560598373413,0,0,31,3,1,1,0,0,1,1,0,1,0,961,17
7.789999961853027,2.0528409481048584,0,1,18,4,0,1,0,0,1,0,0,1,0,324,13
5.130000114440918,1.6351057291030884,0,0,23,3,0,1,0,0,1,0,0,0,1,529,5
10.989999771118164,2.3969857692718506,0,1,14,4,0,1,0,0,1,1,0,1,0,196,16
6.559999942779541,1.8809906244277954,1,0,17,2,0,1,0,0,1,0,0,1,0,289,13
10.100000381469727,2.312535524368286,0,0,16,3,0,1,0,0,1,0,1,0,0,256,13
10.739999771118164,2.3739750385284424,0,0,19,3,0,1,0,0,1,0,0,0,0,361,16
16.350000381469727,2.7942278385162354,0,0,26,3,0,1,0,0,1,0,1,0,0,676,17
4.619999885559082,1.5303946733474731,0,1,20,4,0,1,0,1,1,1,0,1,1,400,12
7.489999771118164,2.013568878173828,0,0,18,3,0,1,0,0,1,0,0,0,0,324,17
19.229999542236328,2.9564714431762695,0,0,35,3,0,1,0,0,1,0,1,0,0,1225,17
4.769999980926514,1.562346339225769,0,1,9,4,0,1,0,1,0,1,0,1,1,81,17
7.139999866485596,1.9657127857208252,1,0,20,2,0,1,0,1,0,0,1,0,1,400,17
14.420000076293945,2.6686160564422607,0,1,7,4,0,1,0,0,1,1,0,0,1,49,17
9.279999732971191,2.2278614044189453,0,1,40,4,0,1,0,0,0,1,0,0,1,1600,17
29.979999542236328,3.4005305767059326,0,0,12,3,0,1,0,0,1,0,0,1,1,144,17
32.790000915527344,3.4901235103607178,0,1,33,4,0,1,0,0,1,0,0,1,1,1089,16
9.619999885559082,2.2638442516326904,0,0,16,3,0,1,0,0,1,0,0,1,0,256,16
8.359999656677246,2.1234583854675293,0,0,15,3,0,1,0,1,1,0,1,0,0,225,16
21.6299991607666,3.0740811824798584,0,0,11,3,0,1,0,0,1,0,0,1,1,121,17
15.899999618530273,2.7663190364837646,0,1,24,4,0,1,0,0,1,0,0,1,1,576,17
5.769999980926514,1.7526720762252808,1,0,6,2,0,1,0,0,1,1,1,0,1,36,17
20.989999771118164,3.04404616355896,1,0,40,2,0,1,0,0,1,1,1,0,1,1600,17
23.31999969482422,3.1493113040924072,0,1,15,5,0,1,0,0,1,1,0,0,1,225,17
4.96999979019165,1.6034197807312012,0,1,9,4,0,1,0,0,1,0,0,1,1,81,17
6.889999866485596,1.9300711154937744,1,0,16,2,0,1,0,0,1,1,0,0,0,256,17
5.730000019073486,1.7457154989242554,1,0,12,2,0,1,0,1,0,1,1,0,1,144,13
5.190000057220459,1.6467337608337402,0,0,8,3,0,1,0,0,1,0,0,1,1,64,17
7.789999961853027,2.0528409481048584,0,0,25,3,1,1,0,1,0,0,0,1,1,625,17
8.789999961853027,2.173614740371704,0,0,24,3,1,1,0,1,1,0,0,0,1,576,16
9.319999694824219,2.2321627140045166,0,1,25,4,1,1,0,1,0,1,0,1,0,625,17
8.329999923706055,2.119863510131836,0,1,7,4,0,1,0,1,0,1,1,0,1,49,17
10.119999885559082,2.314513683319092,0,0,40,3,0,1,1,1,0,0,0,1,1,1600,10
1.9800000190734863,0.6830968260765076,0,0,29,3,0,0,0,1,0,0,0,0,1,841,8
8.239999771118164,2.1090002059936523,0,1,13,4,0,1,0,1,1,0,1,0,1,169,17
5.050000190734863,1.619388222694397,0,1,5,4,0,1,0,1,0,0,0,0,1,25,14
6.550000190734863,1.879465103149414,0,0,10,3,0,1,0,1,1,0,0,0,0,100,16
4.46999979019165,1.4973883628845215,0,0,25,3,1,1,0,0,1,0,0,0,1,625,13
7.960000038146973,2.0744290351867676,0,0,10,3,0,1,0,1,1,0,1,0,1,100,16
6.25,1.8325815200805664,1,0,20,2,0,1,0,0,0,0,0,0,1,400,17
4.130000114440918,1.418277382850647,0,0,7,3,0,1,0,0,0,0,0,0,0,49,16
6.730000019073486,1.9065752029418945,1,0,25,2,0,1,0,1,1,1,0,0,1,625,13
7.690000057220459,2.0399208068847656,0,0,8,3,0,1,0,1,0,0,0,1,1,64,17
4.349999904632568,1.470175862312317,1,0,8,2,0,1,0,1,1,0,0,1,1,64,14
7.690000057220459,2.0399208068847656,0,0,28,3,0,1,0,0,1,0,0,1,0,784,14
4.809999942779541,1.5706970691680908,1,0,37,2,0,1,0,0,1,1,0,1,1,1369,16
5.239999771118164,1.656321406364441,0,0,31,3,0,1,0,0,1,0,0,0,1,961,17
2.140000104904175,0.7608059048652649,0,1,24,4,0,1,0,0,1,0,0,0,1,576,16
4.489999771118164,1.5018526315689087,0,1,33,4,0,1,0,0,1,0,0,0,1,1089,17
3.609999895095825,1.2837077379226685,0,1,8,4,0,1,0,0,1,0,0,1,1,64,17
5.449999809265137,1.695615530014038,0,0,33,3,0,1,0,0,1,0,0,1,1,1089,17
5.0,1.6094379425048828,0,0,30,3,0,1,0,0,1,0,0,0,1,900,17
6.730000019073486,1.9065752029418945,0,0,23,3,0,1,0,0,1,0,0,1,1,529,17
10.050000190734863,2.307572603225708,0,0,24,3,0,1,0,0,1,0,0,0,0,576,16
6.539999961853027,1.8779371976852417,0,1,4,4,0,1,0,0,1,0,0,1,0,16,17
9.199999809265137,2.219203472137451,0,0,40,3,0,1,0,1,0,0,0,0,1,1600,17
4.619999885559082,1.5303946733474731,0,0,1,3,0,1,0,1,0,0,0,1,1,1,16
3.369999885559082,1.2149126529693604,0,0,36,3,0,1,1,1,0,0,1,0,1,1296,13
5.539999961853027,1.7119945287704468,0,1,7,4,0,1,0,1,0,0,0,1,1,49,17
6.110000133514404,1.8099267482757568,0,1,7,5,0,1,0,1,1,0,0,0,0,49,12
4.989999771118164,1.6074358224868774,0,0,14,3,0,1,0,1,0,0,0,1,1,196,13
5.880000114440918,1.7715567350387573,0,0,7,3,0,1,0,1,1,0,0,1,1,49,17
5.659999847412109,1.7334238290786743,0,1,11,4,1,1,0,1,0,1,0,1,1,121,16
4.0,1.3862943649291992,0,0,6,3,0,1,0,0,1,0,0,1,1,36,16
6.869999885559082,1.927164077758789,0,0,23,3,0,1,0,1,1,0,0,0,1,529,16
4.369999885559082,1.474763035774231,1,0,19,2,0,1,0,1,0,0,0,0,1,361,17
5.769999980926514,1.7526720762252808,0,0,30,3,0,1,0,0,1,1,0,1,0,900,13
5.769999980926514,1.7526720762252808,0,1,21,4,0,1,0,0,1,1,0,0,1,441,17
12.3100004196167,2.5104119777679443,0,1,9,4,0,1,0,0,1,0,1,0,1,81,17
19.079999923706055,2.9486405849456787,0,0,29,3,1,1,0,0,1,1,0,1,1,841,17
7.550000190734863,2.021547555923462,0,0,9,3,0,1,0,1,0,0,0,0,1,81,17
5.900000095367432,1.7749524116516113,0,1,18,4,0,1,0,1,0,0,0,0,1,324,17
6.369999885559082,1.8515994548797607,0,0,26,3,0,1,0,1,0,1,0,0,1,676,17
6.150000095367432,1.816452145576477,0,1,21,4,1,1,0,0,1,0,0,0,1,441,17
1.9199999570846558,0.6523251533508301,1,0,12,2,1,1,0,1,1,1,0,1,1,144,17
3.2699999809265137,1.184790015220642,0,0,11,3,0,1,0,0,0,0,0,1,1,121,17
2.180000066757202,0.7793248891830444,0,1,18,4,0,1,0,0,0,0,0,1,1,324,17
5.619999885559082,1.7263315916061401,0,0,22,3,0,1,0,0,1,0,0,1,1,484,17
9.289999961853027,2.228938579559326,0,1,38,4,0,1,0,1,0,0,0,0,1,1444,17
6.409999847412109,1.8578592538833618,0,0,10,3,1,1,0,1,1,0,0,1,1,100,17
7.460000038146973,2.0095553398132324,0,0,22,3,1,1,0,1,1,0,0,1,1,484,16
6.590000152587891,1.8855533599853516,1,0,16,2,1,1,0,1,0,0,1,0,1,256,17
6.730000019073486,1.9065752029418945,1,0,20,2,1,1,0,1,1,1,0,1,1,400,17
5.610000133514404,1.724550724029541,0,0,14,3,1,1,0,1,1,1,0,1,1,196,16
3.6500000953674316,1.2947272062301636,0,1,14,4,0,1,0,1,1,0,1,0,1,196,16
13.010000228881836,2.565718412399292,0,1,15,4,1,1,0,0,1,0,1,0,1,225,17
6.96999979019165,1.9416152238845825,0,0,18,3,1,1,0,0,0,0,0,0,1,324,17
7.690000057220459,2.0399208068847656,0,0,21,3,1,1,0,1,1,1,0,1,1,441,17
6.730000019073486,1.9065752029418945,0,0,15,3,0,1,0,0,1,1,0,1,1,225,16
5.130000114440918,1.6351057291030884,0,0,10,3,1,1,0,1,0,0,0,0,1,100,17
2.140000104904175,0.7608059048652649,0,1,6,4,0,1,0,1,1,0,0,1,1,36,16
4.53000020980835,1.510722041130066,1,0,8,2,1,1,0,1,1,0,0,1,1,64,14
9.100000381469727,2.2082743644714355,1,0,18,2,0,1,0,1,0,1,1,0,1,324,17
9.779999732971191,2.280339479446411,0,0,15,3,1,1,0,1,0,0,0,1,1,225,17
3.630000114440918,1.2892327308654785,0,1,11,4,0,1,0,1,1,0,1,0,1,121,13
7.210000038146973,1.9754689931869507,0,0,20,3,1,0,1,1,1,0,1,0,1,400,17
10.619999885559082,2.362739086151123,0,0,18,3,1,1,0,1,1,0,0,1,1,324,17
4.619999885559082,1.5303946733474731,0,0,10,3,1,1,0,1,1,0,0,1,1,100,17
6.539999961853027,1.8779371976852417,0,0,26,3,1,1,0,1,0,1,0,0,1,676,14
12.119999885559082,2.4948570728302,0,0,35,3,1,0,0,1,0,0,1,0,1,1225,17
7.210000038146973,1.9754689931869507,0,1,30,4,1,1,0,1,1,0,0,1,1,900,16
6.25,1.8325815200805664,0,1,6,4,1,0,0,1,0,0,0,1,1,36,16
3.8499999046325684,1.348073124885559,0,0,13,3,1,1,0,1,1,0,0,1,1,169,17
3.0299999713897705,1.1085625886917114,0,0,10,3,0,0,0,1,1,0,0,1,1,100,16
2.009999990463257,0.69813472032547,0,0,16,3,0,1,0,1,1,0,1,0,1,256,16
3.9000000953674316,1.3609765768051147,0,1,5,4,1,1,0,1,1,0,0,0,1,25,17
6.349999904632568,1.8484548330307007,0,0,11,3,1,1,0,1,0,0,1,0,1,121,17
2.0,0.6931471824645996,0,1,6,4,0,1,0,1,1,0,0,0,1,36,14
7.690000057220459,2.0399208068847656,0,0,22,3,1,1,0,0,1,1,0,1,1,484,17
2.630000114440918,0.9669839143753052,0,0,4,3,0,1,0,1,0,0,1,0,1,16,12
5.0,1.6094379425048828,0,1,15,4,1,1,0,1,1,1,1,0,1,225,17
6.539999961853027,1.8779371976852417,0,0,7,3,0,1,0,1,0,0,1,0,1,49,17
5.190000057220459,1.6467337608337402,0,0,10,3,0,1,0,1,1,0,0,1,1,100,16
9.75,2.2772672176361084,0,0,8,3,1,1,0,1,1,0,1,0,1,64,16
2.809999942779541,1.0331844091415405,0,0,14,3,0,1,1,1,1,0,1,0,0,196,13
4.619999885559082,1.5303946733474731,0,0,11,3,1,1,0,0,1,0,0,1,1,121,17
7.329999923706055,1.9919755458831787,0,0,34,3,1,1,0,0,1,0,0,1,1,1156,17
7.690000057220459,2.0399208068847656,0,1,12,4,1,1,0,0,1,0,0,0,1,144,17
3.259999990463257,1.1817271709442139,0,0,10,3,1,1,0,0,1,0,0,0,1,100,17
5.769999980926514,1.7526720762252808,1,0,11,2,0,1,0,1,0,0,0,1,1,121,17
5.590000152587891,1.7209793329238892,0,1,8,4,1,1,0,0,0,0,0,1,1,64,17
5.130000114440918,1.6351057291030884,0,0,28,3,0,1,1,0,0,0,0,0,1,784,16
14.739999771118164,2.6905648708343506,1,0,24,2,1,1,0,0,1,0,1,0,1,576,17
3.6700000762939453,1.3001916408538818,0,0,8,3,1,1,0,1,0,0,0,0,1,64,17
9.729999542236328,2.2752139568328857,0,1,13,4,0,1,0,0,1,0,0,0,1,169,17
3.4600000381469727,1.2412686347961426,0,0,4,3,1,1,0,0,1,0,0,0,1,16,13
6.369999885559082,1.8515994548797607,0,1,43,4,1,1,0,0,1,0,0,1,1,1849,17
6.579999923706055,1.8840347528457642,0,0,30,3,0,1,0,1,1,0,0,1,1,900,16
10.149999618530273,2.3174736499786377,0,0,16,3,1,1,1,0,0,0,1,0,1,256,16
9.229999542236328,2.222459077835083,0,0,19,3,1,1,0,0,1,1,0,0,1,361,17
6.75,1.9095425605773926,0,0,21,3,0,0,0,0,1,1,0,1,1,441,17
10.220000267028809,2.3243465423583984,0,0,26,3,0,1,0,1,0,0,1,0,1,676,17
4.760000228881836,1.5602476596832275,0,0,8,3,1,1,0,0,1,0,0,1,1,64,16
1.7599999904632568,0.5653138160705566,0,0,24,3,0,1,0,1,0,0,1,0,1,576,17
12.729999542236328,2.5439612865448,0,1,15,4,1,1,0,0,1,0,0,1,1,225,17
5.849999904632568,1.7664417028427124,0,0,26,3,1,1,0,0,1,0,0,0,0,676,12
3.1700000762939453,1.1537315845489502,0,0,6,3,0,0,0,0,1,0,0,0,0,36,16
5.989999771118164,1.7900913953781128,1,0,19,2,0,1,0,0,1,0,0,1,0,361,12
4.619999885559082,1.5303946733474731,0,0,4,3,0,1,0,0,1,0,1,0,0,16,12
1.7999999523162842,0.5877866148948669,0,1,23,4,0,1,0,0,1,1,0,0,1,529,13
5.949999809265137,1.7833912372589111,0,1,25,4,0,1,0,0,1,0,0,1,1,625,13
7.460000038146973,2.0095553398132324,0,0,18,3,0,1,0,0,1,0,1,0,0,324,12
8.699999809265137,2.163322925567627,1,0,27,2,0,1,0,0,1,0,0,1,0,729,13
3.75,1.3217558860778809,0,0,16,3,0,1,0,0,1,0,0,0,0,256,10
7.690000057220459,2.0399208068847656,0,0,20,3,0,1,0,0,1,0,0,1,1,400,12
5.239999771118164,1.656321406364441,0,0,12,3,0,0,0,0,1,0,0,0,0,144,14
10.100000381469727,2.312535524368286,0,1,35,4,0,1,0,0,1,0,1,0,0,1225,12
3.75,1.3217558860778809,1,0,36,1,0,1,0,0,0,0,0,1,0,1296,12
5.789999961853027,1.7561322450637817,0,0,35,3,0,1,0,0,1,0,0,1,0,1225,13
5.059999942779541,1.6213665008544922,0,0,5,3,0,1,0,0,1,0,0,1,1,25,17
7.960000038146973,2.0744290351867676,0,1,15,4,1,1,0,0,1,0,0,1,0,225,13
12.819999694824219,2.551006317138672,0,0,44,3,1,1,0,0,1,0,1,0,0,1936,12
8.460000038146973,2.1353492736816406,0,0,28,3,0,1,0,0,1,1,0,1,0,784,13
3.759999990463257,1.3244189023971558,0,1,2,4,1,1,0,1,0,1,1,0,1,4,13
2.859999895095825,1.0508215427398682,0,0,43,3,0,1,0,0,1,0,0,1,1,1849,12
11.8100004196167,2.468946695327759,0,0,30,3,1,1,0,0,1,0,1,0,0,900,10
7.690000057220459,2.0399208068847656,0,0,26,3,0,1,0,0,1,0,0,1,0,676,12
7.210000038146973,1.9754689931869507,0,0,40,3,1,0,0,0,1,0,1,0,0,1600,12
2.880000114440918,1.0577902793884277,0,1,7,4,0,1,1,1,0,0,0,1,1,49,13
5.730000019073486,1.7457154989242554,0,0,10,3,1,1,0,1,0,1,0,1,0,100,12
4.489999771118164,1.5018526315689087,1,0,37,2,0,1,0,0,1,0,0,0,1,1369,12
9.569999694824219,2.2586331367492676,0,1,27,4,1,1,0,0,1,0,0,1,1,729,17
3.609999895095825,1.2837077379226685,0,0,5,3,0,1,0,0,1,0,1,0,1,25,17
7.769999980926514,2.0502700805664062,1,0,14,2,0,1,0,0,1,0,0,0,0,196,13
9.229999542236328,2.222459077835083,1,0,16,2,0,1,0,0,0,0,1,0,0,256,16
5.579999923706055,1.7191888093948364,0,0,4,3,0,1,0,0,1,0,0,1,0,16,17
5.340000152587891,1.6752257347106934,0,0,39,3,0,1,0,0,1,0,1,0,1,1521,16
5.170000076293945,1.64287269115448,0,0,32,3,1,1,0,0,1,1,0,1,1,1024,12
6.409999847412109,1.8578592538833618,0,1,16,4,0,1,0,0,1,1,0,0,1,256,17
7.400000095367432,2.0014801025390625,0,1,10,4,0,1,0,1,0,0,0,1,1,100,17
6.75,1.9095425605773926,0,1,15,4,0,1,0,0,1,0,0,1,0,225,17
8.460000038146973,2.1353492736816406,0,1,10,4,0,1,0,0,1,1,0,1,1,100,17
4.610000133514404,1.5282279253005981,0,0,10,3,0,1,0,1,0,0,0,0,0,100,13
8.609999656677246,2.1529242992401123,0,0,12,3,0,0,0,1,1,1,0,1,0,144,12
5.239999771118164,1.656321406364441,0,1,4,4,0,1,0,0,0,0,0,0,0,16,16
15.380000114440918,2.7330679893493652,0,0,12,3,0,1,0,0,0,1,1,0,0,144,17
2.369999885559082,0.8628898859024048,0,1,15,4,0,1,0,1,1,0,0,1,0,225,12
6.71999979019165,1.9050880670547485,0,1,37,4,0,1,0,1,0,1,1,0,0,1369,12
9.399999618530273,2.2407095432281494,0,1,23,4,0,1,0,0,1,0,0,1,0,529,14
7.840000152587891,2.059238910675049,0,0,15,3,0,1,0,0,1,0,0,1,0,225,16
15.0,2.70805025100708,0,1,10,4,0,1,0,0,0,0,1,0,0,100,17
4.699999809265137,1.5475624799728394,0,1,14,4,0,1,0,1,1,0,0,1,0,196,12
11.279999732971191,2.4230313301086426,0,0,17,3,0,1,0,0,0,1,1,0,0,289,13
11.970000267028809,2.482403516769409,0,0,24,3,0,1,0,0,1,0,0,1,0,576,16
13.989999771118164,2.63834285736084,0,1,13,4,0,1,0,0,1,1,0,0,0,169,17
3.0,1.0986123085021973,0,0,5,3,0,1,0,1,1,1,0,1,0,25,13
3.4100000858306885,1.2267123460769653,0,0,20,3,0,1,0,1,1,0,0,1,0,400,12
9.619999885559082,2.2638442516326904,0,1,29,4,0,1,0,0,1,0,0,1,0,841,14
6.730000019073486,1.9065752029418945,0,1,10,4,0,1,0,0,0,0,1,0,0,100,16
9.619999885559082,2.2638442516326904,0,0,36,3,0,1,0,0,1,1,1,0,1,1296,13
5.190000057220459,1.6467337608337402,0,0,15,3,0,1,0,1,1,0,0,0,1,225,13
4.619999885559082,1.5303946733474731,0,0,26,3,0,1,0,1,1,0,0,0,1,676,12
5.03000020980835,1.6154199838638306,0,1,13,4,0,1,0,1,1,0,0,0,1,169,14
9.84000015258789,2.2864556312561035,0,0,26,3,0,1,0,0,1,0,0,1,0,676,14
5.289999961853027,1.665818214416504,0,0,9,3,1,1,0,0,1,0,0,1,0,81,12
10.989999771118164,2.3969857692718506,1,0,40,1,0,1,0,0,1,0,0,1,0,1600,12
7.079999923706055,1.9572738409042358,0,0,28,3,1,0,0,0,1,0,1,0,0,784,16
8.170000076293945,2.100468873977661,1,0,12,2,0,1,0,0,0,0,1,0,0,144,16
5.880000114440918,1.7715567350387573,0,1,25,4,0,1,0,1,1,0,0,0,1,625,13
7.920000076293945,2.0693912506103516,0,1,18,4,0,1,0,1,1,0,0,1,0,324,13
4.440000057220459,1.4906543493270874,0,0,9,3,0,1,0,0,0,0,0,1,0,81,17
6.639999866485596,1.8931119441986084,0,0,9,3,1,1,0,0,1,0,0,0,0,81,13
15.800000190734863,2.760010004043579,0,1,30,4,0,0,0,0,1,0,0,1,0,900,17
9.229999542236328,2.222459077835083,0,0,40,3,0,1,0,1,0,0,1,0,0,1600,14
12.819999694824219,2.551006317138672,0,0,36,3,0,1,0,0,1,0,1,0,0,1296,17
14.180000305175781,2.6518325805664062,0,1,30,4,0,1,0,0,1,0,0,1,0,900,16
11.539999961853027,2.445819139480591,0,0,27,3,1,1,0,0,1,0,1,0,1,729,12
9.399999618530273,2.2407095432281494,0,0,22,3,1,1,0,0,1,0,0,1,1,484,12
10.390000343322754,2.340843915939331,0,0,40,3,1,1,0,0,1,1,0,1,0,1600,13
5.539999961853027,1.7119945287704468,0,0,40,3,0,1,1,0,1,0,1,0,1,1600,12
7.860000133514404,2.061786651611328,0,0,21,3,0,1,0,0,1,0,1,0,0,441,14
8.170000076293945,2.100468873977661,0,0,36,3,1,0,0,0,1,1,0,0,0,1296,13
4.050000190734863,1.398716926574707,0,1,16,4,0,1,0,1,1,0,0,1,1,256,12
7.809999942779541,2.0554049015045166,0,0,36,3,1,0,0,0,1,0,1,0,0,1296,10
2.559999942779541,0.940007209777832,0,0,18,3,0,1,0,0,1,0,0,0,0,324,13
12.979999542236328,2.5634095668792725,0,1,11,4,0,1,0,0,0,1,0,0,0,121,16
41.66999816894531,3.72978138923645,0,1,16,4,0,0,0,0,1,0,0,1,0,256,13
4.809999942779541,1.5706970691680908,0,1,12,4,0,1,0,1,1,0,0,0,0,144,13
1.3200000524520874,0.2776317894458771,0,0,2,3,1,1,0,0,1,0,0,1,0,4,10
3.7100000381469727,1.3110319375991821,0,0,4,3,0,1,0,0,0,0,1,0,0,16,16
4.809999942779541,1.5706970691680908,0,0,21,3,1,1,0,0,1,0,1,0,1,441,16
4.679999828338623,1.5432981252670288,0,0,4,3,0,1,0,0,0,0,1,0,0,16,12
8.210000038146973,2.1053528785705566,1,0,32,2,1,1,0,1,0,1,0,0,1,1024,17
4.03000020980835,1.3937664031982422,0,0,7,3,0,1,0,1,0,0,1,0,0,49,16
4.809999942779541,1.5706970691680908,0,0,5,3,0,0,0,0,0,0,1,0,0,25,13
15.630000114440918,2.749192237854004,0,0,23,3,0,1,0,0,1,1,1,0,0,529,16
7.690000057220459,2.0399208068847656,0,0,23,3,1,1,0,0,1,0,1,0,0,529,5
7.170000076293945,1.9699056148529053,0,0,14,3,0,1,0,0,1,0,0,1,0,196,13
8.079999923706055,2.0893919467926025,0,1,13,4,0,1,0,0,1,0,0,1,0,169,16
9.029999732971191,2.200552225112915,0,0,28,3,0,1,0,0,1,0,0,1,0,784,13
6.75,1.9095425605773926,0,1,35,4,0,1,0,0,1,0,1,0,0,1225,14
8.4399995803833,2.1329822540283203,0,1,16,4,0,1,0,0,1,0,0,0,0,256,13
6.0,1.7917594909667969,0,1,12,4,0,1,0,0,1,0,0,0,1,144,17
6.150000095367432,1.816452145576477,0,0,7,3,0,1,0,0,1,1,0,0,1,49,17
4.099999904632568,1.4109869003295898,0,0,25,3,0,1,0,0,1,0,0,1,1,625,12
14.170000076293945,2.6511270999908447,0,0,22,3,1,1,0,0,1,1,0,1,0,484,13
6.409999847412109,1.8578592538833618,0,0,22,3,0,1,0,0,1,0,0,1,1,484,17
31.09000015258789,3.4368863105773926,0,0,32,3,0,0,0,0,1,0,0,1,0,1024,13
10.289999961853027,2.331172466278076,0,1,35,4,0,1,0,0,1,1,0,1,1,1225,13
5.059999942779541,1.6213665008544922,0,0,28,3,0,1,0,0,1,0,1,0,0,784,12
6.369999885559082,1.8515994548797607,0,0,18,3,0,1,0,0,1,1,0,1,0,324,13
2.9800000190734863,1.0919233560562134,0,0,11,3,0,1,0,1,0,0,0,1,0,121,17
13.279999732971191,2.586259126663208,0,0,40,3,0,1,0,0,1,0,1,0,0,1600,13
4.199999809265137,1.4350844621658325,1,0,10,2,0,1,0,0,1,1,0,0,0,100,13
8.920000076293945,2.188295841217041,0,0,40,3,0,1,0,0,1,1,0,1,1,1600,12
2.630000114440918,0.9669839143753052,0,0,7,3,0,1,0,1,1,0,0,0,0,49,16
26.239999771118164,3.267284870147705,0,0,24,3,0,1,0,0,1,0,1,0,0,576,12
7.539999961853027,2.0202221870422363,0,1,36,4,0,1,0,0,0,0,0,0,0,1296,12
8.649999618530273,2.157559394836426,0,0,34,3,0,1,0,0,1,0,0,1,1,1156,13
20.989999771118164,3.04404616355896,0,0,44,3,0,1,0,0,1,1,1,0,0,1936,16
10.260000228881836,2.3282527923583984,0,0,44,3,0,1,0,0,1,0,0,1,1,1936,13
8.550000190734863,2.1459312438964844,0,0,30,3,0,1,0,0,1,0,1,0,0,900,16
2.0799999237060547,0.7323678731918335,0,1,23,4,0,1,0,0,1,0,1,0,0,529,12
3.0,1.0986123085021973,0,0,5,3,0,0,0,0,0,1,0,0,0,25,13
6.010000228881836,1.7934248447418213,0,1,25,4,0,1,0,0,1,1,0,1,1,625,16
10.050000190734863,2.307572603225708,0,1,14,4,0,1,0,0,0,1,0,1,0,196,13
5.730000019073486,1.7457154989242554,0,0,5,3,0,1,0,0,1,0,0,1,0,25,12
5.929999828338623,1.7800241708755493,0,0,20,3,0,1,0,0,1,0,0,0,0,400,12
4.489999771118164,1.5018526315689087,1,0,1,2,0,1,0,0,0,0,0,1,0,1,10
5.659999847412109,1.7334238290786743,0,1,13,4,0,1,0,0,0,0,1,0,0,169,16
10.1899995803833,2.321406841278076,0,1,15,4,0,1,0,0,1,1,0,0,0,225,12
20.989999771118164,3.04404616355896,0,0,35,3,0,1,0,0,1,0,0,0,0,1225,12
9.050000190734863,2.2027647495269775,0,1,20,4,0,1,0,0,1,0,0,1,0,400,12
3.9200000762939453,1.3660917282104492,0,1,12,5,0,1,0,0,1,0,0,1,1,144,12
4.28000020980835,1.4539530277252197,0,1,7,4,0,1,0,1,0,0,0,0,1,49,16
2.75,1.0116009712219238,0,0,7,3,0,1,0,1,0,0,0,1,0,49,16
2.880000114440918,1.0577902793884277,0,1,32,4,0,1,0,0,1,0,1,0,0,1024,12
6.409999847412109,1.8578592538833618,0,0,13,3,0,1,0,0,1,1,0,1,0,169,13
7.690000057220459,2.0399208068847656,0,0,15,3,0,1,0,0,1,0,0,1,1,225,13
3.75,1.3217558860778809,0,0,33,3,0,0,0,1,0,0,0,0,1,1089,10
6.409999847412109,1.8578592538833618,0,0,48,3,0,1,0,0,1,0,0,1,0,2304,8
11.539999961853027,2.445819139480591,0,1,38,4,0,1,0,0,1,0,0,1,0,1444,16
11.399999618530273,2.4336133003234863,0,0,28,3,0,1,0,0,1,0,1,0,1,784,16
2.200000047683716,0.7884573936462402,0,1,18,4,0,1,0,1,1,1,0,0,0,324,13
1.649999976158142,0.5007752776145935,1,0,24,1,0,1,0,1,0,0,0,1,1,576,13
6.590000152587891,1.8855533599853516,0,0,27,3,0,1,0,0,0,0,0,1,1,729,12
11.0600004196167,2.4033350944519043,0,0,24,3,0,1,0,0,1,0,0,0,0,576,5
1.6299999952316284,0.48858001828193665,0,0,16,3,0,1,0,0,1,1,0,1,1,256,10
3.5799999237060547,1.2753627300262451,0,0,44,3,0,1,0,1,1,0,0,0,0,1936,12
12.3100004196167,2.5104119777679443,0,1,14,4,0,1,0,0,1,0,0,1,0,196,16
6.659999847412109,1.896119475364685,0,0,16,3,0,1,0,0,1,0,1,0,0,256,12
10.529999732971191,2.3542282581329346,0,0,18,3,0,1,0,1,1,0,0,0,1,324,16
1.9199999570846558,0.6523251533508301,1,0,18,2,0,1,0,1,1,0,0,0,1,324,13
19.229999542236328,2.9564714431762695,0,1,15,4,0,1,0,0,1,0,1,0,0,225,13
7.210000038146973,1.9754689931869507,0,1,41,4,0,1,0,0,1,0,1,0,0,1681,12
25.639999389648438,3.2441534996032715,0,0,28,3,0,1,0,0,1,0,1,0,0,784,16
3.8499999046325684,1.348073124885559,0,0,24,3,0,1,0,0,1,0,0,1,0,576,12
10.989999771118164,2.3969857692718506,0,0,13,3,0,1,0,0,1,0,0,1,0,169,12
10.020000457763672,2.3045830726623535,0,0,22,3,0,1,0,0,1,0,1,0,0,484,13
5.309999942779541,1.6695917844772339,0,1,18,4,0,1,0,0,1,0,0,1,0,324,13
7.190000057220459,1.9726911783218384,0,0,40,3,0,1,0,0,1,1,0,1,0,1600,13
3.819999933242798,1.3402503728866577,0,1,17,4,0,1,0,0,1,0,0,0,0,289,13
9.619999885559082,2.2638442516326904,0,0,17,3,0,1,0,0,1,0,0,1,0,289,12
9.619999885559082,2.2638442516326904,0,1,20,4,0,1,0,0,1,0,0,0,0,400,16
3.8499999046325684,1.348073124885559,0,1,30,4,0,1,0,0,1,0,0,0,1,900,12
7.5,2.0149030685424805,0,0,30,3,0,1,0,0,1,0,0,1,0,900,12
6.920000076293945,1.9344158172607422,0,1,22,4,0,1,0,0,1,0,0,1,1,484,12
7.690000057220459,2.0399208068847656,0,1,7,4,0,1,0,0,1,0,0,1,0,49,12
9.229999542236328,2.222459077835083,0,0,23,3,0,1,0,0,0,1,0,1,0,529,14
1.2699999809265137,0.23901689052581787,0,0,8,3,0,1,0,1,1,0,0,1,0,64,13
4.820000171661377,1.5727739334106445,0,1,31,4,0,1,0,0,1,0,0,0,0,961,10
6.75,1.9095425605773926,0,0,30,3,0,1,0,0,1,0,0,1,0,900,12
8.550000190734863,2.1459312438964844,1,0,26,2,0,1,0,0,0,1,0,0,0,676,13
6.409999847412109,1.8578592538833618,0,1,24,4,1,1,0,0,1,0,1,0,0,576,12
7.440000057220459,2.006870746612549,0,0,12,3,1,1,0,0,1,0,0,1,0,144,13
1.3200000524520874,0.2776317894458771,0,0,37,3,0,1,0,1,1,0,0,1,0,1369,12
4.809999942779541,1.5706970691680908,0,1,16,4,0,1,0,1,0,0,0,0,0,256,14
14.350000381469727,2.663749933242798,0,0,23,3,0,1,0,0,1,0,0,1,1,529,16
2.4000000953674316,0.8754687905311584,1,0,9,2,0,1,0,0,1,0,0,0,0,81,10
3.0799999237060547,1.1249295473098755,1,0,14,2,0,1,0,0,1,0,0,1,1,196,14
10.65999984741211,2.3664984703063965,0,1,8,5,0,1,0,0,0,0,0,0,0,64,13
7.690000057220459,2.0399208068847656,1,0,41,2,0,1,0,0,1,0,0,1,0,1681,16
2.5399999618530273,0.9321640729904175,0,1,5,4,0,1,0,0,0,0,0,1,0,25,13
6.380000114440918,1.8531681299209595,0,0,30,3,0,1,0,0,1,0,0,0,0,900,12
4.809999942779541,1.5706970691680908,0,1,12,4,0,1,0,0,1,0,1,0,1,144,17
3.819999933242798,1.3402503728866577,0,0,24,3,0,1,0,1,0,0,0,1,0,576,12
7.400000095367432,2.0014801025390625,0,0,19,3,0,1,0,0,1,0,1,0,0,361,13
7.690000057220459,2.0399208068847656,0,1,20,4,0,1,0,0,1,0,0,0,0,400,12
8.239999771118164,2.1090002059936523,1,0,23,2,0,1,0,1,1,1,1,0,1,529,14
2.630000114440918,0.9669839143753052,0,0,3,3,0,1,0,0,0,0,0,1,0,9,8
5.309999942779541,1.6695917844772339,0,1,20,4,0,1,0,0,1,0,0,0,0,400,13
3.0,1.0986123085021973,1,0,45,2,0,1,0,0,1,0,0,0,0,2025,5
5.699999809265137,1.7404661178588867,0,0,31,3,0,1,0,0,1,0,0,1,0,961,12
17.489999771118164,2.8616292476654053,0,1,23,4,0,1,0,0,1,0,0,0,0,529,13
3.890000104904175,1.3584091663360596,0,0,7,3,0,1,0,0,0,1,0,1,1,49,13
16.139999389648438,2.7813005447387695,0,0,23,3,1,1,0,0,1,0,0,0,0,529,10
18.31999969482422,2.9079933166503906,0,0,25,3,0,1,0,0,1,0,0,1,0,625,13
10.420000076293945,2.3437271118164062,0,0,28,3,1,0,0,0,1,0,0,1,0,784,8
24.729999542236328,3.208017110824585,0,0,36,3,0,1,0,0,1,0,1,0,0,1296,12
7.610000133514404,2.029463291168213,0,0,14,3,0,1,0,0,1,0,0,0,0,196,13
10.0,2.3025851249694824,0,1,41,4,0,1,0,0,1,0,0,1,0,1681,17
1.6799999475479126,0.5187937617301941,0,0,15,3,0,1,0,0,1,0,0,0,0,225,10
5.099999904632568,1.6292405128479004,0,1,34,4,0,0,1,0,1,0,0,1,1,1156,17
7.71999979019165,2.0438144207000732,0,0,20,3,0,1,0,0,1,0,0,1,0,400,16
13.460000038146973,2.599722385406494,0,1,20,4,0,1,0,0,1,1,1,0,0,400,16
17.479999542236328,2.8610572814941406,0,1,35,4,0,1,0,0,1,0,1,0,0,1225,17
1.9199999570846558,0.6523251533508301,0,0,25,3,0,1,1,0,1,0,0,0,0,625,10
5.090000152587891,1.6272778511047363,0,1,38,4,0,1,0,0,1,0,0,1,0,1444,13
6.369999885559082,1.8515994548797607,0,0,16,3,0,1,0,1,0,0,1,0,0,256,17
5.449999809265137,1.695615530014038,1,0,6,2,0,1,0,0,0,0,1,0,0,36,16
3.819999933242798,1.3402503728866577,0,0,14,3,0,1,0,0,1,0,0,0,0,196,13
20.860000610351562,3.0378334522247314,0,1,34,4,0,1,0,0,1,0,0,1,0,1156,8
6.199999809265137,1.8245493173599243,0,1,8,4,0,1,0,0,0,0,0,1,1,64,17
26.219999313354492,3.2665224075317383,0,0,17,3,0,1,0,0,1,0,1,0,1,289,17
2.5,0.9162907600402832,0,0,27,3,0,1,0,0,1,0,0,1,1,729,12
8.100000381469727,2.0918641090393066,0,0,13,3,0,1,0,0,0,1,0,1,0,169,13
6.210000038146973,1.8261609077453613,0,0,42,3,0,1,0,0,1,0,0,1,0,1764,12
5.239999771118164,1.656321406364441,0,1,11,4,0,1,0,0,1,0,0,1,0,121,16
5.570000171661377,1.7173950672149658,0,1,12,4,0,1,0,0,1,0,0,0,0,144,12
7.599999904632568,2.0281481742858887,0,1,43,4,0,1,0,0,1,0,0,1,0,1849,12
17.489999771118164,2.8616292476654053,0,0,18,3,0,1,0,0,1,0,0,1,0,324,16
10.100000381469727,2.312535524368286,0,0,17,3,0,1,0,0,0,0,0,1,0,289,16
4.329999923706055,1.4655674695968628,1,0,4,2,0,1,0,0,0,1,0,1,0,16,13
5.380000114440918,1.6826883554458618,0,1,40,4,0,1,0,0,1,0,0,0,0,1600,12
5.699999809265137,1.7404661178588867,0,1,14,4,0,1,0,0,1,0,0,1,0,196,16
15.729999542236328,2.7555696964263916,0,0,32,3,0,1,0,0,1,0,1,0,0,1024,12
3.1600000858306885,1.1505720615386963,0,0,13,3,0,1,0,1,1,0,0,1,1,169,12
7.630000114440918,2.032087802886963,0,0,34,3,1,0,0,0,0,0,0,1,0,1156,13
7.690000057220459,2.0399208068847656,0,0,10,3,0,1,0,0,0,1,1,0,0,100,16
3.569999933242798,1.2725656032562256,0,0,25,3,0,1,0,0,0,0,0,1,0,625,10
5.920000076293945,1.7783364057540894,0,1,11,4,0,1,0,0,1,0,1,0,0,121,13
13.119999885559082,2.5741376876831055,0,0,40,3,0,1,0,0,1,0,0,1,0,1600,13
38.86000061035156,3.6599655151367188,0,0,29,3,0,1,0,0,1,0,0,1,0,841,13
1.9199999570846558,0.6523251533508301,0,0,30,3,0,0,0,1,0,0,0,1,0,900,13
10.119999885559082,2.314513683319092,0,0,20,3,1,1,0,0,1,0,0,1,0,400,16
12.819999694824219,2.551006317138672,0,1,12,4,0,1,0,0,1,1,0,0,0,144,16
5.489999771118164,1.7029281854629517,0,1,20,4,0,1,0,1,0,0,0,1,0,400,13
14.789999961853027,2.693951368331909,0,0,29,3,0,1,0,0,1,0,0,1,0,841,17
10.1899995803833,2.321406841278076,1,0,15,2,0,1,0,0,1,1,0,1,0,225,17
2.109999895095825,0.7466878890991211,0,0,37,3,1,1,0,1,0,0,1,0,0,1369,10
9.279999732971191,2.2278614044189453,0,0,11,3,0,1,0,0,0,0,1,0,0,121,13
5.329999923706055,1.6733511686325073,0,1,19,4,0,1,0,0,1,0,0,1,0,361,13
9.130000114440918,2.2115657329559326,0,0,13,3,0,1,0,0,1,0,0,1,0,169,13
9.890000343322754,2.2915241718292236,0,0,41,3,0,1,0,0,1,0,0,1,0,1681,10
6.369999885559082,1.8515994548797607,0,0,11,3,0,1,0,0,1,0,0,1,0,121,10
4.0,1.3862943649291992,0,0,26,3,0,1,0,1,0,0,0,1,0,676,12
5.090000152587891,1.6272778511047363,0,1,7,4,0,1,0,0,1,1,0,1,0,49,13
5.130000114440918,1.6351057291030884,0,1,21,4,0,1,0,0,1,1,0,0,0,441,12
2.4700000286102295,0.9042181372642517,0,1,1,4,0,1,0,1,0,1,0,1,0,1,16
3.2899999618530273,1.1908875703811646,0,0,26,3,0,1,0,1,1,0,1,0,0,676,10
3.950000047683716,1.3737156391143799,0,0,1,3,0,1,0,1,0,1,1,0,0,1,12
3.0399999618530273,1.111857533454895,0,0,12,3,0,1,0,1,1,0,0,1,0,144,12
2.2699999809265137,0.8197798132896423,1,0,3,2,0,1,0,1,1,0,0,0,0,9,12
3.3399999141693115,1.2059707641601562,0,0,5,3,0,1,0,1,1,0,1,0,0,25,12
4.900000095367432,1.5892351865768433,1,0,5,2,1,1,0,0,0,0,0,1,0,25,13
7.210000038146973,1.9754689931869507,0,0,6,3,0,1,0,0,1,1,0,1,0,36,14
3.440000057220459,1.235471487045288,0,1,1,4,0,1,0,0,0,0,0,0,0,1,12
2.4000000953674316,0.8754687905311584,0,1,6,4,0,1,0,1,1,0,0,0,0,36,12
8.260000228881836,2.111424684524536,0,0,38,3,0,1,0,0,1,0,1,0,0,1444,12
10.680000305175781,2.368372917175293,0,0,38,3,0,1,0,0,1,0,0,1,0,1444,12
4.619999885559082,1.5303946733474731,0,0,37,3,0,1,0,0,1,0,0,0,0,1369,13
7.550000190734863,2.021547555923462,0,1,26,4,0,1,0,0,1,0,0,1,0,676,13
6.75,1.9095425605773926,0,0,42,3,0,0,0,0,1,0,0,0,0,1764,13
7.690000057220459,2.0399208068847656,0,0,42,3,0,1,0,0,1,1,0,1,0,1764,12
7.25,1.9810014963150024,0,0,10,3,0,1,0,0,1,0,0,1,0,100,14
8.739999771118164,2.167910099029541,0,1,16,4,0,1,0,0,1,0,0,1,0,256,12
4.619999885559082,1.5303946733474731,1,0,34,2,0,1,0,0,1,1,0,1,0,1156,13
3.3299999237060547,1.2029722929000854,1,0,17,2,0,1,0,0,0,0,0,0,0,289,12
4.809999942779541,1.5706970691680908,0,0,12,3,0,1,0,1,0,0,0,1,0,144,12
4.579999923706055,1.5216989517211914,0,0,24,3,0,1,0,0,1,0,0,1,0,576,12
4.090000152587891,1.4085450172424316,0,0,3,3,0,1,0,1,1,0,0,1,0,9,13
1.8300000429153442,0.604315996170044,0,1,3,4,0,0,0,1,0,0,0,0,0,9,13
3.3299999237060547,1.2029722929000854,0,0,14,3,0,1,0,0,1,0,0,1,0,196,10
4.71999979019165,1.5518087148666382,0,0,3,3,0,0,0,1,0,0,0,0,0,9,12
3.059999942779541,1.1184148788452148,0,1,32,4,0,1,0,0,1,0,0,0,0,1024,12
4.949999809265137,1.599387526512146,0,1,9,4,0,1,0,0,1,1,0,1,0,81,13
11.539999961853027,2.445819139480591,0,0,34,3,0,1,0,0,1,1,0,1,0,1156,13
5.630000114440918,1.7281094789505005,0,0,5,3,0,1,0,0,1,0,0,1,0,25,14
4.050000190734863,1.398716926574707,1,0,10,2,0,1,0,1,1,0,0,1,0,100,12
1.159999966621399,0.14841997623443604,0,1,2,4,0,1,0,1,0,1,0,1,0,4,13
4.099999904632568,1.4109869003295898,0,0,34,3,0,1,0,1,1,0,1,0,0,1156,8
2.4600000381469727,0.9001613855361938,0,0,17,3,0,1,0,1,1,0,0,0,0,289,12
4.110000133514404,1.4134230613708496,0,1,10,4,0,1,0,1,0,0,1,0,1,100,12
6.110000133514404,1.8099267482757568,0,0,44,3,0,1,0,1,1,0,0,0,0,1936,13
4.46999979019165,1.4973883628845215,0,1,11,4,0,1,0,1,1,0,0,1,0,121,12
4.619999885559082,1.5303946733474731,0,1,3,4,0,1,0,1,0,0,1,0,0,9,12
1.2799999713897705,0.2468600571155548,0,0,2,3,0,1,0,1,1,0,0,0,1,4,13
4.400000095367432,1.4816045761108398,0,1,25,4,0,1,0,1,0,0,0,0,0,625,12
1.2699999809265137,0.23901689052581787,0,0,12,3,0,1,0,1,1,0,0,1,1,144,12
3.950000047683716,1.3737156391143799,0,1,10,4,0,1,0,1,0,0,0,0,0,100,12
3.640000104904175,1.291983723640442,0,0,8,3,0,0,0,0,0,1,0,1,0,64,12
3.75,1.3217558860778809,0,1,5,4,0,1,0,1,0,0,0,1,0,25,14
3.2100000381469727,1.1662709712982178,0,1,12,4,0,1,0,1,0,0,0,1,0,144,13
2.630000114440918,0.9669839143753052,0,0,6,3,0,1,0,1,1,0,0,1,1,36,13
5.639999866485596,1.7298840284347534,0,0,9,3,0,1,0,0,1,0,0,0,0,81,16
3.0,1.0986123085021973,0,1,2,4,0,1,0,1,0,0,1,0,0,4,12
1.9800000190734863,0.6830968260765076,0,1,7,4,0,1,0,1,1,0,0,0,0,49,12
4.809999942779541,1.5706970691680908,0,0,26,3,0,1,0,1,0,0,0,0,0,676,12
2.630000114440918,0.9669839143753052,0,1,13,4,0,1,0,1,1,0,0,1,1,169,13
3.1600000858306885,1.1505720615386963,0,0,27,3,0,1,0,1,1,0,0,1,0,729,12
6.269999980926514,1.8357763290405273,0,0,3,3,1,1,0,0,0,1,1,0,1,9,13
4.050000190734863,1.398716926574707,0,0,8,3,0,1,0,1,0,0,0,1,0,64,13
1.9800000190734863,0.6830968260765076,0,0,8,3,0,1,0,1,1,0,0,1,0,64,16
2.180000066757202,0.7793248891830444,0,1,2,4,0,1,0,1,1,0,0,1,0,4,12
2.630000114440918,0.9669839143753052,0,1,4,4,0,1,0,1,1,0,0,0,0,16,12
2.430000066757202,0.8878912925720215,0,1,1,4,0,1,0,1,0,0,0,1,0,1,10
1.9800000190734863,0.6830968260765076,0,1,4,4,0,1,0,1,0,1,0,0,0,16,12
4.090000152587891,1.4085450172424316,0,1,5,4,0,1,0,1,1,1,0,0,0,25,12
2.5,0.9162907600402832,0,0,12,3,0,1,0,1,0,0,0,1,1,144,12
2.509999990463257,0.9202827215194702,0,1,4,5,0,1,0,1,0,0,1,0,0,16,12
3.8499999046325684,1.348073124885559,0,1,7,4,1,1,0,1,0,0,0,1,0,49,10
5.130000114440918,1.6351057291030884,0,1,5,4,0,1,0,0,0,1,0,1,0,25,12
4.809999942779541,1.5706970691680908,0,0,5,3,0,1,0,1,0,0,0,1,0,25,12
4.809999942779541,1.5706970691680908,0,1,3,4,0,1,0,0,0,0,0,1,1,9,13
7.070000171661377,1.9558604955673218,0,0,8,3,1,1,1,1,0,0,1,0,0,64,13
2.309999942779541,0.8372474908828735,0,1,3,4,0,1,0,1,0,0,0,1,1,9,13
3.890000104904175,1.3584091663360596,0,1,4,4,0,1,1,1,0,1,1,0,0,16,16
1.9800000190734863,0.6830968260765076,1,0,25,2,0,1,0,1,0,0,1,0,0,625,12
3.75,1.3217558860778809,0,1,31,4,0,0,0,1,0,0,1,0,0,961,12
1.25,0.2231435477733612,0,1,5,4,0,1,0,1,1,0,0,0,0,25,12
7.630000114440918,2.032087802886963,0,1,11,4,0,1,0,0,0,0,0,0,1,121,16
6.539999961853027,1.8779371976852417,0,0,8,3,0,1,1,1,0,1,0,1,0,64,13
13.130000114440918,2.574899673461914,0,0,24,3,0,1,0,0,1,1,0,1,0,576,16
4.400000095367432,1.4816045761108398,0,1,3,5,0,1,0,1,0,0,0,1,0,9,13
7.690000057220459,2.0399208068847656,0,0,16,3,0,1,1,1,1,0,0,1,0,256,13
3.8499999046325684,1.348073124885559,0,0,7,3,0,1,0,0,1,0,0,1,0,49,10
7.690000057220459,2.0399208068847656,0,0,25,3,0,1,0,0,1,0,0,1,0,625,12
5.0,1.6094379425048828,0,0,19,3,0,1,0,0,0,1,0,1,0,361,13
8.9399995803833,2.190535545349121,0,0,31,3,1,1,0,0,1,0,0,1,0,961,10
5.090000152587891,1.6272778511047363,0,1,7,5,0,1,0,1,0,0,1,0,0,49,17
3.1600000858306885,1.1505720615386963,0,0,1,3,0,1,1,1,0,0,1,0,1,1,12
10.579999923706055,2.3589653968811035,0,0,21,3,0,1,0,0,1,0,0,1,0,441,13
6.869999885559082,1.927164077758789,0,0,5,3,0,0,1,1,1,0,1,0,0,25,12
2.140000104904175,0.7608059048652649,0,1,4,4,0,1,1,1,0,0,1,0,0,16,13
5.130000114440918,1.6351057291030884,0,1,15,4,0,1,0,1,0,0,1,0,0,225,16
1.9500000476837158,0.6678293943405151,1,0,10,2,1,1,0,1,1,0,0,1,1,100,13
1.9199999570846558,0.6523251533508301,0,1,8,4,0,1,0,1,1,0,0,0,1,64,12
2.6500000953674316,0.9745596647262573,0,0,18,3,0,1,0,1,1,0,0,1,1,324,13
2.619999885559082,0.9631742835044861,0,0,10,3,1,1,0,1,1,1,0,0,1,100,17
7.909999847412109,2.0681278705596924,0,1,6,4,1,1,0,1,0,0,0,1,0,36,13
8.550000190734863,2.1459312438964844,0,1,30,4,1,1,0,0,1,1,0,0,0,900,12
8.4399995803833,2.1329822540283203,0,1,19,4,1,1,0,1,0,0,1,0,0,361,13
7.960000038146973,2.0744290351867676,0,0,30,3,1,1,0,0,1,0,0,0,0,900,12
7.210000038146973,1.9754689931869507,0,1,38,4,0,0,1,0,0,0,1,0,0,1444,12
4.670000076293945,1.5411590337753296,0,0,4,3,0,1,0,0,0,0,1,0,0,16,10
4.28000020980835,1.4539530277252197,0,1,7,4,0,1,0,1,0,0,0,1,1,49,13
3.609999895095825,1.2837077379226685,0,0,4,3,0,1,0,1,0,1,0,1,0,16,13
1.9199999570846558,0.6523251533508301,0,0,2,3,0,1,0,1,0,0,0,1,0,4,14
1.6799999475479126,0.5187937617301941,0,0,5,3,0,1,0,1,1,0,0,0,0,25,13
4.460000038146973,1.495148777961731,0,0,21,3,0,1,0,1,1,0,0,1,0,441,12
2.109999895095825,0.7466878890991211,0,1,12,4,0,1,0,1,0,1,0,1,0,144,13
3.809999942779541,1.3376291990280151,0,1,4,5,0,1,0,0,1,0,0,1,0,16,12
6.25,1.8325815200805664,0,1,11,4,0,1,0,1,1,0,0,1,0,121,12
3.0799999237060547,1.1249295473098755,0,0,5,3,0,1,1,1,0,0,0,1,0,25,13
5.389999866485596,1.6845453977584839,0,0,45,3,0,0,0,0,1,0,0,1,0,2025,10
7.329999923706055,1.9919755458831787,0,1,31,4,1,0,0,0,1,0,0,0,0,961,13
4.920000076293945,1.5933085680007935,0,0,38,3,1,0,1,1,0,1,1,0,0,1444,12
9.890000343322754,2.2915241718292236,0,0,35,3,1,1,1,0,0,0,1,0,0,1225,10
2.9800000190734863,1.0919233560562134,0,0,12,3,0,1,0,1,1,0,0,1,0,144,12
2.9200000762939453,1.07158362865448,0,1,12,4,0,1,0,1,0,0,0,0,1,144,12
4.170000076293945,1.4279160499572754,0,1,34,4,0,1,0,1,1,0,0,1,1,1156,12
3.3399999141693115,1.2059707641601562,1,0,20,2,0,1,1,1,0,0,0,1,0,400,13
2.259999990463257,0.8153648376464844,0,1,3,4,0,1,0,1,0,0,0,0,0,9,14
10.119999885559082,2.314513683319092,0,0,18,3,0,1,0,1,0,0,0,1,1,324,13
6.349999904632568,1.8484548330307007,0,0,20,3,0,1,0,1,1,0,0,1,0,400,12
7.800000190734863,2.054123640060425,0,0,6,3,0,1,1,1,0,0,1,0,1,36,13
3.75,1.3217558860778809,0,1,9,4,0,1,0,1,0,0,0,1,0,81,12
3.5899999141693115,1.2781522274017334,0,1,3,4,0,1,0,1,1,0,0,1,0,9,12
4.519999980926514,1.508512020111084,0,0,7,3,0,1,0,1,0,0,0,1,0,49,13
4.46999979019165,1.4973883628845215,0,0,12,3,0,1,0,1,1,0,0,1,0,144,12
5.289999961853027,1.665818214416504,0,1,12,4,0,1,0,1,0,0,0,1,1,144,12
5.289999961853027,1.665818214416504,0,1,10,4,0,1,0,1,0,1,0,1,1,100,13
4.809999942779541,1.5706970691680908,0,1,9,4,0,1,0,1,0,0,0,1,0,81,13
1.9800000190734863,0.6830968260765076,1,0,3,2,0,1,0,1,1,0,0,0,1,9,14
3.1700000762939453,1.1537315845489502,0,0,2,3,0,1,0,1,0,0,0,0,0,4,13
2.880000114440918,1.0577902793884277,0,1,40,4,0,1,0,1,1,0,1,0,1,1600,12
3.4700000286102295,1.2441545724868774,0,0,5,3,0,1,0,1,1,0,0,0,1,25,13
3.9200000762939453,1.3660917282104492,1,0,15,2,0,1,0,1,1,0,0,0,0,225,12
3.4600000381469727,1.2412686347961426,0,1,13,4,0,1,0,1,1,1,1,0,1,169,17
4.949999809265137,1.599387526512146,0,1,10,5,0,1,1,1,0,0,1,0,0,100,14
2.180000066757202,0.7793248891830444,0,0,2,3,0,1,0,1,0,0,0,0,0,4,12
4.099999904632568,1.4109869003295898,0,1,23,4,0,1,0,1,0,0,0,1,0,529,12
2.619999885559082,0.9631742835044861,0,0,15,3,0,1,0,1,0,0,0,0,1,225,12
6.590000152587891,1.8855533599853516,0,0,30,3,0,1,0,1,0,0,0,1,0,900,13
3.9600000381469727,1.376244068145752,1,0,15,2,0,1,0,1,1,0,1,0,0,225,12
4.809999942779541,1.5706970691680908,0,0,11,3,0,1,0,1,0,0,0,1,0,121,13
3.75,1.3217558860778809,0,0,27,3,0,1,0,1,0,0,0,1,1,729,12
7.340000152587891,1.9933388233184814,0,0,9,3,1,1,0,1,0,0,1,0,0,81,12
2.930000066757202,1.0750024318695068,0,1,1,4,0,1,0,1,0,0,0,0,1,1,12
3.4700000286102295,1.2441545724868774,0,0,15,3,0,1,0,1,0,0,0,1,1,225,12
5.639999866485596,1.7298840284347534,0,0,16,3,0,1,0,1,1,0,0,1,1,256,12
3.75,1.3217558860778809,0,0,3,3,0,1,0,1,0,0,0,0,1,9,13
5.449999809265137,1.695615530014038,0,1,19,4,0,1,0,1,0,0,0,1,1,361,17
4.090000152587891,1.4085450172424316,0,1,18,4,0,0,0,1,0,1,1,0,0,324,13
3.75,1.3217558860778809,0,0,4,3,0,1,0,1,1,0,0,1,0,16,12
6.730000019073486,1.9065752029418945,0,1,14,4,0,1,0,1,1,0,0,1,0,196,12
3.2799999713897705,1.1878434419631958,0,0,8,3,1,1,0,1,1,0,0,1,1,64,13
3.569999933242798,1.2725656032562256,0,1,10,4,0,1,0,1,0,0,0,1,0,100,12
6.010000228881836,1.7934248447418213,0,0,33,3,0,1,0,0,1,0,1,0,0,1089,12
4.619999885559082,1.5303946733474731,0,0,9,3,0,1,0,0,1,0,0,1,0,81,10
6.840000152587891,1.9227877855300903,0,1,26,4,0,1,0,0,1,0,1,0,0,676,12
6.409999847412109,1.8578592538833618,0,0,15,3,0,1,0,1,1,0,0,0,0,225,10
3.440000057220459,1.235471487045288,1,0,31,2,0,1,0,0,1,0,0,1,0,961,12
3.8499999046325684,1.348073124885559,0,0,22,3,1,1,0,0,1,1,0,1,0,484,10
7.150000095367432,1.967112421989441,0,1,30,4,1,1,0,1,0,0,1,0,0,900,12
4.050000190734863,1.398716926574707,0,0,3,3,0,1,1,1,0,1,1,0,0,9,12
2.9100000858306885,1.0681531429290771,0,1,4,4,0,1,0,0,0,0,0,1,0,16,14
1.9199999570846558,0.6523251533508301,0,0,4,3,0,0,0,1,0,1,0,1,0,16,12
4.420000076293945,1.4861396551132202,0,0,9,3,0,1,0,0,0,0,0,1,0,81,12
8.489999771118164,2.1388890743255615,0,0,7,3,1,1,0,0,0,0,1,0,0,49,14
4.28000020980835,1.4539530277252197,0,0,3,3,1,1,1,0,0,1,1,0,0,9,13
3.3299999237060547,1.2029722929000854,0,1,5,4,0,1,0,0,1,0,1,0,1,25,12
8.460000038146973,2.1353492736816406,0,0,48,3,0,1,0,0,1,0,1,0,0,2304,13
8.649999618530273,2.157559394836426,0,0,3,3,0,1,0,1,0,0,0,1,0,9,12
1.159999966621399,0.14841997623443604,0,0,5,3,0,1,0,1,1,1,0,1,1,25,10
1.9800000190734863,0.6830968260765076,0,0,5,3,0,1,1,1,1,0,0,1,1,25,13
2.569999933242798,0.9439058899879456,0,0,3,3,0,1,0,1,1,0,0,1,1,9,12
2.5799999237060547,0.9477893710136414,0,1,6,4,0,1,1,1,0,0,0,1,1,36,12
2.509999990463257,0.9202827215194702,0,1,10,4,0,1,0,1,1,0,0,0,1,100,12
77.72000122070312,4.353112697601318,0,1,9,4,1,1,1,1,1,0,1,0,1,81,13
4.329999923706055,1.4655674695968628,0,1,26,4,1,1,0,1,1,1,0,1,0,676,12
4.090000152587891,1.4085450172424316,0,0,33,3,1,1,0,0,1,0,0,1,0,1089,8
5.730000019073486,1.7457154989242554,0,0,12,3,1,1,0,1,0,1,1,0,0,144,12
4.809999942779541,1.5706970691680908,0,0,11,3,1,1,0,1,0,0,0,0,0,121,12
7.690000057220459,2.0399208068847656,0,1,10,4,0,1,0,1,0,0,0,1,0,100,12
5.730000019073486,1.7457154989242554,0,0,9,3,1,1,0,1,0,0,0,1,0,81,12
5.880000114440918,1.7715567350387573,0,0,17,3,1,1,0,1,0,0,0,1,0,289,12
4.269999980926514,1.4516137838363647,0,0,37,3,0,1,0,0,1,0,0,0,0,1369,13
9.619999885559082,2.2638442516326904,0,1,28,4,0,1,0,0,0,0,0,0,0,784,16
9.359999656677246,2.236445188522339,0,0,16,3,0,1,0,0,0,0,0,1,0,256,12
3.950000047683716,1.3737156391143799,0,1,2,5,0,1,0,1,0,0,0,1,0,4,12
5.730000019073486,1.7457154989242554,0,0,34,3,1,1,0,1,1,0,0,0,0,1156,12
2.5999999046325684,0.9555113911628723,0,0,7,3,0,1,0,1,0,1,0,1,0,49,12
3.75,1.3217558860778809,0,1,4,4,0,1,0,1,0,0,0,0,0,16,12
5.610000133514404,1.724550724029541,0,1,12,4,0,1,0,1,1,0,0,1,1,144,14
5.730000019073486,1.7457154989242554,0,0,20,3,0,1,0,1,1,1,0,1,0,400,13
3.8499999046325684,1.348073124885559,0,0,17,3,0,1,0,1,1,1,0,1,0,289,12
2.880000114440918,1.0577902793884277,1,0,0,2,0,1,0,1,0,0,0,1,1,0,12
2.75,1.0116009712219238,0,1,7,4,0,1,0,1,0,0,0,1,0,49,12
11.569999694824219,2.448415517807007,0,1,13,4,0,1,0,0,0,1,1,0,0,169,13
4.329999923706055,1.4655674695968628,0,0,4,3,0,1,1,1,0,0,1,0,1,16,13
2.75,1.0116009712219238,0,0,3,3,0,1,0,1,1,0,1,0,0,9,12
5.340000152587891,1.6752257347106934,0,0,5,3,0,1,0,1,0,0,0,1,0,25,10
6.559999942779541,1.8809906244277954,0,0,19,3,0,1,0,0,1,0,0,1,0,361,12
4.679999828338623,1.5432981252670288,0,0,12,3,0,1,0,0,1,0,1,0,0,144,13
1.9800000190734863,0.6830968260765076,1,0,10,2,0,1,0,1,1,0,0,0,0,100,12
7.960000038146973,2.0744290351867676,0,0,18,3,1,1,0,0,1,1,0,1,0,324,12
4.869999885559082,1.5830938816070557,1,0,18,2,0,1,0,1,1,0,1,0,0,324,13
3.1600000858306885,1.1505720615386963,0,0,44,3,1,1,0,1,1,0,0,0,0,1936,10
6.25,1.8325815200805664,0,0,5,3,0,1,0,0,0,0,0,1,0,25,12
3.0,1.0986123085021973,0,1,18,4,0,1,0,1,1,0,0,1,0,324,13
3.75,1.3217558860778809,0,1,12,4,1,1,0,1,0,1,0,1,0,144,12
3.75,1.3217558860778809,0,1,6,4,0,1,0,1,1,0,0,1,0,36,12
6.539999961853027,1.8779371976852417,0,1,13,4,0,1,1,1,0,1,1,0,1,169,13
4.190000057220459,1.432700753211975,0,0,10,3,0,1,0,0,1,0,1,0,0,100,13
5.369999885559082,1.6808278560638428,1,0,20,2,0,1,0,0,1,0,0,0,0,400,12
2.140000104904175,0.7608059048652649,0,1,32,5,0,1,0,1,0,0,0,0,1,1024,16
4.809999942779541,1.5706970691680908,0,0,32,3,0,1,0,1,1,0,1,0,0,1024,12
3.5299999713897705,1.2612978219985962,0,0,8,3,0,1,0,1,1,0,1,0,0,64,12
4.329999923706055,1.4655674695968628,0,0,25,3,0,1,0,1,0,0,0,1,1,625,12
6.130000114440918,1.813194751739502,0,0,18,3,1,1,0,0,1,0,0,1,0,324,12
8.789999961853027,2.173614740371704,1,0,31,2,1,0,0,0,1,0,1,0,1,961,12
8.210000038146973,2.1053528785705566,0,0,30,3,1,1,0,0,1,0,0,0,0,900,12
2.390000104904175,0.8712934255599976,0,0,8,3,0,1,0,0,1,0,0,0,0,64,10
4.579999923706055,1.5216989517211914,0,1,18,4,0,1,0,0,1,0,0,0,0,324,12
6.96999979019165,1.9416152238845825,0,0,16,3,0,1,0,0,1,0,1,0,0,256,13
10.119999885559082,2.314513683319092,0,0,29,3,1,1,0,0,1,0,0,0,0,841,12
3.75,1.3217558860778809,1,0,30,2,0,1,0,0,1,0,0,1,0,900,12
3.5199999809265137,1.2584609985351562,1,0,8,2,0,1,0,0,0,0,0,1,0,64,12
8.40999984741211,2.1294214725494385,0,0,22,3,0,1,0,0,1,0,0,0,0,484,10
7.960000038146973,2.0744290351867676,0,1,15,5,0,1,0,0,1,0,0,1,0,225,12
8.239999771118164,2.1090002059936523,1,0,20,2,1,1,0,0,1,0,1,0,0,400,12
3.2200000286102295,1.1693813800811768,0,0,18,3,0,1,0,0,1,0,0,0,0,324,12
7.960000038146973,2.0744290351867676,0,0,36,3,0,1,0,0,1,0,0,1,0,1296,8
8.649999618530273,2.157559394836426,0,1,11,4,1,1,0,0,0,0,1,0,0,121,12
4.269999980926514,1.4516137838363647,0,0,3,3,0,1,1,0,0,0,0,1,0,9,10
12.65999984741211,2.538447380065918,0,1,22,5,1,1,0,0,1,1,1,0,0,484,12
7.960000038146973,2.0744290351867676,0,0,16,3,1,1,0,0,1,0,0,0,0,256,10
3.490000009536743,1.2499017715454102,0,0,44,3,0,1,0,0,1,0,0,0,0,1936,10
10.119999885559082,2.314513683319092,1,0,20,2,0,1,0,0,0,0,0,1,0,400,13
3.0799999237060547,1.1249295473098755,0,1,5,4,0,1,0,0,1,1,0,1,0,25,13
7.960000038146973,2.0744290351867676,0,0,8,3,1,1,0,0,1,0,0,1,0,64,12
2.75,1.0116009712219238,0,1,2,4,0,1,0,0,0,0,1,0,0,4,12
3.390000104904175,1.220829963684082,0,0,10,3,0,1,0,0,1,0,0,1,0,100,10
5.489999771118164,1.7029281854629517,1,0,7,2,0,1,0,0,1,0,0,1,0,49,12
4.269999980926514,1.4516137838363647,0,0,11,3,0,1,0,0,1,0,0,1,0,121,12
5.710000038146973,1.7422189712524414,0,0,18,3,1,1,0,0,1,1,0,1,0,324,12
3.4600000381469727,1.2412686347961426,1,0,8,2,0,1,0,1,1,1,0,1,0,64,14
15.380000114440918,2.7330679893493652,0,0,37,3,0,1,0,0,1,0,0,1,0,1369,12
8.40999984741211,2.1294214725494385,0,0,12,3,0,1,0,0,0,0,0,1,0,144,13
10.119999885559082,2.314513683319092,0,0,11,3,0,1,0,0,1,1,0,1,0,121,12
3.8499999046325684,1.348073124885559,0,1,7,4,0,1,0,0,1,1,0,1,0,49,12
4.619999885559082,1.5303946733474731,0,1,23,4,0,1,0,0,1,0,0,0,1,529,12
3.4100000858306885,1.2267123460769653,0,0,5,3,0,1,0,0,1,0,0,0,1,25,12
10.579999923706055,2.3589653968811035,0,1,22,4,1,1,0,0,1,1,0,1,0,484,12
10.100000381469727,2.312535524368286,0,0,35,3,1,1,0,0,0,0,1,0,0,1225,13
7.960000038146973,2.0744290351867676,0,0,6,3,0,1,0,0,1,0,0,1,0,36,13
6.809999942779541,1.9183920621871948,0,1,14,4,0,1,0,0,1,0,1,0,0,196,8
7.210000038146973,1.9754689931869507,0,0,37,3,1,1,0,0,1,0,0,1,0,1369,12
6.409999847412109,1.8578592538833618,0,0,32,3,1,1,0,0,1,1,0,1,0,1024,8
4.769999980926514,1.562346339225769,0,0,30,3,1,1,0,0,1,0,0,0,0,900,10
6.050000190734863,1.8000582456588745,0,0,10,3,1,1,0,0,1,0,0,0,0,100,13
3.75,1.3217558860778809,1,0,9,2,1,1,0,0,1,0,0,0,0,81,10
9.15999984741211,2.214846134185791,0,0,14,3,1,1,0,0,1,1,0,1,0,196,13
3.3299999237060547,1.2029722929000854,0,0,19,3,0,1,0,0,1,0,0,0,0,361,10
4.769999980926514,1.562346339225769,0,0,6,3,1,1,0,0,1,0,0,1,0,36,14
5.789999961853027,1.7561322450637817,1,0,28,2,0,1,0,0,1,0,0,1,0,784,12
3.9600000381469727,1.376244068145752,0,0,10,3,0,1,0,1,0,0,1,0,0,100,16
6.409999847412109,1.8578592538833618,1,0,37,2,1,1,0,0,1,1,0,0,0,1369,12
5.550000190734863,1.713797926902771,0,0,41,3,1,1,0,0,1,0,0,0,0,1681,12
12.739999771118164,2.5447466373443604,0,0,18,3,1,0,0,0,1,1,0,0,0,324,10
7.690000057220459,2.0399208068847656,0,1,14,4,0,1,0,0,0,1,1,0,0,196,13
8.170000076293945,2.100468873977661,0,0,12,3,1,1,0,0,0,1,1,0,0,144,16
6.400000095367432,1.8562979698181152,0,0,26,3,0,1,0,0,1,0,0,1,0,676,12
3.569999933242798,1.2725656032562256,0,0,19,3,0,1,1,1,1,0,0,1,0,361,12
6.590000152587891,1.8855533599853516,0,1,22,4,0,1,0,0,0,0,0,0,0,484,10
7.690000057220459,2.0399208068847656,0,0,27,3,0,1,0,0,1,0,0,1,0,729,12
10.260000228881836,2.3282527923583984,0,0,27,3,0,1,1,0,0,0,0,0,0,729,12
7.079999923706055,1.9572738409042358,0,0,25,3,0,1,0,0,1,0,0,0,0,625,10
10.420000076293945,2.3437271118164062,0,0,10,3,0,1,0,0,1,0,0,1,0,100,12
8.079999923706055,2.0893919467926025,0,0,7,3,0,1,0,0,1,0,0,1,0,49,12
4.949999809265137,1.599387526512146,0,1,7,4,0,1,0,0,0,0,0,1,0,49,13
9.8100004196167,2.28340220451355,0,0,24,3,0,1,0,0,1,0,1,0,0,576,13
5.769999980926514,1.7526720762252808,0,1,10,4,0,1,0,0,0,0,1,0,0,100,12
4.809999942779541,1.5706970691680908,0,1,3,4,0,1,0,0,0,0,0,1,0,9,12
11.949999809265137,2.480731248855591,0,0,28,3,0,1,0,0,1,0,1,0,0,784,14
6.119999885559082,1.8115620613098145,0,1,23,4,0,1,0,0,1,0,0,0,0,529,12
4.579999923706055,1.5216989517211914,0,1,37,4,0,1,0,0,0,0,0,0,0,1369,12
2.259999990463257,0.8153648376464844,1,0,18,2,0,0,0,1,1,0,0,0,0,324,10
4.369999885559082,1.474763035774231,0,0,5,3,0,1,0,0,1,0,0,1,0,25,12
7.710000038146973,2.042518138885498,1,0,42,2,0,1,0,0,1,0,0,0,0,1764,8
7.960000038146973,2.0744290351867676,0,0,20,3,0,1,0,1,0,1,0,1,0,400,13
8.930000305175781,2.1894164085388184,0,0,33,3,0,1,0,0,0,0,1,0,0,1089,12
12.270000457763672,2.507157325744629,0,0,25,3,0,0,0,0,1,0,0,1,0,625,10
5.730000019073486,1.7457154989242554,0,1,14,4,1,1,0,1,1,0,0,0,0,196,12
7.260000228881836,1.9823799133300781,0,1,10,4,0,1,0,0,1,0,0,1,0,100,13
4.730000019073486,1.5539251565933228,1,0,21,2,0,1,0,0,1,0,0,1,0,441,5
5.380000114440918,1.6826883554458618,0,0,8,3,0,1,0,0,1,0,0,0,0,64,12
9.0,2.1972246170043945,0,1,42,4,0,1,0,0,1,0,0,0,0,1764,12
4.909999847412109,1.5912739038467407,0,1,10,4,0,1,0,0,1,0,1,0,0,100,12
14.3100004196167,2.6609585285186768,1,0,40,2,1,1,0,0,1,0,0,1,0,1600,10
9.739999771118164,2.2762410640716553,0,1,13,4,0,1,0,0,1,0,1,0,0,169,12
4.130000114440918,1.418277382850647,0,0,39,3,0,1,0,0,1,0,0,0,0,1521,12
3.75,1.3217558860778809,0,0,9,3,0,1,0,0,1,1,0,1,0,81,13
5.260000228881836,1.6601310968399048,1,0,26,2,0,1,0,0,1,0,0,0,0,676,12
21.739999771118164,3.0791537761688232,0,0,24,3,1,1,0,0,1,1,0,0,0,576,12
8.8100004196167,2.1758875846862793,0,0,14,3,1,1,0,0,1,0,0,1,0,196,12
8.170000076293945,2.100468873977661,0,1,12,4,1,1,0,0,1,1,0,1,0,144,13
7.5,2.0149030685424805,0,1,35,4,1,1,0,0,1,0,0,0,0,1225,12
3.4200000762939453,1.2296406030654907,0,0,14,3,0,0,0,0,1,0,0,0,0,196,12
8.890000343322754,2.184926986694336,0,0,18,3,1,1,0,0,1,0,0,1,0,324,12
4.159999847412109,1.425515055656433,0,0,32,3,0,1,0,0,1,0,0,0,0,1024,13
8.170000076293945,2.100468873977661,0,0,23,3,1,1,0,0,1,0,1,0,0,529,12
8.119999885559082,2.094330072402954,0,0,22,3,0,1,0,0,1,1,0,1,0,484,12
10.119999885559082,2.314513683319092,0,0,29,3,0,1,0,0,1,0,0,1,0,841,12
12.5,2.525728702545166,0,0,30,3,1,1,0,0,1,1,0,1,0,900,13
4.329999923706055,1.4655674695968628,1,0,15,2,0,1,0,0,0,0,0,1,1,225,8
5.199999809265137,1.6486586332321167,0,1,10,4,0,1,0,0,0,0,0,0,1,100,12
9.619999885559082,2.2638442516326904,0,1,12,4,0,1,0,0,1,0,0,1,1,144,10
16.030000686645508,2.7744619846343994,0,0,25,3,0,1,0,0,1,1,0,1,1,625,10
9.279999732971191,2.2278614044189453,0,0,29,3,0,1,0,0,1,0,0,1,1,841,12
2.809999942779541,1.0331844091415405,1,0,40,2,0,0,0,0,1,0,0,0,0,1600,8
7.210000038146973,1.9754689931869507,0,0,34,3,0,1,1,0,1,1,0,1,0,1156,5
8.0,2.079441547393799,0,0,18,3,0,1,0,0,1,1,0,1,1,324,12
10.989999771118164,2.3969857692718506,0,0,22,3,1,0,0,0,1,0,1,0,0,484,12
4.46999979019165,1.4973883628845215,1,0,12,2,0,1,0,0,1,1,0,0,0,144,12
7.070000171661377,1.9558604955673218,0,0,10,3,0,1,0,0,1,0,0,1,1,100,12
1.659999966621399,0.5068175792694092,0,1,15,4,0,1,0,0,1,0,0,0,1,225,12
7.929999828338623,2.070652961730957,1,0,39,1,1,1,0,0,1,0,1,0,0,1521,12
5.230000019073486,1.6544113159179688,0,0,18,3,1,1,0,0,0,0,1,0,0,324,12
7.960000038146973,2.0744290351867676,0,0,18,3,1,1,0,0,1,0,0,1,0,324,10
7.03000020980835,1.9501867294311523,1,0,16,2,1,1,0,0,1,0,1,0,0,256,12
3.75,1.3217558860778809,0,0,18,3,0,1,0,0,1,1,0,0,1,324,8
5.289999961853027,1.665818214416504,0,0,4,3,0,1,0,0,0,0,0,1,0,16,13
4.460000038146973,1.495148777961731,0,0,4,3,0,1,0,0,0,1,0,1,0,16,13
7.960000038146973,2.0744290351867676,0,0,39,3,0,1,0,0,1,0,1,0,1,1521,13
5.449999809265137,1.695615530014038,0,0,16,3,0,1,0,0,1,1,0,1,0,256,12
6.869999885559082,1.927164077758789,0,0,23,3,0,1,0,0,1,0,0,1,1,529,12
10.300000190734863,2.332144021987915,0,1,14,4,1,1,0,0,1,0,0,1,0,196,17
8.010000228881836,2.080690860748291,0,0,12,3,0,1,0,0,1,0,1,0,0,144,16
6.25,1.8325815200805664,0,0,40,3,0,1,0,0,1,1,1,0,0,1600,13
7.960000038146973,2.0744290351867676,0,0,44,3,1,1,0,0,1,1,0,1,0,1936,10
3.930000066757202,1.3686394691467285,0,0,8,3,0,1,0,0,1,0,0,1,0,64,13
7.75,2.0476927757263184,0,0,23,3,1,1,0,0,1,0,0,0,0,529,5
4.300000190734863,1.4586150646209717,1,0,11,2,1,1,0,0,0,0,0,0,0,121,12
4.900000095367432,1.5892351865768433,0,0,8,3,1,1,0,0,1,0,0,0,0,64,12
5.559999942779541,1.7155981063842773,0,0,45,3,0,1,0,0,1,0,0,1,0,2025,10
5.730000019073486,1.7457154989242554,0,0,19,3,0,1,0,0,1,0,0,1,0,361,12
5.699999809265137,1.7404661178588867,0,1,19,4,0,1,0,0,1,1,0,0,1,361,13
4.570000171661377,1.5195132493972778,1,0,7,2,0,1,0,0,0,0,0,0,0,49,12
4.150000095367432,1.4231083393096924,0,1,8,4,0,1,0,0,1,0,0,0,0,64,13
4.710000038146973,1.5496878623962402,0,0,34,3,0,1,0,0,1,0,0,0,0,1156,12
7.210000038146973,1.9754689931869507,0,1,20,4,0,1,0,0,1,0,0,1,0,400,12
7.039999961853027,1.9516081809997559,0,0,12,3,1,1,0,0,0,0,0,1,0,144,13
1.4800000190734863,0.3920421004295349,1,0,13,2,0,1,0,0,0,0,0,0,1,169,12
3.369999885559082,1.2149126529693604,0,1,13,4,1,0,0,1,1,0,0,0,0,169,12
9.619999885559082,2.2638442516326904,0,0,4,3,1,1,0,0,0,0,1,0,0,16,12
3.75,1.3217558860778809,0,1,3,4,0,1,0,0,0,0,0,0,0,9,12
7.139999866485596,1.9657127857208252,0,1,17,4,1,1,0,0,1,0,1,0,0,289,12
6.989999771118164,1.944480538368225,0,1,10,4,0,1,0,0,1,0,1,0,1,100,13
8.460000038146973,2.1353492736816406,0,0,26,3,1,1,0,0,1,0,1,0,0,676,10
4.760000228881836,1.5602476596832275,0,0,12,3,0,1,0,0,1,0,0,0,0,144,16
3.9000000953674316,1.3609765768051147,0,1,2,4,0,1,1,1,0,0,0,1,0,4,13
5.769999980926514,1.7526720762252808,0,1,11,4,0,1,0,0,1,0,0,1,1,121,14
8.739999771118164,2.167910099029541,0,1,19,4,0,1,0,0,1,0,0,1,1,361,12
6.559999942779541,1.8809906244277954,0,1,4,4,0,1,0,0,0,0,0,0,0,16,16
4.239999771118164,1.4445632696151733,0,0,9,3,0,1,0,0,0,0,1,0,0,81,13
4.090000152587891,1.4085450172424316,0,1,15,4,0,1,0,0,1,0,1,0,1,225,12
20.989999771118164,3.04404616355896,0,0,25,3,0,1,0,0,1,0,0,0,0,625,10
7.690000057220459,2.0399208068847656,0,0,7,3,0,1,0,0,1,0,0,1,0,49,12
4.579999923706055,1.5216989517211914,0,0,29,3,1,1,0,0,1,0,0,1,0,841,12
6.489999771118164,1.8702625036239624,0,0,28,3,1,0,0,0,1,0,0,1,0,784,12
12.819999694824219,2.551006317138672,0,0,3,3,1,1,0,0,1,0,1,0,0,9,12
9.619999885559082,2.2638442516326904,0,0,9,3,1,1,0,0,1,0,1,0,0,81,13
8.890000343322754,2.184926986694336,0,0,42,3,1,1,0,0,1,0,0,1,0,1764,12
10.579999923706055,2.3589653968811035,0,0,17,3,1,1,0,0,1,0,0,0,0,289,12
7.210000038146973,1.9754689931869507,0,0,29,3,0,1,0,0,0,0,0,0,0,841,5
1.649999976158142,0.5007752776145935,1,0,7,2,0,1,0,0,0,0,0,1,0,49,10
10.579999923706055,2.3589653968811035,0,1,15,4,1,1,0,0,1,0,0,1,0,225,12
3.0399999618530273,1.111857533454895,0,0,15,3,1,1,0,0,1,0,0,0,0,225,12
4.550000190734863,1.5151273012161255,0,0,43,3,0,1,0,0,1,0,0,1,1,1849,10
7.690000057220459,2.0399208068847656,0,0,44,3,1,1,0,0,1,1,0,0,0,1936,10
3.0,1.0986123085021973,0,0,11,3,0,1,0,0,1,0,0,1,1,121,13
12.020000457763672,2.486572027206421,0,1,31,4,1,1,0,0,1,0,1,0,0,961,12
5.989999771118164,1.7900913953781128,0,0,21,3,1,1,0,0,1,1,1,0,0,441,14
8.9399995803833,2.190535545349121,0,0,35,3,1,1,0,0,1,0,0,0,0,1225,13
4.0,1.3862943649291992,0,1,7,4,0,1,0,0,0,0,0,0,0,49,10
1.9800000190734863,0.6830968260765076,0,0,3,3,1,1,0,0,0,1,1,0,0,9,12
1.2699999809265137,0.23901689052581787,0,1,0,4,0,1,0,1,0,0,0,1,0,0,10
5.570000171661377,1.7173950672149658,0,0,10,3,0,1,0,0,1,0,0,1,1,100,5
7.360000133514404,1.9960598945617676,1,0,39,2,0,1,0,0,1,0,0,1,0,1521,12
3.0799999237060547,1.1249295473098755,0,0,5,3,0,1,0,0,1,0,0,1,0,25,12
9.640000343322754,2.265921115875244,0,0,36,3,1,1,0,0,1,1,0,1,0,1296,10
5.090000152587891,1.6272778511047363,0,0,18,3,0,1,0,0,1,0,0,0,1,324,10
10.119999885559082,2.314513683319092,0,0,17,3,1,1,0,0,1,1,0,1,0,289,10
9.619999885559082,2.2638442516326904,0,0,40,3,1,1,1,0,0,0,1,0,0,1600,8
5.769999980926514,1.7526720762252808,0,0,5,3,1,1,0,0,1,0,1,0,0,25,12
8.319999694824219,2.118662118911743,0,1,26,4,1,1,0,0,0,0,0,1,0,676,12
5.730000019073486,1.7457154989242554,1,0,34,2,1,1,0,0,1,0,1,0,0,1156,12
5.730000019073486,1.7457154989242554,0,0,11,3,0,1,0,0,1,0,0,1,0,121,12
7.210000038146973,1.9754689931869507,0,0,43,3,1,1,0,0,1,0,1,0,0,1849,10
8.779999732971191,2.172476291656494,0,0,24,3,1,1,0,0,1,0,0,1,0,576,12
7.960000038146973,2.0744290351867676,0,0,15,3,1,1,0,0,1,0,0,1,0,225,13
9.619999885559082,2.2638442516326904,0,0,11,3,1,1,0,0,1,0,0,1,0,121,12
7.449999809265137,2.008213996887207,0,0,38,3,1,1,0,0,1,0,1,0,0,1444,12
18.459999084472656,2.9156062602996826,0,0,20,3,1,1,0,0,1,0,0,1,0,400,12
8.850000381469727,2.180417537689209,0,1,9,4,1,1,0,0,1,0,0,1,0,81,12
8.0,2.079441547393799,0,0,7,3,0,1,0,0,0,0,0,0,0,49,10
5.730000019073486,1.7457154989242554,0,0,47,3,0,1,0,0,1,1,0,1,0,2209,10
10.609999656677246,2.3617968559265137,0,0,17,3,1,1,0,0,1,0,1,0,0,289,13
6.840000152587891,1.9227877855300903,0,0,45,3,1,1,0,0,1,0,1,0,0,2025,13
7.78000020980835,2.051556348800659,0,1,9,4,1,1,0,0,1,0,0,1,0,81,12
4.210000038146973,1.4374626874923706,0,0,18,3,0,1,0,0,0,0,0,1,0,324,10
10.119999885559082,2.314513683319092,0,0,28,3,1,1,0,0,1,0,0,0,0,784,12
5.559999942779541,1.7155981063842773,1,0,10,1,0,1,0,0,1,0,1,0,0,100,13
5.769999980926514,1.7526720762252808,1,0,24,2,0,1,0,0,0,0,1,0,0,576,10
3.8499999046325684,1.348073124885559,0,0,14,3,0,1,0,0,1,0,0,0,0,196,12
4.329999923706055,1.4655674695968628,0,0,31,3,0,1,0,0,0,0,0,0,0,961,8
4.090000152587891,1.4085450172424316,0,0,3,3,0,1,1,1,0,0,0,0,0,9,10
7.690000057220459,2.0399208068847656,1,0,9,1,1,0,0,0,1,0,1,0,0,81,12
6.980000019073486,1.9430489540100098,0,0,38,3,1,1,0,0,1,0,0,0,0,1444,14
5.690000057220459,1.7387102842330933,0,0,35,3,1,1,0,1,1,0,0,1,0,1225,8
1.2000000476837158,0.18232159316539764,0,0,5,3,0,1,0,1,1,0,0,1,0,25,12
7.480000019073486,2.012232780456543,0,0,3,3,1,1,0,0,0,0,0,1,0,9,16
3.130000114440918,1.1410330533981323,0,1,5,4,0,1,1,1,1,0,0,0,0,25,12
5.610000133514404,1.724550724029541,0,0,13,3,0,1,0,0,1,0,0,0,0,169,12
3.2699999809265137,1.184790015220642,0,0,4,3,0,1,0,1,0,1,0,1,0,16,12
6.25,1.8325815200805664,0,1,10,4,1,1,0,0,1,0,0,1,0,100,12
7.690000057220459,2.0399208068847656,0,1,10,4,1,1,0,0,1,0,0,1,0,100,13
4.0,1.3862943649291992,1,0,23,2,1,1,0,1,0,0,0,1,0,529,12
4.659999847412109,1.5390154123306274,0,1,38,4,0,1,0,1,0,0,0,1,0,1444,10
3.819999933242798,1.3402503728866577,0,0,4,3,0,1,0,0,1,0,0,0,0,16,10
5.239999771118164,1.656321406364441,0,1,13,4,1,1,0,0,1,0,1,0,0,169,12
5.130000114440918,1.6351057291030884,0,0,35,3,1,0,0,1,1,0,0,0,0,1225,10
3.369999885559082,1.2149126529693604,1,0,2,2,1,1,0,1,0,0,1,0,0,4,12
6.409999847412109,1.8578592538833618,1,0,5,2,1,1,0,1,0,0,0,1,0,25,13
4.809999942779541,1.5706970691680908,0,0,13,3,1,1,0,1,1,0,0,1,0,169,12
5.610000133514404,1.724550724029541,0,1,25,4,1,1,0,0,1,0,0,1,0,625,13
7.96999979019165,2.0756845474243164,0,1,9,4,1,1,0,0,1,0,0,1,0,81,13
3.75,1.3217558860778809,1,0,20,2,0,1,0,1,1,0,0,0,0,400,13
5.150000095367432,1.6389967203140259,0,1,10,4,1,1,0,1,1,0,0,1,0,100,10
5.769999980926514,1.7526720762252808,0,1,17,4,1,1,0,0,1,0,1,0,0,289,12
4.940000057220459,1.597365379333496,0,0,46,3,1,1,0,0,1,0,0,0,0,2116,12
3.75,1.3217558860778809,0,0,3,3,0,1,0,0,0,0,0,1,0,9,12
1.9800000190734863,0.6830968260765076,0,1,23,4,0,1,0,0,1,0,1,0,0,529,10
2.5199999809265137,0.9242588877677917,0,1,3,4,0,1,0,1,0,0,0,1,0,9,8
2.930000066757202,1.0750024318695068,0,0,42,3,0,1,1,1,0,0,0,1,0,1764,12
5.090000152587891,1.6272778511047363,0,0,35,3,1,1,0,0,1,0,0,0,0,1225,5
2.4000000953674316,0.8754687905311584,0,1,4,4,0,1,0,0,0,1,0,1,0,16,13
4.869999885559082,1.5830938816070557,0,0,12,3,1,1,0,0,0,0,0,0,0,144,10
6.590000152587891,1.8855533599853516,0,0,20,3,0,1,1,0,1,0,0,1,0,400,13
1.2000000476837158,0.18232159316539764,0,0,4,3,0,1,0,1,1,0,0,1,0,16,12
3.3299999237060547,1.2029722929000854,0,1,8,4,0,1,0,1,0,0,0,1,0,64,12
1.9600000381469727,0.6729444861412048,1,0,1,2,0,1,0,1,0,0,0,1,0,1,13
2.7300000190734863,1.00430166721344,1,0,41,1,0,1,0,0,1,0,0,1,0,1681,8
2.630000114440918,0.9669839143753052,1,0,0,2,1,1,0,1,1,1,0,1,0,0,10
3.75,1.3217558860778809,0,0,1,3,0,1,0,0,0,0,0,0,0,1,10
3.0799999237060547,1.1249295473098755,0,0,8,3,1,1,1,1,1,0,1,0,1,64,10
4.269999980926514,1.4516137838363647,0,1,44,4,0,0,0,0,1,1,0,0,1,1936,12
4.5,1.504077434539795,0,1,11,4,0,1,0,0,1,0,1,0,0,121,8
5.53000020980835,1.7101879119873047,1,0,8,2,0,1,0,0,1,0,0,1,0,64,12
4.090000152587891,1.4085450172424316,0,1,5,4,1,1,1,0,1,0,1,0,0,25,12
4.550000190734863,1.5151273012161255,0,0,5,3,0,1,0,0,1,0,0,1,0,25,12
18.739999771118164,2.9306602478027344,1,0,7,2,0,0,0,0,1,0,0,1,0,49,10
4.119999885559082,1.4158531427383423,0,0,12,3,0,1,0,0,1,0,0,1,0,144,16
5.769999980926514,1.7526720762252808,0,1,20,4,1,0,0,0,1,0,0,0,0,400,5
4.809999942779541,1.5706970691680908,0,0,3,3,1,1,0,0,0,0,0,0,0,9,12
5.769999980926514,1.7526720762252808,0,0,6,3,0,1,0,0,1,0,0,0,0,36,12
4.809999942779541,1.5706970691680908,0,0,42,3,1,1,0,1,1,0,0,1,0,1764,5
8.649999618530273,2.157559394836426,0,0,22,3,1,1,0,0,1,1,0,1,0,484,12
1.9199999570846558,0.6523251533508301,0,1,3,4,0,1,0,1,1,0,0,0,0,9,10
5.929999828338623,1.7800241708755493,0,1,29,4,0,0,0,0,1,0,0,0,0,841,8
6.010000228881836,1.7934248447418213,0,0,8,3,1,1,0,0,1,0,1,0,0,64,12
3.3499999046325684,1.2089602947235107,0,0,4,3,0,1,0,0,0,0,0,1,0,16,12
6.010000228881836,1.7934248447418213,0,0,32,3,0,1,0,0,1,0,0,0,0,1024,8
2.9600000381469727,1.0851892232894897,0,1,2,4,1,1,0,0,0,1,0,1,0,4,12
10.819999694824219,2.3813962936401367,0,0,24,3,0,1,0,0,1,0,0,1,0,576,16
4.809999942779541,1.5706970691680908,0,1,23,4,0,1,0,0,1,0,0,1,0,529,12
8.789999961853027,2.173614740371704,0,0,40,3,0,1,0,0,1,0,1,0,0,1600,12
11.600000381469727,2.451005220413208,0,0,14,3,1,0,0,0,1,0,0,1,0,196,12
4.809999942779541,1.5706970691680908,0,1,5,4,1,1,0,0,0,0,1,0,0,25,12
3.75,1.3217558860778809,0,1,44,4,1,1,0,0,1,0,0,0,0,1936,8
5.289999961853027,1.665818214416504,0,1,12,4,1,1,0,0,1,0,1,0,0,144,16
6.5,1.8718022108078003,0,0,9,3,1,1,0,0,1,0,0,1,0,81,12
5.820000171661377,1.7613003253936768,0,1,30,4,1,1,0,0,1,0,0,0,0,900,10
1.7899999618530273,0.5822156071662903,0,0,2,3,1,1,0,0,0,0,1,0,0,4,12
4.28000020980835,1.4539530277252197,0,1,3,4,1,1,0,0,0,0,0,0,0,9,12
1.9800000190734863,0.6830968260765076,0,0,25,3,0,0,0,1,1,0,0,0,0,625,10
2.309999942779541,0.8372474908828735,0,0,9,3,0,1,0,1,1,0,0,1,0,81,12
3.5,1.2527629137039185,0,0,10,3,1,1,1,1,1,0,0,0,0,100,10
4.369999885559082,1.474763035774231,0,0,2,3,0,1,0,1,1,0,0,0,0,4,12
2.259999990463257,0.8153648376464844,0,0,23,3,1,0,0,1,1,0,0,0,0,529,8
3.75,1.3217558860778809,1,0,19,2,0,1,0,1,0,0,0,1,0,361,10
3.75,1.3217558860778809,0,0,34,3,0,0,0,1,1,0,0,0,0,1156,12
2.640000104904175,0.9707789421081543,0,1,8,4,0,1,0,1,1,0,0,0,0,64,12
2.259999990463257,0.8153648376464844,0,0,21,3,1,1,0,1,0,0,0,1,0,441,10
1.8300000429153442,0.604315996170044,0,1,11,4,0,0,0,1,1,0,0,0,0,121,10
2.880000114440918,1.0577902793884277,0,0,20,3,0,0,0,1,0,0,0,0,0,400,13
1.9800000190734863,0.6830968260765076,0,0,10,3,0,0,0,1,0,0,0,0,0,100,5
1.9800000190734863,0.6830968260765076,1,0,27,2,0,0,0,1,1,0,0,1,0,729,10
1.9800000190734863,0.6830968260765076,0,0,25,3,0,1,0,1,1,0,0,0,0,625,8
3.369999885559082,1.2149126529693604,1,0,9,2,0,1,0,1,1,0,0,0,0,81,10
1.9800000190734863,0.6830968260765076,0,0,19,3,1,1,0,1,0,0,0,0,0,361,8
1.9199999570846558,0.6523251533508301,0,0,26,3,0,0,0,1,1,0,0,0,0,676,5
3.369999885559082,1.2149126529693604,0,0,11,3,0,1,0,1,1,0,0,0,0,121,10
3.75,1.3217558860778809,0,1,36,4,1,1,0,0,1,0,0,1,0,1296,5
3.75,1.3217558860778809,0,1,6,4,0,1,0,1,1,1,1,0,0,36,12
6.590000152587891,1.8855533599853516,0,0,33,3,0,1,0,0,1,0,0,1,0,1089,12
3.75,1.3217558860778809,0,0,35,3,0,1,1,0,1,0,0,0,0,1225,10
7.960000038146973,2.0744290351867676,0,0,42,3,0,0,0,0,1,0,0,1,0,1764,10
3.75,1.3217558860778809,1,0,28,2,0,1,0,0,1,0,0,1,1,784,12
6.610000133514404,1.8885836601257324,0,0,11,3,1,1,0,0,1,0,0,1,0,121,12
8.649999618530273,2.157559394836426,0,0,42,3,1,1,1,0,1,0,1,0,0,1764,10
5.019999980926514,1.6134299039840698,1,0,33,2,0,1,0,0,1,0,1,0,0,1089,12
11.539999961853027,2.445819139480591,0,0,42,3,1,1,0,0,0,1,0,0,0,1764,10
5.900000095367432,1.7749524116516113,0,0,25,3,0,1,0,0,1,0,0,1,0,625,12
3.75,1.3217558860778809,0,0,6,3,0,1,1,0,1,0,0,0,0,36,8
8.699999809265137,2.163322925567627,0,1,41,4,1,1,0,0,1,1,1,0,0,1681,12
21.540000915527344,3.0699117183685303,0,0,34,3,0,1,0,0,1,1,0,1,0,1156,12
3.2699999809265137,1.184790015220642,0,0,27,3,0,0,0,1,1,0,0,0,0,729,12
3.299999952316284,1.1939224004745483,0,0,17,3,0,1,0,1,0,0,0,0,0,289,10
5.489999771118164,1.7029281854629517,0,0,44,3,1,1,0,0,1,0,0,1,0,1936,12
2.4000000953674316,0.8754687905311584,0,0,42,3,1,1,0,1,0,0,1,0,0,1764,10
4.090000152587891,1.4085450172424316,0,0,1,3,1,1,0,0,0,0,1,0,0,1,12
1.9800000190734863,0.6830968260765076,0,1,35,4,0,1,1,0,1,0,0,0,0,1225,5
7.210000038146973,1.9754689931869507,0,0,42,3,1,1,0,0,1,0,0,0,0,1764,10
8.5,2.140066146850586,0,0,4,3,1,1,0,0,1,1,0,1,0,16,16
1.9800000190734863,0.6830968260765076,0,0,1,3,0,1,0,1,1,0,0,0,0,1,8
7.179999828338623,1.971299409866333,0,0,18,3,1,1,0,0,1,0,0,0,0,324,10
4.809999942779541,1.5706970691680908,0,1,6,5,0,1,0,0,1,0,0,0,0,36,16
5.239999771118164,1.656321406364441,0,0,15,3,1,1,0,0,1,0,1,0,0,225,12
9.130000114440918,2.2115657329559326,0,1,24,4,0,1,0,0,1,0,0,0,0,576,12
3.75,1.3217558860778809,0,0,25,3,0,1,0,1,1,0,0,1,0,625,12
7.690000057220459,2.0399208068847656,0,1,40,4,1,1,1,0,0,0,1,0,0,1600,12
8.600000381469727,2.1517622470855713,0,1,31,4,1,1,1,0,1,0,0,0,0,961,5
5.289999961853027,1.665818214416504,1,0,20,2,0,1,0,0,1,0,0,0,0,400,10
2.4000000953674316,0.8754687905311584,1,0,0,2,1,0,0,0,0,1,0,1,0,0,8
3.2100000381469727,1.1662709712982178,0,0,5,3,0,0,0,0,1,0,0,0,0,25,12
6.670000076293945,1.8976198434829712,1,0,15,2,1,1,0,1,1,0,0,0,0,225,10
3.8499999046325684,1.348073124885559,0,1,5,4,1,1,1,0,1,0,0,1,0,25,13
8.489999771118164,2.1388890743255615,0,0,36,3,0,1,0,0,1,0,0,1,0,1296,12
7.210000038146973,1.9754689931869507,1,0,18,2,1,1,0,0,1,0,0,1,0,324,10
3.3299999237060547,1.2029722929000854,1,0,22,2,0,1,0,0,1,0,0,1,1,484,13
4.269999980926514,1.4516137838363647,0,0,2,3,1,1,0,1,0,0,0,0,0,4,12
2.880000114440918,1.0577902793884277,0,1,4,4,0,1,0,0,0,0,0,1,0,16,13
4.090000152587891,1.4085450172424316,1,0,10,2,0,1,0,0,1,0,1,0,0,100,12
2.75,1.0116009712219238,0,0,36,3,0,1,1,1,1,0,0,0,0,1296,10
4.119999885559082,1.4158531427383423,0,1,9,4,1,1,1,1,0,0,0,0,0,81,8
9.619999885559082,2.2638442516326904,0,1,15,4,1,1,0,0,1,0,0,1,0,225,12
5.53000020980835,1.7101879119873047,0,0,5,3,0,1,0,0,1,1,0,1,0,25,12
4.010000228881836,1.3887913227081299,0,0,5,3,0,1,0,1,1,0,0,0,0,25,13
3.4100000858306885,1.2267123460769653,0,0,4,3,0,1,0,0,1,0,0,0,0,16,14
6.920000076293945,1.9344158172607422,0,0,3,3,0,1,0,0,1,0,1,0,0,9,12
3.75,1.3217558860778809,0,0,12,3,0,0,1,1,1,0,0,0,0,144,12
7.960000038146973,2.0744290351867676,0,1,5,4,1,1,0,0,0,1,0,1,0,25,12
3.75,1.3217558860778809,0,1,6,4,1,1,1,1,1,0,0,0,0,36,8
4.28000020980835,1.4539530277252197,0,0,7,3,1,1,0,1,0,0,0,0,0,49,12
2.309999942779541,0.8372474908828735,1,0,35,1,1,1,0,0,1,0,0,0,0,1225,5
3.799999952316284,1.3350011110305786,0,0,15,3,1,0,0,1,1,0,0,1,0,225,12
4.090000152587891,1.4085450172424316,0,0,5,3,0,1,0,0,0,0,0,0,0,25,12
3.8499999046325684,1.348073124885559,0,0,12,3,1,1,0,1,1,0,0,0,0,144,12
3.75,1.3217558860778809,1,0,23,2,1,1,0,1,1,0,1,0,0,529,10
3.0,1.0986123085021973,0,1,10,4,1,1,1,0,0,0,0,0,0,100,12
3.9600000381469727,1.376244068145752,0,0,1,3,1,1,1,0,0,0,0,0,0,1,16
8.550000190734863,2.1459312438964844,0,0,20,3,1,1,0,0,1,0,0,0,0,400,12
3.75,1.3217558860778809,0,1,14,4,1,1,1,0,1,0,0,1,0,196,10
6.0,1.7917594909667969,0,0,1,3,0,1,0,0,1,0,0,0,0,1,8
4.809999942779541,1.5706970691680908,1,0,6,2,1,1,0,0,1,1,0,1,0,36,12
2.5,0.9162907600402832,0,0,26,3,0,1,0,0,1,0,0,0,0,676,12
4.320000171661377,1.4632554054260254,0,0,18,3,1,1,1,1,0,0,0,1,0,324,10
1.2699999809265137,0.23901689052581787,0,0,4,3,0,1,0,0,0,0,0,1,0,16,12
5.769999980926514,1.7526720762252808,1,0,13,2,1,1,0,1,1,0,0,1,0,169,12
4.199999809265137,1.4350844621658325,1,0,33,2,1,1,0,0,1,0,0,1,0,1089,10
13.739999771118164,2.6203112602233887,0,0,28,3,1,1,0,0,1,0,0,1,0,784,12
2.559999942779541,0.940007209777832,0,0,4,3,0,1,0,0,1,0,0,0,0,16,16
5.130000114440918,1.6351057291030884,0,1,42,4,1,1,0,0,1,0,1,0,0,1764,13
7.210000038146973,1.9754689931869507,0,0,39,3,1,1,0,0,1,0,1,0,0,1521,5
4.239999771118164,1.4445632696151733,0,0,7,3,0,1,0,0,1,0,0,1,1,49,13
4.099999904632568,1.4109869003295898,1,0,38,2,0,1,0,0,1,0,0,1,0,1444,12
8.5,2.140066146850586,0,0,19,3,1,1,0,0,1,1,0,0,0,361,12
5.940000057220459,1.7817091941833496,0,0,29,3,1,1,0,0,1,0,1,0,0,841,12
10.539999961853027,2.355177640914917,0,0,35,3,1,1,1,0,1,0,1,0,0,1225,10
3.5,1.2527629137039185,0,0,18,3,0,1,0,0,1,0,0,1,0,324,10
5.949999809265137,1.7833912372589111,0,0,8,3,1,1,0,0,1,1,0,1,0,64,13
8.890000343322754,2.184926986694336,0,1,20,4,1,1,0,0,1,0,0,1,0,400,13
5.730000019073486,1.7457154989242554,1,0,34,2,1,1,0,0,1,0,0,0,0,1156,5
1.0499999523162842,0.04879011958837509,0,0,29,3,0,1,1,0,1,0,0,0,0,841,5
3.8499999046325684,1.348073124885559,0,1,8,4,1,1,0,0,1,0,0,1,0,64,13
2.880000114440918,1.0577902793884277,0,0,4,3,0,1,0,0,0,1,0,1,0,16,12
8.4399995803833,2.1329822540283203,0,1,15,4,1,1,0,0,1,0,0,0,0,225,12
3.609999895095825,1.2837077379226685,0,1,6,5,0,1,0,0,0,0,0,0,0,36,12
5.769999980926514,1.7526720762252808,0,0,20,3,1,1,0,0,0,0,0,0,0,400,12
3.3299999237060547,1.2029722929000854,0,0,35,3,1,1,1,0,1,0,1,0,0,1225,8
7.960000038146973,2.0744290351867676,1,0,44,2,0,0,0,0,1,0,0,0,0,1936,5
4.489999771118164,1.5018526315689087,0,1,17,5,1,1,0,0,1,0,0,0,0,289,10
2.380000114440918,0.8671005368232727,0,1,3,4,0,1,0,0,0,0,0,1,0,9,13
5.079999923706055,1.625311255455017,0,0,40,3,1,1,0,0,1,0,0,1,0,1600,12
5.309999942779541,1.6695917844772339,0,1,18,4,0,1,0,0,1,0,1,0,0,324,12
5.309999942779541,1.6695917844772339,0,0,23,3,1,1,0,0,0,0,0,1,0,529,12
6.539999961853027,1.8779371976852417,0,1,10,4,0,1,0,0,1,0,0,0,0,100,10
7.429999828338623,2.005525827407837,0,0,18,3,1,1,1,0,0,1,0,1,0,324,10
5.289999961853027,1.665818214416504,0,0,42,3,1,1,0,0,1,0,0,0,0,1764,12
11.09000015258789,2.406043767929077,0,0,38,3,1,1,0,0,1,0,0,1,0,1444,8
3.3299999237060547,1.2029722929000854,0,1,5,4,0,1,1,0,0,0,0,0,0,25,13
3.2699999809265137,1.184790015220642,1,0,25,2,0,1,0,0,1,1,0,0,0,625,8
3.8499999046325684,1.348073124885559,1,0,26,2,1,1,0,0,1,0,0,0,0,676,8
8.039999961853027,2.0844290256500244,0,0,11,3,0,1,0,0,1,0,0,1,0,121,12
4.619999885559082,1.5303946733474731,0,0,16,3,0,1,0,0,1,0,0,0,0,256,10
7.960000038146973,2.0744290351867676,0,1,40,4,1,1,0,0,1,0,0,0,0,1600,5
4.849999904632568,1.5789786577224731,0,1,7,4,0,1,0,0,1,1,0,0,0,49,12
6.96999979019165,1.9416152238845825,0,0,17,3,0,1,0,0,0,0,0,1,0,289,12
4.809999942779541,1.5706970691680908,0,0,44,3,0,1,0,0,1,0,1,0,0,1936,12
3.0199999809265137,1.1052567958831787,0,0,6,3,0,0,0,0,1,0,0,1,0,36,12
3.9800000190734863,1.381281852722168,0,0,8,3,0,1,0,0,1,0,0,1,0,64,12
5.559999942779541,1.7155981063842773,0,0,31,3,0,1,0,0,0,0,0,1,0,961,12
7.320000171661377,1.9906103610992432,0,0,26,3,1,1,0,0,1,0,0,1,0,676,12
7.690000057220459,2.0399208068847656,0,0,20,3,1,1,0,0,1,0,0,1,0,400,10
6.289999961853027,1.8389610052108765,1,0,22,2,0,1,0,0,1,0,0,1,0,484,13
9.619999885559082,2.2638442516326904,0,0,11,3,1,1,0,0,1,1,0,1,0,121,12
7.630000114440918,2.032087802886963,0,1,8,4,0,1,0,0,1,0,0,1,0,64,13
4.289999961853027,1.4562866687774658,0,0,40,3,1,1,0,0,1,0,0,0,0,1600,5
25.639999389648438,3.2441534996032715,0,0,13,3,0,1,0,0,1,0,0,0,0,169,10
4.239999771118164,1.4445632696151733,0,1,3,4,0,1,0,0,0,0,1,0,0,9,12
3.869999885559082,1.3532544374465942,0,1,10,4,0,1,0,0,1,0,0,1,0,100,12
5.730000019073486,1.7457154989242554,0,0,18,3,1,1,0,0,1,0,0,1,0,324,10
3.5,1.2527629137039185,0,0,5,3,0,1,0,1,1,0,0,0,0,25,12
5.050000190734863,1.619388222694397,0,0,16,3,1,1,1,0,1,0,1,0,0,256,10
7.960000038146973,2.0744290351867676,0,0,10,3,1,1,0,0,1,1,0,1,0,100,12
7.960000038146973,2.0744290351867676,0,1,10,4,1,1,0,0,1,0,0,1,0,100,12
3.4100000858306885,1.2267123460769653,0,0,3,3,1,1,0,0,0,0,0,0,0,9,12
5.730000019073486,1.7457154989242554,0,0,40,3,1,1,0,0,0,0,0,0,0,1600,8
8.890000343322754,2.184926986694336,0,0,35,3,0,1,0,0,1,1,0,0,0,1225,12
4.809999942779541,1.5706970691680908,0,0,28,3,1,1,0,0,1,0,0,0,0,784,10
4.809999942779541,1.5706970691680908,0,0,16,3,0,1,0,0,1,0,0,0,0,256,14
3.75,1.3217558860778809,0,0,19,3,0,1,1,0,0,0,0,1,0,361,12
13.40999984741211,2.5960006713867188,0,1,11,4,1,1,0,0,1,0,0,0,0,121,10
5.090000152587891,1.6272778511047363,1,0,10,2,0,1,0,0,1,0,0,0,0,100,12
2.880000114440918,1.0577902793884277,0,1,4,4,1,1,1,0,0,0,0,1,0,16,12
3.2100000381469727,1.1662709712982178,0,1,2,4,0,1,1,0,0,1,0,1,0,4,14
4.550000190734863,1.5151273012161255,0,0,5,3,0,1,0,0,0,0,0,0,0,25,12
5.769999980926514,1.7526720762252808,1,0,31,2,1,1,0,0,0,1,0,0,0,961,10
8.850000381469727,2.180417537689209,0,0,28,3,1,1,0,0,1,1,1,0,0,784,14
4.409999847412109,1.4838746786117554,0,0,9,3,1,1,0,0,1,0,1,0,0,81,10
4.269999980926514,1.4516137838363647,0,0,12,3,0,1,0,0,1,0,0,1,0,144,13
10.119999885559082,2.314513683319092,0,0,17,3,0,1,0,0,1,0,0,1,0,289,13
5.289999961853027,1.665818214416504,0,0,37,3,0,1,1,0,1,1,0,1,0,1369,13
5.730000019073486,1.7457154989242554,1,0,35,2,1,1,0,0,1,0,0,0,0,1225,8
7.630000114440918,2.032087802886963,0,0,35,3,1,1,0,0,1,1,0,1,0,1225,12
7.690000057220459,2.0399208068847656,0,1,10,4,1,1,0,0,1,1,0,1,0,100,13
6.079999923706055,1.8050047159194946,0,0,42,3,1,0,0,0,1,0,0,0,0,1764,12
7.489999771118164,2.013568878173828,0,0,27,3,1,1,0,0,0,0,0,1,0,729,12
6.369999885559082,1.8515994548797607,0,0,5,3,1,1,0,0,1,1,1,0,0,25,13
6.409999847412109,1.8578592538833618,0,0,5,3,1,1,0,1,0,0,0,1,0,25,12
1.9800000190734863,0.6830968260765076,0,0,3,3,0,1,0,0,0,0,0,0,0,9,12
3.8499999046325684,1.348073124885559,0,0,37,3,0,0,1,0,0,0,0,1,0,1369,5
7.050000190734863,1.953027606010437,0,0,14,3,0,1,0,0,0,0,0,1,0,196,12
5.130000114440918,1.6351057291030884,0,0,21,3,0,1,0,0,1,0,0,0,0,441,13
6.349999904632568,1.8484548330307007,0,0,7,3,1,1,0,0,1,0,0,1,0,49,10
6.690000057220459,1.9006139039993286,0,0,27,3,1,1,0,0,1,1,0,0,0,729,12
4.619999885559082,1.5303946733474731,0,0,1,3,0,1,0,0,0,0,0,1,0,1,13
5.019999980926514,1.6134299039840698,0,0,31,3,0,1,0,0,1,1,0,1,0,961,13
4.230000019073486,1.4422019720077515,1,0,42,2,0,1,0,0,1,1,0,1,1,1764,5
4.329999923706055,1.4655674695968628,0,0,45,3,0,0,1,0,1,0,1,0,0,2025,5
6.539999961853027,1.8779371976852417,0,0,34,3,1,1,0,0,1,0,0,1,0,1156,10
7.130000114440918,1.9643112421035767,0,1,9,4,1,1,0,0,0,0,0,1,0,81,13
3.8499999046325684,1.348073124885559,0,1,3,4,0,1,0,0,1,1,0,1,1,9,10
2.1700000762939453,0.7747272253036499,0,0,2,3,0,1,0,1,1,1,0,0,0,4,10
5.289999961853027,1.665818214416504,0,0,36,3,1,1,1,0,1,0,1,0,0,1296,10
6.489999771118164,1.8702625036239624,0,0,27,3,1,1,0,1,1,0,0,1,0,729,12
10.1899995803833,2.321406841278076,0,1,39,4,0,1,0,0,1,0,0,0,0,1521,12
5.789999961853027,1.7561322450637817,0,1,9,4,0,1,0,0,1,0,0,0,0,81,16
3.819999933242798,1.3402503728866577,0,0,47,3,0,1,0,0,0,0,0,0,0,2209,12
12.539999961853027,2.528923511505127,0,0,13,3,0,1,0,0,1,0,0,0,0,169,12
7.690000057220459,2.0399208068847656,0,0,28,3,0,1,0,0,1,0,0,0,0,784,10
8.550000190734863,2.1459312438964844,0,0,26,3,0,1,0,0,1,0,0,0,0,676,12
5.920000076293945,1.7783364057540894,1,0,34,2,0,1,0,0,1,0,0,0,0,1156,12
13.739999771118164,2.6203112602233887,0,1,28,4,0,1,0,0,1,0,0,0,0,784,12
2.119999885559082,0.751416027545929,1,0,17,2,0,1,0,1,1,0,0,0,0,289,14
16.139999389648438,2.7813005447387695,1,0,10,2,0,1,0,0,1,0,0,0,0,100,13
1.3200000524520874,0.2776317894458771,0,0,21,3,0,0,0,0,1,0,0,0,0,441,10
1.7899999618530273,0.5822156071662903,0,1,15,4,0,1,0,0,1,0,0,0,0,225,12
2.319999933242798,0.8415671586990356,0,1,15,4,0,1,0,0,1,0,0,0,0,225,13
3.700000047683716,1.3083328008651733,0,0,11,3,0,1,0,0,1,0,0,0,0,121,12
6.75,1.9095425605773926,0,0,37,3,0,1,0,0,1,0,0,0,0,1369,10
8.4399995803833,2.1329822540283203,0,0,43,3,0,1,0,0,1,0,0,0,0,1849,5
26.239999771118164,3.267284870147705,1,0,37,2,0,1,0,0,1,0,0,0,0,1369,12
8.880000114440918,2.1838016510009766,0,0,24,3,0,1,0,0,1,0,0,0,0,576,12
2.5,0.9162907600402832,0,0,17,3,0,1,0,0,1,0,0,0,0,289,10
7.28000020980835,1.9851309061050415,0,0,16,3,0,1,0,0,1,0,0,0,0,256,12
7.840000152587891,2.059238910675049,0,0,36,3,0,1,0,0,1,0,0,0,0,1296,12
26.239999771118164,3.267284870147705,0,0,37,3,0,1,0,0,1,0,0,0,0,1369,12
6.329999923706055,1.8453001976013184,0,0,38,3,0,1,0,0,1,0,0,0,0,1444,8
4.159999847412109,1.425515055656433,0,1,9,4,0,1,0,0,1,0,0,0,0,81,12
3.2100000381469727,1.1662709712982178,0,1,36,4,0,1,0,0,1,1,0,0,0,1296,5
2.0199999809265137,0.7030975222587585,1,0,41,2,0,1,0,1,0,0,0,1,0,1681,5
9.229999542236328,2.222459077835083,0,0,10,3,1,1,0,0,1,0,1,0,0,100,12
2.680000066757202,0.9858168363571167,0,0,33,3,0,1,0,0,1,0,0,0,0,1089,5
8.649999618530273,2.157559394836426,0,1,5,4,0,1,0,1,1,0,0,0,0,25,14
2.0799999237060547,0.7323678731918335,0,1,1,4,0,1,0,1,0,0,0,0,1,1,12
6.25,1.8325815200805664,0,1,47,4,0,0,1,1,1,0,0,1,0,2209,5
1.9199999570846558,0.6523251533508301,1,0,8,2,0,1,0,0,1,0,0,0,0,64,12
3.0799999237060547,1.1249295473098755,1,0,6,2,0,1,0,0,1,0,0,0,1,36,10
2.109999895095825,0.7466878890991211,0,0,12,3,0,1,0,1,1,0,1,0,1,144,12
3.4600000381469727,1.2412686347961426,1,0,26,1,0,1,0,1,0,1,0,0,1,676,5
4.809999942779541,1.5706970691680908,0,0,14,3,1,1,0,0,1,0,0,1,0,196,10
3.369999885559082,1.2149126529693604,0,0,13,3,1,1,0,1,0,1,0,1,1,169,5
5.769999980926514,1.7526720762252808,1,0,39,2,1,1,0,0,1,0,0,0,0,1521,5
3.3399999141693115,1.2059707641601562,1,0,10,2,0,1,0,0,1,0,0,1,1,100,13
7.260000228881836,1.9823799133300781,0,0,27,3,1,0,0,0,1,0,0,1,0,729,10
3.7300000190734863,1.3164082765579224,0,0,5,3,0,1,0,0,1,0,1,0,0,25,13
2.2100000381469727,0.7929925322532654,0,0,6,3,1,1,0,1,0,0,0,1,0,36,12
2.9200000762939453,1.07158362865448,0,0,32,3,0,0,0,0,1,0,0,0,1,1024,8
3.5299999713897705,1.2612978219985962,0,1,1,4,1,1,1,0,1,0,0,1,1,1,8
1.7999999523162842,0.5877866148948669,0,1,8,4,0,1,0,1,1,0,0,1,0,64,12
2.5999999046325684,0.9555113911628723,0,1,15,4,0,1,0,1,1,0,0,1,1,225,10
1.1699999570846558,0.157003715634346,1,0,1,2,0,1,1,0,0,0,0,1,0,1,12
1.8799999952316284,0.6312717795372009,0,0,25,3,1,1,0,1,0,0,0,0,0,625,10
2.880000114440918,1.0577902793884277,0,0,15,3,1,1,1,1,1,0,1,0,0,225,10
1.9199999570846558,0.6523251533508301,0,1,7,4,0,1,0,1,1,0,0,1,0,49,12
1.8799999952316284,0.6312717795372009,0,1,1,4,0,1,0,1,0,0,1,0,0,1,12
3.369999885559082,1.2149126529693604,0,0,12,3,0,1,0,1,1,0,0,0,1,144,12
1.8200000524520874,0.5988365411758423,0,0,3,3,0,1,0,1,0,0,0,1,1,9,10
1.4600000381469727,0.37843647599220276,0,1,2,4,0,1,1,0,1,0,0,1,0,4,10
2.259999990463257,0.8153648376464844,0,0,3,3,0,1,0,1,1,1,0,1,1,9,10
2.069999933242798,0.7275485992431641,1,0,2,2,0,1,0,1,0,1,0,1,0,4,12
3.5399999618530273,1.2641266584396362,0,0,16,3,0,1,0,0,1,0,0,1,0,256,13
1.2599999904632568,0.23111172020435333,1,0,32,1,0,1,1,1,0,0,0,0,0,1024,5
2.259999990463257,0.8153648376464844,0,0,20,3,0,1,0,1,1,0,0,0,1,400,10
3.950000047683716,1.3737156391143799,0,0,17,3,0,1,0,1,1,0,0,0,1,289,12
2.6500000953674316,0.9745596647262573,0,0,15,3,0,1,0,1,0,0,0,0,0,225,5
3.75,1.3217558860778809,1,0,19,2,0,1,0,1,1,1,1,0,1,361,8
2.259999990463257,0.8153648376464844,0,0,37,3,1,0,0,0,0,0,0,1,0,1369,5
2.190000057220459,0.783901572227478,0,0,29,3,1,1,1,1,0,0,0,1,1,841,10
2.190000057220459,0.783901572227478,1,0,5,2,0,0,0,1,0,1,0,0,1,25,13
3.2100000381469727,1.1662709712982178,0,0,7,3,0,1,0,1,0,0,0,1,0,49,5
2.4700000286102295,0.9042181372642517,1,0,23,2,0,1,0,1,0,0,0,0,0,529,5
3.0,1.0986123085021973,0,1,5,4,0,1,0,1,0,0,0,1,0,25,12
3.75,1.3217558860778809,0,0,29,3,0,1,0,0,0,0,0,1,1,841,8
2.0,0.6931471824645996,0,0,13,3,0,1,0,1,0,0,0,1,0,169,12
2.259999990463257,0.8153648376464844,1,0,10,2,0,1,0,1,1,0,0,1,0,100,12
2.880000114440918,1.0577902793884277,0,1,12,4,0,1,0,1,1,0,0,0,0,144,13
4.690000057220459,1.5454325675964355,0,0,7,3,1,1,0,1,1,0,0,1,0,49,12
3.950000047683716,1.3737156391143799,0,0,9,3,0,1,0,1,1,0,1,0,0,81,12
6.539999961853027,1.8779371976852417,0,0,4,3,0,1,0,0,1,1,1,0,0,16,12
3.569999933242798,1.2725656032562256,0,0,26,3,0,1,0,1,0,0,0,1,1,676,12
5.309999942779541,1.6695917844772339,0,0,15,3,0,1,0,0,1,0,0,1,1,225,17
2.630000114440918,0.9669839143753052,0,1,19,4,0,1,0,1,1,0,0,0,0,361,10
4.329999923706055,1.4655674695968628,0,0,22,3,0,0,0,0,1,0,1,0,0,484,16
2.25,0.8109301924705505,1,0,12,1,0,1,1,1,0,0,0,0,0,144,5
2.75,1.0116009712219238,0,0,11,3,0,1,0,1,1,1,0,1,0,121,10
3.2899999618530273,1.1908875703811646,0,0,6,3,1,1,0,1,1,0,0,1,1,36,12
5.769999980926514,1.7526720762252808,0,1,13,4,0,1,0,0,1,0,1,0,0,169,14
4.739999771118164,1.5560370683670044,0,1,8,4,0,1,0,1,0,0,0,1,1,64,13
4.119999885559082,1.4158531427383423,0,0,7,3,0,1,0,1,0,1,0,1,1,49,13
2.890000104904175,1.0612565279006958,0,0,12,3,0,1,1,1,0,0,1,0,1,144,10
6.960000038146973,1.940179467201233,0,0,11,3,1,1,0,0,1,0,1,0,0,121,13
6.409999847412109,1.8578592538833618,1,0,41,2,0,1,0,0,1,1,0,1,1,1681,12
4.28000020980835,1.4539530277252197,0,0,7,3,1,1,0,1,1,0,1,0,1,49,12
1.2799999713897705,0.2468600571155548,0,1,9,4,0,1,0,1,1,0,0,1,1,81,13
2.559999942779541,0.940007209777832,0,0,40,3,1,1,0,1,0,0,0,0,1,1600,10
4.619999885559082,1.5303946733474731,0,1,7,4,0,1,1,1,1,0,0,0,1,49,14
1.9800000190734863,0.6830968260765076,0,0,9,3,0,1,0,1,1,0,0,1,1,81,12
1.9199999570846558,0.6523251533508301,0,1,13,4,0,1,0,1,0,0,0,0,1,169,13
1.7999999523162842,0.5877866148948669,1,0,33,2,0,0,0,1,1,1,1,0,1,1089,13
1.9800000190734863,0.6830968260765076,0,0,17,3,0,1,0,1,0,0,0,1,1,289,14
2.0,0.6931471824645996,1,0,3,2,0,1,1,1,0,0,0,0,1,9,13
2.109999895095825,0.7466878890991211,0,0,8,3,0,1,0,1,0,0,0,0,1,64,16
2.109999895095825,0.7466878890991211,0,1,3,4,0,1,0,1,1,0,0,0,1,9,10
2.7699999809265137,1.0188473463058472,0,0,9,3,0,1,0,0,0,1,0,1,1,81,13
3.4600000381469727,1.2412686347961426,0,0,30,3,0,1,0,1,0,0,0,0,0,900,10
6.0,1.7917594909667969,0,1,5,4,0,1,0,1,0,1,1,0,1,25,13
4.809999942779541,1.5706970691680908,0,0,13,3,0,1,1,0,1,0,0,1,1,169,12
2.3299999237060547,0.8458682298660278,1,0,5,2,0,1,0,1,1,0,0,0,1,25,12
3.569999933242798,1.2725656032562256,0,1,9,4,0,1,0,1,0,0,1,0,1,81,16
1.9800000190734863,0.6830968260765076,0,0,8,3,0,1,0,1,0,1,0,1,1,64,13
5.130000114440918,1.6351057291030884,1,0,20,2,0,1,1,1,1,0,1,0,0,400,10
4.46999979019165,1.4973883628845215,0,0,3,3,0,1,0,1,0,0,0,1,1,9,13
2.069999933242798,0.7275485992431641,0,1,5,5,1,1,0,1,0,1,0,1,1,25,12
6.96999979019165,1.9416152238845825,0,0,20,3,1,1,0,1,1,0,0,1,1,400,13
1.9800000190734863,0.6830968260765076,0,0,2,3,0,1,0,1,0,0,0,1,1,4,12
4.619999885559082,1.5303946733474731,0,0,7,3,0,1,0,1,0,0,0,1,1,49,12
3.2100000381469727,1.1662709712982178,0,0,5,3,0,1,0,0,0,0,1,0,1,25,13
1.7999999523162842,0.5877866148948669,0,0,46,3,0,1,0,1,0,0,0,0,1,2116,14
4.619999885559082,1.5303946733474731,0,0,10,3,1,1,0,1,1,1,0,1,0,100,12
6.110000133514404,1.8099267482757568,0,0,27,3,0,1,0,0,1,0,0,0,0,729,12
5.730000019073486,1.7457154989242554,0,0,39,3,0,1,1,0,1,0,1,0,0,1521,16
3.569999933242798,1.2725656032562256,0,1,13,4,0,1,0,0,1,0,0,0,1,169,13
1.5800000429153442,0.4574248790740967,0,1,27,4,0,1,0,0,1,0,0,1,1,729,12
4.210000038146973,1.4374626874923706,0,1,7,4,0,1,0,0,1,0,0,0,1,49,12
1.75,0.5596157908439636,0,0,18,3,0,1,0,1,0,1,0,1,1,324,12
2.1500000953674316,0.7654678821563721,1,0,6,1,0,1,0,1,1,0,0,0,1,36,12
1.0199999809265137,0.019802609458565712,0,0,11,3,0,1,0,1,1,0,0,1,1,121,13
2.4000000953674316,0.8754687905311584,1,0,10,2,0,1,1,1,1,0,0,0,1,100,12
2.8299999237060547,1.0402766466140747,0,0,28,3,0,1,1,1,0,0,0,1,1,784,13
3.2899999618530273,1.1908875703811646,0,0,2,3,0,1,0,1,1,0,0,0,1,4,10
1.9800000190734863,0.6830968260765076,0,0,45,3,0,1,0,1,0,0,0,1,1,2025,12
23.15999984741211,3.1424267292022705,0,0,9,3,0,1,0,0,0,0,1,0,1,81,10
5.489999771118164,1.7029281854629517,0,1,13,4,0,1,0,1,1,0,0,0,1,169,12
3.0,1.0986123085021973,0,0,40,3,0,1,0,0,0,1,1,0,1,1600,13
3.2899999618530273,1.1908875703811646,0,1,10,4,0,0,0,1,0,0,0,0,1,100,12
2.880000114440918,1.0577902793884277,0,1,15,4,0,1,0,1,0,0,0,0,1,225,12
2.630000114440918,0.9669839143753052,0,0,12,3,0,1,0,1,1,0,0,0,1,144,10
5.820000171661377,1.7613003253936768,1,0,20,2,0,1,0,1,0,0,0,0,1,400,17
1.090000033378601,0.08617772907018661,1,0,8,2,0,1,0,1,1,0,0,1,1,64,10
1.2799999713897705,0.2468600571155548,0,1,13,4,0,1,0,1,1,0,0,1,0,169,12
6.25,1.8325815200805664,0,0,3,3,0,1,0,1,0,0,0,0,1,9,12
2.880000114440918,1.0577902793884277,0,1,7,4,0,1,0,0,1,0,0,0,0,49,14
7.690000057220459,2.0399208068847656,0,1,18,4,1,1,0,0,1,0,1,0,0,324,12
7.139999866485596,1.9657127857208252,0,1,13,4,0,1,0,0,1,0,0,1,0,169,12
6.929999828338623,1.9358597993850708,0,0,36,3,1,1,0,0,1,1,0,1,0,1296,12
1.559999942779541,0.44468578696250916,0,0,4,3,0,1,0,0,0,0,0,1,0,16,12
1.9800000190734863,0.6830968260765076,0,0,8,3,0,1,0,1,0,0,0,1,1,64,10
8.75,2.169053792953491,0,0,24,3,1,1,0,0,0,0,0,1,1,576,16
4.809999942779541,1.5706970691680908,1,0,31,2,0,1,0,0,1,0,0,0,0,961,12
4.710000038146973,1.5496878623962402,0,0,16,3,0,1,0,0,1,0,0,0,0,256,13
4.869999885559082,1.5830938816070557,0,0,10,3,0,1,0,0,1,0,0,0,0,100,13
4.619999885559082,1.5303946733474731,0,1,10,4,0,1,0,0,1,1,0,0,0,100,13
2.4000000953674316,0.8754687905311584,0,1,12,4,0,1,0,0,0,1,0,1,1,144,12
5.340000152587891,1.6752257347106934,1,0,20,2,0,1,0,0,1,0,0,0,0,400,12
4.210000038146973,1.4374626874923706,0,0,13,3,1,1,0,0,1,0,0,0,0,169,12
4.71999979019165,1.5518087148666382,0,1,9,4,1,1,0,0,1,0,0,0,0,81,13
12.819999694824219,2.551006317138672,0,0,15,3,1,1,0,0,1,0,1,0,0,225,13
6.730000019073486,1.9065752029418945,0,0,34,3,0,1,0,0,1,0,0,1,0,1156,10
5.389999866485596,1.6845453977584839,0,0,8,3,1,1,0,0,1,0,0,1,0,64,14
5.309999942779541,1.6695917844772339,0,1,3,4,0,1,0,0,0,0,0,1,0,9,17
10.579999923706055,2.3589653968811035,0,1,19,4,0,1,0,0,0,0,0,1,0,361,16
8.649999618530273,2.157559394836426,0,0,10,3,1,1,0,0,1,0,1,0,0,100,13
4.170000076293945,1.4279160499572754,0,0,13,3,0,1,0,0,1,0,0,0,0,169,10
6.809999942779541,1.9183920621871948,0,0,7,3,1,1,0,0,0,0,0,1,0,49,12
9.619999885559082,2.2638442516326904,0,0,21,3,1,1,0,0,1,1,1,0,0,441,16
1.2200000286102295,0.19885088503360748,0,0,10,3,0,1,0,1,0,0,0,0,1,100,5
1.7899999618530273,0.5822156071662903,0,0,20,3,0,1,0,1,1,0,0,0,1,400,8
1.6100000143051147,0.47623419761657715,0,0,25,3,0,1,1,1,0,0,0,0,1,625,12
1.6799999475479126,0.5187937617301941,1,0,4,2,0,1,0,1,1,0,0,1,1,16,12
3.2899999618530273,1.1908875703811646,0,0,35,3,0,1,1,1,0,0,0,1,1,1225,12
2.309999942779541,0.8372474908828735,0,0,15,3,0,1,1,1,1,0,1,0,1,225,10
1.9199999570846558,0.6523251533508301,0,0,24,3,0,0,0,1,0,1,0,1,1,576,16
