educ,south,nonwhite,female,married,exper,expersq,union,lwage,age,year,y85,y85fem,y85educ,y85union
12,0,0,0,0,8,64,0,1.215000033378601,25,78,0,0,0,0
12,0,0,1,1,30,900,1,1.6094000339508057,47,78,0,0,0,0
6,0,0,0,1,38,1444,1,2.1401000022888184,49,78,0,0,0,0
12,0,0,0,1,19,361,1,2.073199987411499,36,78,0,0,0,0
12,0,0,0,1,11,121,0,1.6490000486373901,28,78,0,0,0,0
8,0,0,0,1,43,1849,0,1.7148000001907349,56,78,0,0,0,0
11,0,0,0,0,2,4,0,1.0986000299453735,18,78,0,0,0,0
15,0,0,1,0,9,81,0,1.8325999975204468,29,78,0,0,0,0
16,0,0,1,0,17,289,0,0.35670000314712524,38,78,0,0,0,0
15,0,0,0,1,23,529,1,2.1547000408172607,43,78,0,0,0,0
15,0,0,0,1,39,1521,1,1.9867000579833984,59,78,0,0,0,0
12,0,0,1,1,5,25,1,1.704699993133545,22,78,0,0,0,0
11,0,0,0,1,27,729,1,2.1101999282836914,43,78,0,0,0,0
12,0,0,0,1,29,841,0,1.8325999975204468,46,78,0,0,0,0
12,0,0,0,0,7,49,0,1.3083000183105469,24,78,0,0,0,0
12,0,0,1,0,42,1764,1,2.2300000190734863,59,78,0,0,0,0
18,0,0,0,1,35,1225,1,2.525700092315674,58,78,0,0,0,0
18,0,0,1,1,31,961,1,2.397900104522705,54,78,0,0,0,0
6,0,0,0,1,24,576,0,1.2527999877929688,35,78,0,0,0,0
14,0,1,0,1,14,196,1,2.079400062561035,33,78,0,0,0,0
12,0,0,1,0,40,1600,1,2.014899969100952,57,78,0,0,0,0
12,0,0,1,0,10,100,0,1.2039999961853027,27,78,0,0,0,0
13,0,0,1,0,3,9,0,1.386299967765808,21,78,0,0,0,0
13,0,0,0,0,2,4,0,1.2310999631881714,20,78,0,0,0,0
15,0,0,0,0,7,49,0,1.50409996509552,27,78,0,0,0,0
16,0,0,0,0,29,841,0,2.5996999740600586,50,78,0,0,0,0
13,0,0,0,1,27,729,1,2.23799991607666,45,78,0,0,0,0
18,0,0,0,0,8,64,0,2.3538999557495117,31,78,0,0,0,0
10,0,0,0,1,6,36,1,2.525700092315674,21,78,0,0,0,0
14,0,0,1,0,2,4,0,0.9361000061035156,21,78,0,0,0,0
8,0,0,0,0,36,1296,1,2.014899969100952,49,78,0,0,0,0
15,0,0,1,1,23,529,1,1.1313999891281128,43,78,0,0,0,0
8,0,0,1,1,48,2304,1,1.6582000255584717,61,78,0,0,0,0
12,0,0,0,0,21,441,1,2.067699909210205,38,78,0,0,0,0
8,0,0,0,1,11,121,1,2.0820000171661377,24,78,0,0,0,0
12,0,0,1,1,26,676,1,2.1547000408172607,43,78,0,0,0,0
16,0,0,1,1,10,100,0,1.9671000242233276,31,78,0,0,0,0
14,0,0,0,1,37,1369,0,2.7592999935150146,56,78,0,0,0,0
13,0,0,0,1,21,441,0,1.2971999645233154,39,78,0,0,0,0
16,0,0,1,1,21,441,0,1.2527999877929688,42,78,0,0,0,0
13,0,0,0,0,6,36,1,2.3749001026153564,24,78,0,0,0,0
12,0,0,0,1,25,625,1,1.6368000507354736,42,78,0,0,0,0
13,0,0,0,0,5,25,0,1.232100009918213,23,78,0,0,0,0
11,0,0,0,0,13,169,1,1.7491999864578247,29,78,0,0,0,0
16,0,0,0,0,15,225,0,2.3025999069213867,36,78,0,0,0,0
12,0,0,1,1,8,64,0,1.5580999851226807,25,78,0,0,0,0
10,0,0,0,1,8,64,1,1.6094000339508057,23,78,0,0,0,0
14,0,0,0,1,11,121,0,1.5580999851226807,30,78,0,0,0,0
12,0,1,0,1,34,1156,1,2.0541000366210938,51,78,0,0,0,0
13,0,0,0,0,8,64,0,1.8325999975204468,26,78,0,0,0,0
12,0,0,0,1,36,1296,0,1.9458999633789062,53,78,0,0,0,0
12,0,0,1,1,30,900,0,1.8325999975204468,47,78,0,0,0,0
16,0,0,1,1,5,25,1,1.1856000423431396,26,78,0,0,0,0
11,0,0,1,1,13,169,0,0.9118000268936157,29,78,0,0,0,0
11,0,0,0,0,2,4,1,1.8717999458312988,18,78,0,0,0,0
9,0,0,0,1,12,144,1,1.9458999633789062,26,78,0,0,0,0
18,0,0,0,1,24,576,0,2.169100046157837,47,78,0,0,0,0
12,0,1,0,1,17,289,1,2.014899969100952,34,78,0,0,0,0
8,0,0,0,1,50,2500,0,1.6447999477386475,63,78,0,0,0,0
18,0,0,0,1,8,64,0,2.1071999073028564,31,78,0,0,0,0
12,0,0,1,0,11,121,1,1.6291999816894531,28,78,0,0,0,0
12,0,0,0,1,7,49,0,1.059399962425232,24,78,0,0,0,0
17,0,0,1,1,26,676,1,2.169100046157837,48,78,0,0,0,0
8,0,0,0,1,19,361,0,1.3217999935150146,32,78,0,0,0,0
12,0,1,1,0,13,169,1,1.8554999828338623,30,78,0,0,0,0
12,0,0,0,1,9,81,1,1.7491999864578247,26,78,0,0,0,0
14,0,0,0,1,38,1444,0,1.9660999774932861,57,78,0,0,0,0
12,0,0,0,0,4,16,0,1.198199987411499,21,78,0,0,0,0
14,0,0,1,0,11,121,0,1.927899956703186,30,78,0,0,0,0
10,0,0,0,1,43,1849,0,2.3025999069213867,58,78,0,0,0,0
11,0,1,0,1,15,225,0,1.386299967765808,31,78,0,0,0,0
12,0,1,0,1,31,961,1,-0.4699999988079071,48,78,0,0,0,0
6,0,1,0,1,44,1936,1,1.3150999546051025,55,78,0,0,0,0
16,0,0,0,1,16,256,0,2.899399995803833,37,78,0,0,0,0
12,0,0,0,1,25,625,1,1.9981000423431396,42,78,0,0,0,0
14,0,0,0,1,19,361,1,1.704699993133545,38,78,0,0,0,0
12,0,0,1,0,3,9,0,1.1786999702453613,20,78,0,0,0,0
13,0,0,1,0,14,196,0,1.6094000339508057,32,78,0,0,0,0
12,0,0,0,1,30,900,0,2.014899969100952,47,78,0,0,0,0
12,0,0,0,1,32,1024,1,2.4848999977111816,49,78,0,0,0,0
10,0,0,0,1,48,2304,1,2.079400062561035,63,78,0,0,0,0
12,0,0,0,0,36,1296,1,2.1401000022888184,53,78,0,0,0,0
12,0,0,1,1,7,49,1,1.582800030708313,24,78,0,0,0,0
12,0,0,0,1,19,361,1,2.3345999717712402,36,78,0,0,0,0
18,0,0,0,0,11,121,0,1.6503000259399414,34,78,0,0,0,0
13,0,0,0,1,32,1024,1,1.5476000308990479,50,78,0,0,0,0
12,0,0,1,1,10,100,0,1.7706999778747559,27,78,0,0,0,0
14,0,0,1,0,3,9,0,1.6094000339508057,22,78,0,0,0,0
16,0,0,1,1,10,100,0,1.294700026512146,31,78,0,0,0,0
16,0,0,1,1,9,81,0,2.0401999950408936,30,78,0,0,0,0
12,0,0,1,1,13,169,1,1.3217999935150146,30,78,0,0,0,0
12,0,0,0,1,20,400,0,1.8562999963760376,37,78,0,0,0,0
12,0,0,0,1,30,900,1,2.1101999282836914,47,78,0,0,0,0
12,0,0,0,1,10,100,1,2.3631999492645264,27,78,0,0,0,0
18,0,0,1,0,17,289,0,0.6707000136375427,40,78,0,0,0,0
10,0,0,0,1,7,49,1,1.5789999961853027,22,78,0,0,0,0
8,0,0,0,1,32,1024,0,2.1401000022888184,45,78,0,0,0,0
9,0,0,0,1,36,1296,1,1.6629999876022339,50,78,0,0,0,0
14,0,0,0,1,43,1849,0,2.6126999855041504,62,78,0,0,0,0
16,0,0,0,1,9,81,0,2.169100046157837,30,78,0,0,0,0
8,0,0,0,1,41,1681,1,1.6094000339508057,54,78,0,0,0,0
12,0,0,0,1,21,441,1,2.079400062561035,38,78,0,0,0,0
14,0,0,0,1,26,676,0,1.5140999555587769,45,78,0,0,0,0
12,0,0,1,1,21,441,0,1.1907000541687012,38,78,0,0,0,0
12,0,0,1,1,42,1764,0,1.7918000221252441,59,78,0,0,0,0
12,0,0,0,1,41,1681,0,2.2300000190734863,58,78,0,0,0,0
13,0,0,1,1,22,484,0,0.9746000170707703,40,78,0,0,0,0
18,0,0,0,1,10,100,0,2.0411999225616455,33,78,0,0,0,0
12,0,0,0,0,3,9,1,1.7918000221252441,20,78,0,0,0,0
14,0,0,0,0,14,196,0,2.1628000736236572,33,78,0,0,0,0
12,0,0,0,1,24,576,1,2.4848999977111816,41,78,0,0,0,0
12,0,0,0,1,13,169,1,1.7918000221252441,30,78,0,0,0,0
12,0,0,1,0,41,1681,1,1.6956000328063965,58,78,0,0,0,0
14,0,0,0,1,16,256,0,2.525700092315674,35,78,0,0,0,0
12,1,0,0,0,3,9,0,0.9746000170707703,20,78,0,0,0,0
16,1,0,0,1,27,729,0,2.1089999675750732,48,78,0,0,0,0
7,1,0,1,0,31,961,0,1.294700026512146,43,78,0,0,0,0
11,1,0,1,0,2,4,0,0.9746000170707703,18,78,0,0,0,0
12,1,0,0,1,19,361,0,1.2237999439239502,36,78,0,0,0,0
1,1,0,0,1,47,2209,0,1.2039999961853027,53,78,0,0,0,0
12,1,0,0,0,1,1,0,1.0472999811172485,18,78,0,0,0,0
9,1,0,0,1,5,25,0,1.8215999603271484,19,78,0,0,0,0
12,1,1,1,0,38,1444,1,1.1394000053405762,55,78,0,0,0,0
12,1,0,1,0,2,4,0,0.9162999987602234,19,78,0,0,0,0
12,1,0,0,1,19,361,0,2.2083001136779785,36,78,0,0,0,0
12,1,0,0,1,38,1444,1,2.169100046157837,55,78,0,0,0,0
12,1,0,0,1,22,484,0,1.7918000221252441,39,78,0,0,0,0
12,1,0,0,1,6,36,0,1.386299967765808,23,78,0,0,0,0
13,1,0,1,1,15,225,0,1.8717999458312988,33,78,0,0,0,0
12,1,0,0,1,27,729,0,1.2039999961853027,44,78,0,0,0,0
12,1,0,1,0,1,1,0,1.2164000272750854,18,78,0,0,0,0
17,1,0,1,1,12,144,0,1.909500002861023,34,78,0,0,0,0
16,1,0,0,1,31,961,0,1.7635999917984009,52,78,0,0,0,0
10,1,0,0,1,18,324,0,1.295799970626831,33,78,0,0,0,0
7,1,1,1,0,33,1089,0,1.3217999935150146,45,78,0,0,0,0
6,1,0,0,0,39,1521,0,1.5669000148773193,50,78,0,0,0,0
16,1,0,0,0,4,16,0,1.6094000339508057,25,78,0,0,0,0
14,1,0,1,0,4,16,0,1.4291000366210938,23,78,0,0,0,0
14,1,0,1,0,2,4,0,1.6582000255584717,21,78,0,0,0,0
17,1,0,0,0,4,16,0,1.9057999849319458,26,78,0,0,0,0
13,1,0,1,0,21,441,1,2.014899969100952,39,78,0,0,0,0
4,1,0,0,0,13,169,0,0.9555000066757202,22,78,0,0,0,0
17,1,0,0,1,18,324,0,2.6454999446868896,40,78,0,0,0,0
14,1,0,1,0,9,81,0,2.526900053024292,28,78,0,0,0,0
16,1,0,0,0,8,64,0,1.6094000339508057,29,78,0,0,0,0
10,1,1,0,1,35,1225,0,1.386299967765808,50,78,0,0,0,0
6,1,0,1,1,17,289,0,1.0647000074386597,28,78,0,0,0,0
13,0,0,0,0,1,1,0,1.5261000394821167,19,78,0,0,0,0
16,0,0,0,1,3,9,1,1.4469000101089478,24,78,0,0,0,0
10,0,0,0,1,41,1681,1,1.8717999458312988,56,78,0,0,0,0
12,0,0,1,1,41,1681,1,3.0564000606536865,58,78,0,0,0,0
18,0,0,0,1,36,1296,0,1.8839000463485718,59,78,0,0,0,0
10,0,1,1,1,16,256,1,1.2527999877929688,31,78,0,0,0,0
12,0,1,1,0,36,1296,1,1.5892000198364258,53,78,0,0,0,0
12,0,1,0,1,39,1521,0,1.8205000162124634,56,78,0,0,0,0
13,0,0,0,1,2,4,0,1.7918000221252441,20,78,0,0,0,0
15,0,0,0,1,8,64,0,1.8136999607086182,28,78,0,0,0,0
12,0,0,0,1,35,1225,0,2.197200059890747,52,78,0,0,0,0
12,0,0,1,0,12,144,0,1.6606999635696411,29,78,0,0,0,0
12,0,0,1,0,11,121,0,1.6094000339508057,28,78,0,0,0,0
18,0,1,1,0,10,100,0,1.8839000463485718,33,78,0,0,0,0
16,0,1,1,0,3,9,0,1.3217999935150146,24,78,0,0,0,0
10,0,0,0,1,48,2304,1,1.2527999877929688,63,78,0,0,0,0
15,0,0,0,0,20,400,1,2.494999885559082,40,78,0,0,0,0
6,0,0,0,1,51,2601,1,1.8717999458312988,62,78,0,0,0,0
12,0,0,1,1,12,144,0,1.2237999439239502,29,78,0,0,0,0
10,0,0,0,1,26,676,0,1.7384999990463257,41,78,0,0,0,0
9,0,0,1,1,34,1156,1,2.079400062561035,48,78,0,0,0,0
13,0,0,1,1,35,1225,0,1.4452999830245972,53,78,0,0,0,0
12,0,0,1,0,12,144,0,1.4469000101089478,29,78,0,0,0,0
11,0,0,0,0,5,25,0,1.2878999710083008,21,78,0,0,0,0
14,0,0,0,0,8,64,0,1.7491999864578247,27,78,0,0,0,0
12,0,0,0,1,29,841,1,2.0476999282836914,46,78,0,0,0,0
7,0,0,0,1,38,1444,1,1.8325999975204468,50,78,0,0,0,0
12,0,0,0,1,33,1089,0,1.3986999988555908,50,78,0,0,0,0
8,0,0,0,1,42,1764,0,1.8325999975204468,55,78,0,0,0,0
16,0,0,0,0,1,1,0,1.93149995803833,22,78,0,0,0,0
13,0,1,0,0,17,289,1,1.9577000141143799,35,78,0,0,0,0
16,0,0,1,1,5,25,0,1.8325999975204468,26,78,0,0,0,0
12,0,0,1,0,13,169,0,1.2527999877929688,30,78,0,0,0,0
12,0,0,1,1,23,529,0,1.2383999824523926,40,78,0,0,0,0
16,0,0,1,1,12,144,1,0.613099992275238,33,78,0,0,0,0
12,0,1,0,1,20,400,1,2.014899969100952,37,78,0,0,0,0
13,0,0,0,1,33,1089,0,2.169100046157837,51,78,0,0,0,0
9,0,0,0,1,22,484,0,1.4299999475479126,36,78,0,0,0,0
10,0,0,1,0,27,729,1,1.6404999494552612,42,78,0,0,0,0
14,0,0,0,1,9,81,1,1.927899956703186,28,78,0,0,0,0
16,0,0,0,0,5,25,0,1.9809999465942383,26,78,0,0,0,0
12,0,0,0,1,8,64,0,1.5580999851226807,25,78,0,0,0,0
12,0,0,0,1,32,1024,1,2.169100046157837,49,78,0,0,0,0
11,0,0,0,1,12,144,1,2.014899969100952,28,78,0,0,0,0
16,0,0,0,0,2,4,0,1.9772000312805176,23,78,0,0,0,0
12,0,0,0,1,32,1024,1,1.9033000469207764,49,78,0,0,0,0
12,0,0,0,1,32,1024,0,1.8325999975204468,49,78,0,0,0,0
18,0,1,0,1,13,169,1,2.2571001052856445,36,78,0,0,0,0
8,0,0,0,1,34,1156,1,1.8562999963760376,47,78,0,0,0,0
9,0,0,1,0,16,256,0,-0.07800000160932541,30,78,0,0,0,0
16,0,0,0,1,8,64,0,1.6740000247955322,29,78,0,0,0,0
10,0,1,0,0,33,1089,0,1.6094000339508057,48,78,0,0,0,0
12,0,0,0,1,24,576,1,2.079400062561035,41,78,0,0,0,0
9,0,1,0,1,34,1156,1,1.8325999975204468,48,78,0,0,0,0
18,0,0,0,1,30,900,0,2.920799970626831,53,78,0,0,0,0
12,0,0,0,0,4,16,1,1.1394000053405762,21,78,0,0,0,0
16,0,1,1,1,5,25,0,1.8325999975204468,26,78,0,0,0,0
12,0,0,1,1,5,25,0,1.5841000080108643,22,78,0,0,0,0
10,0,0,0,1,44,1936,1,2.0820000171661377,59,78,0,0,0,0
11,0,0,0,0,8,64,0,1.704699993133545,24,78,0,0,0,0
12,0,0,1,1,26,676,0,1.8244999647140503,43,78,0,0,0,0
14,0,0,0,1,37,1369,0,1.992400050163269,56,78,0,0,0,0
12,0,1,1,0,20,400,0,1.0296000242233276,37,78,0,0,0,0
16,0,1,0,1,16,256,1,2.2558000087738037,37,78,0,0,0,0
12,0,0,0,1,14,196,0,2.3025999069213867,31,78,0,0,0,0
10,0,0,1,0,15,225,1,1.6375999450683594,30,78,0,0,0,0
12,0,0,0,0,3,9,1,1.5841000080108643,20,78,0,0,0,0
16,0,0,0,1,11,121,0,2.176800012588501,32,78,0,0,0,0
8,0,0,0,1,40,1600,1,1.8325999975204468,53,78,0,0,0,0
12,0,0,1,0,21,441,0,2.407900094985962,38,78,0,0,0,0
13,0,0,0,1,3,9,0,1.9636000394821167,21,78,0,0,0,0
12,0,0,1,0,17,289,0,1.9740999937057495,34,78,0,0,0,0
12,0,0,0,0,6,36,0,1.4350999593734741,23,78,0,0,0,0
11,1,1,0,1,28,784,1,2.079400062561035,44,78,0,0,0,0
12,1,0,1,1,6,36,0,1.2039999961853027,23,78,0,0,0,0
14,1,0,1,0,4,16,0,1.2527999877929688,23,78,0,0,0,0
12,1,0,0,1,41,1681,0,2.169100046157837,58,78,0,0,0,0
12,1,0,0,0,16,256,1,2.014899969100952,33,78,0,0,0,0
12,1,0,1,1,6,36,0,0.4519999921321869,23,78,0,0,0,0
12,1,0,0,1,39,1521,1,2.079400062561035,56,78,0,0,0,0
10,1,0,0,1,15,225,0,1.6928000450134277,30,78,0,0,0,0
12,1,0,1,1,18,324,0,1.4325000047683716,35,78,0,0,0,0
15,1,0,0,1,7,49,0,1.492900013923645,27,78,0,0,0,0
16,1,0,0,1,36,1296,0,1.1394000053405762,57,78,0,0,0,0
14,1,0,1,1,6,36,0,1.7237000465393066,25,78,0,0,0,0
12,1,1,1,0,13,169,0,1.5261000394821167,30,78,0,0,0,0
13,1,0,0,0,2,4,0,1.0986000299453735,20,78,0,0,0,0
5,1,0,0,1,50,2500,0,1.1575000286102295,60,78,0,0,0,0
12,1,0,1,1,21,441,0,1.5580999851226807,38,78,0,0,0,0
12,1,0,0,1,28,784,0,1.2935999631881714,45,78,0,0,0,0
12,1,0,0,1,12,144,1,1.4759000539779663,29,78,0,0,0,0
15,1,1,1,1,29,841,0,1.280900001525879,49,78,0,0,0,0
12,1,0,0,1,7,49,0,1.386299967765808,24,78,0,0,0,0
12,1,0,0,1,22,484,0,2.120300054550171,39,78,0,0,0,0
12,1,1,1,0,11,121,0,1.348099946975708,28,78,0,0,0,0
12,0,0,1,0,40,1600,0,1.5217000246047974,57,78,0,0,0,0
12,0,0,0,1,31,961,0,1.531499981880188,48,78,0,0,0,0
12,0,0,1,1,10,100,0,1.4213999509811401,27,78,0,0,0,0
16,0,0,0,1,9,81,0,1.9809999465942383,30,78,0,0,0,0
12,0,1,1,1,10,100,1,1.4469000101089478,27,78,0,0,0,0
15,0,0,0,1,42,1764,0,3.132200002670288,62,78,0,0,0,0
12,0,0,1,1,45,2025,0,0.8873000144958496,62,78,0,0,0,0
17,0,0,0,1,8,64,1,2.3513998985290527,30,78,0,0,0,0
15,0,0,0,1,32,1024,0,2.169100046157837,52,78,0,0,0,0
14,0,0,0,0,1,1,0,1.2527999877929688,20,78,0,0,0,0
12,0,0,1,1,17,289,0,1.4270999431610107,34,78,0,0,0,0
14,0,0,0,1,10,100,0,1.7404999732971191,29,78,0,0,0,0
12,0,0,0,1,18,324,1,2.226599931716919,35,78,0,0,0,0
12,0,0,1,0,10,100,1,0.9675999879837036,27,78,0,0,0,0
12,0,0,0,1,29,841,1,1.8325999975204468,46,78,0,0,0,0
12,0,0,1,0,39,1521,0,1.6094000339508057,56,78,0,0,0,0
12,0,0,1,1,31,961,0,1.1786999702453613,48,78,0,0,0,0
10,0,0,0,1,18,324,1,2.251300096511841,33,78,0,0,0,0
12,0,1,1,1,14,196,1,2.014899969100952,31,78,0,0,0,0
12,0,0,1,1,8,64,0,1.0116000175476074,25,78,0,0,0,0
12,1,0,0,0,9,81,0,1.6094000339508057,26,78,0,0,0,0
16,1,0,1,0,3,9,0,1.0296000242233276,24,78,0,0,0,0
9,1,1,1,1,24,576,0,0.9746000170707703,38,78,0,0,0,0
7,1,0,1,1,21,441,0,0.8108999729156494,33,78,0,0,0,0
12,1,0,0,1,15,225,0,1.2878999710083008,32,78,0,0,0,0
18,1,0,0,0,2,4,0,1.8005000352859497,25,78,0,0,0,0
16,1,1,1,0,12,144,0,1.0986000299453735,33,78,0,0,0,0
12,1,1,1,1,7,49,0,1.1938999891281128,24,78,0,0,0,0
9,1,1,1,0,33,1089,0,1.3217999935150146,47,78,0,0,0,0
15,1,0,0,0,5,25,0,1.6486999988555908,25,78,0,0,0,0
18,1,0,1,0,3,9,0,1.3217999935150146,26,78,0,0,0,0
11,1,0,1,1,8,64,0,0.8989999890327454,24,78,0,0,0,0
13,1,0,1,1,5,25,0,1.379699945449829,23,78,0,0,0,0
12,1,0,1,1,1,1,0,1.2264000177383423,18,78,0,0,0,0
12,0,0,1,1,21,441,0,0.921999990940094,38,78,0,0,0,0
12,0,0,0,0,1,1,0,0.9772999882698059,18,78,0,0,0,0
11,0,0,1,1,37,1369,0,1.0159000158309937,53,78,0,0,0,0
12,0,0,0,1,17,289,1,1.6094000339508057,34,78,0,0,0,0
12,0,0,1,0,43,1849,0,1.6582000255584717,60,78,0,0,0,0
12,0,0,0,0,4,16,0,1.7272000312805176,21,78,0,0,0,0
12,0,0,0,0,6,36,0,1.0986000299453735,23,78,0,0,0,0
8,0,0,0,1,49,2401,1,1.9458999633789062,62,78,0,0,0,0
16,0,0,0,1,13,169,0,2.2783000469207764,34,78,0,0,0,0
18,0,0,0,1,11,121,1,1.5333000421524048,34,78,0,0,0,0
8,0,0,1,1,18,324,0,1.0472999811172485,31,78,0,0,0,0
7,1,1,0,1,14,196,0,1.517899990081787,26,78,0,0,0,0
15,1,0,1,1,20,400,0,1.629699945449829,40,78,0,0,0,0
14,1,0,1,0,38,1444,0,1.8717999458312988,57,78,0,0,0,0
10,1,0,0,1,46,2116,1,1.6094000339508057,61,78,0,0,0,0
18,1,0,0,1,20,400,0,2.6872000694274902,43,78,0,0,0,0
16,1,0,1,0,7,49,0,1.8907999992370605,28,78,0,0,0,0
12,1,0,1,1,10,100,0,1.1786999702453613,27,78,0,0,0,0
18,1,0,0,1,12,144,0,2.7079999446868896,35,78,0,0,0,0
12,1,0,1,0,13,169,0,2.1914000511169434,30,78,0,0,0,0
16,1,0,0,1,20,400,0,2.120300054550171,41,78,0,0,0,0
12,1,0,0,0,6,36,0,1.50409996509552,23,78,0,0,0,0
9,1,0,1,0,6,36,0,1.1786999702453613,20,78,0,0,0,0
8,1,0,0,1,40,1600,0,1.1632000207901,53,78,0,0,0,0
12,1,0,1,0,1,1,0,0.9445000290870667,18,78,0,0,0,0
10,1,1,0,0,14,196,1,1.6094000339508057,29,78,0,0,0,0
12,1,0,0,0,5,25,0,1.0647000074386597,22,78,0,0,0,0
8,1,0,0,1,17,289,0,1.0647000074386597,30,78,0,0,0,0
12,1,0,0,1,14,196,0,2.001499891281128,31,78,0,0,0,0
12,1,0,1,1,12,144,0,1.1394000053405762,29,78,0,0,0,0
13,1,0,0,1,30,900,1,1.9912999868392944,48,78,0,0,0,0
14,1,0,0,1,38,1444,1,2.014899969100952,57,78,0,0,0,0
12,1,1,0,1,23,529,0,1.0647000074386597,40,78,0,0,0,0
9,1,0,0,0,5,25,0,0.9746000170707703,19,78,0,0,0,0
12,1,0,0,1,36,1296,1,2.157599925994873,53,78,0,0,0,0
11,1,1,1,0,34,1156,0,1.1786999702453613,50,78,0,0,0,0
13,1,0,0,1,5,25,1,1.9936000108718872,23,78,0,0,0,0
6,0,1,0,1,48,2304,0,1.573799967765808,59,78,0,0,0,0
6,0,0,0,1,38,1444,0,2.2225000858306885,49,78,0,0,0,0
15,0,1,1,0,8,64,0,1.6548999547958374,28,78,0,0,0,0
12,0,0,1,0,39,1521,1,1.7272000312805176,56,78,0,0,0,0
16,0,0,1,0,16,256,1,2.031399965286255,37,78,0,0,0,0
14,0,0,1,1,25,625,0,0.4519999921321869,44,78,0,0,0,0
13,1,0,0,1,4,16,0,1.3217999935150146,22,78,0,0,0,0
12,1,0,0,0,6,36,0,1.6094000339508057,23,78,0,0,0,0
12,1,0,1,0,46,2116,0,2.0215001106262207,63,78,0,0,0,0
18,1,1,1,0,22,484,0,1.6818000078201294,45,78,0,0,0,0
11,1,0,0,1,27,729,0,1.8325999975204468,43,78,0,0,0,0
12,1,0,0,1,4,16,1,1.2527999877929688,21,78,0,0,0,0
11,1,0,0,1,41,1681,1,1.6340999603271484,57,78,0,0,0,0
16,1,1,1,0,30,900,1,2.3025999069213867,51,78,0,0,0,0
14,1,0,1,1,3,9,0,1.7430000305175781,22,78,0,0,0,0
7,1,1,0,1,21,441,1,1.8325999975204468,33,78,0,0,0,0
12,1,1,1,1,22,484,0,1.0498000383377075,39,78,0,0,0,0
18,1,0,0,0,9,81,0,2.157599925994873,32,78,0,0,0,0
16,1,0,0,1,27,729,0,2.3826000690460205,48,78,0,0,0,0
16,1,0,1,0,2,4,0,1.5580999851226807,23,78,0,0,0,0
12,0,0,1,1,8,64,1,1.4230999946594238,25,78,0,0,0,0
10,0,0,1,1,27,729,0,1.1632000207901,42,78,0,0,0,0
12,0,0,0,1,13,169,0,1.6243000030517578,30,78,0,0,0,0
10,0,0,0,1,43,1849,1,2.014899969100952,58,78,0,0,0,0
14,0,0,0,1,16,256,0,1.9867000579833984,35,78,0,0,0,0
12,0,0,0,1,12,144,0,1.0498000383377075,29,78,0,0,0,0
15,0,0,1,0,4,16,0,1.386299967765808,24,78,0,0,0,0
12,0,0,1,1,4,16,0,1.3217999935150146,21,78,0,0,0,0
12,0,0,1,0,12,144,1,1.5261000394821167,29,78,0,0,0,0
16,0,0,0,1,5,25,0,2.197200059890747,26,78,0,0,0,0
18,1,0,0,1,36,1296,0,1.8970999717712402,59,78,0,0,0,0
2,1,1,0,1,55,3025,0,1.1394000053405762,62,78,0,0,0,0
12,1,0,0,0,17,289,0,1.3545000553131104,34,78,0,0,0,0
12,1,0,0,1,14,196,0,2.120300054550171,31,78,0,0,0,0
18,1,0,0,0,31,961,0,2.492000102996826,54,78,0,0,0,0
12,1,0,1,0,21,441,0,1.0986000299453735,38,78,0,0,0,0
12,1,0,0,0,5,25,0,1.5993000268936157,22,78,0,0,0,0
14,1,0,1,1,22,484,0,2.094899892807007,41,78,0,0,0,0
7,1,0,0,1,19,361,1,1.6094000339508057,31,78,0,0,0,0
11,1,0,0,1,30,900,0,2.525700092315674,46,78,0,0,0,0
14,1,0,0,1,9,81,0,1.8325999975204468,28,78,0,0,0,0
12,1,0,1,1,30,900,0,1.568600058555603,47,78,0,0,0,0
12,1,0,0,0,9,81,1,1.7143000364303589,26,78,0,0,0,0
12,1,0,1,0,7,49,0,1.1786999702453613,24,78,0,0,0,0
13,1,0,1,0,1,1,0,0.6930999755859375,19,78,0,0,0,0
12,1,0,0,1,14,196,1,1.5580999851226807,31,78,0,0,0,0
8,0,0,0,1,37,1369,1,2.397900104522705,50,78,0,0,0,0
12,0,0,1,1,28,784,0,1.6094000339508057,45,78,0,0,0,0
13,0,0,1,1,8,64,1,1.7491999864578247,26,78,0,0,0,0
12,0,0,0,1,36,1296,1,1.6291999816894531,53,78,0,0,0,0
12,0,0,1,0,1,1,0,1.2527999877929688,18,78,0,0,0,0
12,0,0,1,0,17,289,0,1.6094000339508057,34,78,0,0,0,0
15,0,0,0,0,5,25,0,1.3217999935150146,25,78,0,0,0,0
12,0,0,1,1,4,16,0,1.2527999877929688,21,78,0,0,0,0
12,0,0,0,1,15,225,1,1.9020999670028687,32,78,0,0,0,0
8,1,0,0,1,18,324,0,0.9925000071525574,31,78,0,0,0,0
16,1,0,0,1,2,4,0,1.386299967765808,23,78,0,0,0,0
16,1,0,0,1,6,36,0,1.8970999717712402,27,78,0,0,0,0
12,1,0,1,1,23,529,0,1.7272000312805176,40,78,0,0,0,0
12,1,0,1,0,12,144,0,0.9746000170707703,29,78,0,0,0,0
12,1,0,0,1,20,400,1,2.3025999069213867,37,78,0,0,0,0
16,1,0,0,1,17,289,0,2.3025999069213867,38,78,0,0,0,0
16,0,0,1,1,8,64,0,2.0411999225616455,29,78,0,0,0,0
12,0,0,1,0,4,16,0,1.531499981880188,21,78,0,0,0,0
12,0,1,0,0,13,169,0,1.386299967765808,30,78,0,0,0,0
16,0,0,0,0,12,144,0,2.046799898147583,33,78,0,0,0,0
15,0,0,0,0,17,289,0,2.2899999618530273,37,78,0,0,0,0
17,0,0,1,1,8,64,0,1.8717999458312988,30,78,0,0,0,0
10,0,0,0,1,42,1764,0,1.865399956703186,57,78,0,0,0,0
10,0,0,0,0,5,25,1,1.7309000492095947,20,78,0,0,0,0
16,0,0,0,0,18,324,1,1.9740999937057495,39,78,0,0,0,0
12,0,0,1,0,3,9,0,1.4469000101089478,20,78,0,0,0,0
8,0,0,0,0,22,484,0,1.4270999431610107,35,78,0,0,0,0
12,0,0,1,1,18,324,0,1.2648999691009521,35,78,0,0,0,0
12,0,0,0,1,8,64,0,1.9636000394821167,25,78,0,0,0,0
15,0,0,0,1,1,1,0,1.7272000312805176,21,78,0,0,0,0
15,0,0,1,0,4,16,0,1.48580002784729,24,78,0,0,0,0
12,0,0,0,1,11,121,0,1.386299967765808,28,78,0,0,0,0
12,0,0,0,1,45,2025,1,2.1517999172210693,62,78,0,0,0,0
12,0,0,0,1,35,1225,0,2.101900100708008,52,78,0,0,0,0
11,1,1,0,0,22,484,0,1.0116000175476074,38,78,0,0,0,0
12,1,0,1,1,13,169,0,1.7272000312805176,30,78,0,0,0,0
14,1,0,0,1,34,1156,0,3.3513998985290527,53,78,0,0,0,0
10,1,0,0,1,9,81,1,1.3217999935150146,24,78,0,0,0,0
10,1,0,0,1,36,1296,0,1.7918000221252441,51,78,0,0,0,0
10,1,0,0,1,14,196,0,1.6094000339508057,29,78,0,0,0,0
12,0,0,1,1,2,4,0,1.12909996509552,19,78,0,0,0,0
8,0,0,0,1,32,1024,1,1.6486999988555908,45,78,0,0,0,0
14,0,0,1,0,39,1521,0,1.9458999633789062,58,78,0,0,0,0
12,0,0,1,1,9,81,0,0.8650000095367432,26,78,0,0,0,0
18,0,0,0,1,3,9,0,1.9372999668121338,26,78,0,0,0,0
10,0,0,0,1,8,64,0,0.8650000095367432,23,78,0,0,0,0
16,0,0,0,1,7,49,0,1.3805999755859375,28,78,0,0,0,0
14,0,0,0,1,7,49,0,1.6094000339508057,26,78,0,0,0,0
13,0,0,0,1,4,16,0,1.8325999975204468,22,78,0,0,0,0
16,0,0,0,0,5,25,0,1.6677000522613525,26,78,0,0,0,0
14,1,1,0,0,6,36,0,1.0986000299453735,25,78,0,0,0,0
12,1,0,0,1,37,1369,0,1.8795000314712524,54,78,0,0,0,0
6,1,1,0,0,11,121,0,1.0986000299453735,22,78,0,0,0,0
8,1,0,1,0,41,1681,1,1.6094000339508057,54,78,0,0,0,0
12,1,1,1,0,30,900,0,2.7444000244140625,47,78,0,0,0,0
16,1,0,0,1,13,169,0,2.163800001144409,34,78,0,0,0,0
18,0,0,1,0,4,16,0,1.6094000339508057,27,78,0,0,0,0
12,0,0,1,1,16,256,0,1.7272000312805176,33,78,0,0,0,0
13,0,0,0,1,8,64,1,1.3083000183105469,26,78,0,0,0,0
16,0,0,0,1,32,1024,0,2.014899969100952,53,78,0,0,0,0
12,0,0,1,0,6,36,0,0.9703999757766724,23,78,0,0,0,0
14,0,0,1,1,30,900,0,1.3609999418258667,49,78,0,0,0,0
12,0,0,1,0,1,1,0,1.0986000299453735,18,78,0,0,0,0
12,0,0,0,0,4,16,1,1.6486999988555908,21,78,0,0,0,0
13,0,0,0,1,41,1681,1,2.691200017929077,59,78,0,0,0,0
12,0,0,0,1,22,484,1,2.0411999225616455,39,78,0,0,0,0
12,0,0,0,1,22,484,0,1.7618999481201172,39,78,0,0,0,0
15,0,0,0,1,31,961,1,2.525700092315674,51,78,0,0,0,0
16,0,0,1,0,2,4,1,1.8523999452590942,23,78,0,0,0,0
15,0,0,0,1,19,361,1,2.079400062561035,39,78,0,0,0,0
12,0,0,1,1,14,196,0,1.8100999593734741,31,78,0,0,0,0
11,0,0,1,0,16,256,0,1.2039999961853027,32,78,0,0,0,0
12,1,0,0,0,3,9,0,1.34660005569458,20,78,0,0,0,0
12,1,0,0,1,3,9,1,1.5146000385284424,20,78,0,0,0,0
8,1,0,0,1,30,900,1,2.1101999282836914,43,78,0,0,0,0
12,1,0,1,0,3,9,0,0.9162999987602234,20,78,0,0,0,0
4,1,1,0,1,55,3025,0,1.1474000215530396,64,78,0,0,0,0
12,1,0,0,0,3,9,0,1.1394000053405762,20,78,0,0,0,0
11,1,0,0,1,19,361,1,2.525700092315674,35,78,0,0,0,0
9,1,0,1,0,27,729,1,1.455299973487854,41,78,0,0,0,0
12,1,0,0,1,9,81,1,1.7918000221252441,26,78,0,0,0,0
12,0,1,0,0,13,169,0,1.4350999593734741,30,78,0,0,0,0
16,0,0,0,1,31,961,0,2.5494000911712646,52,78,0,0,0,0
12,0,0,1,0,16,256,0,1.542199969291687,33,78,0,0,0,0
11,0,0,0,0,4,16,0,0.9746000170707703,20,78,0,0,0,0
16,0,0,0,1,3,9,0,2.001499891281128,24,78,0,0,0,0
16,0,0,1,0,4,16,0,1.4469000101089478,25,78,0,0,0,0
12,0,0,1,1,36,1296,1,1.3217999935150146,53,78,0,0,0,0
9,1,0,0,1,6,36,0,1.6094000339508057,20,78,0,0,0,0
12,1,0,0,1,19,361,0,1.9867000579833984,36,78,0,0,0,0
18,1,0,0,1,14,196,0,2.0669000148773193,37,78,0,0,0,0
12,0,0,0,1,38,1444,0,1.4609999656677246,55,78,0,0,0,0
13,0,0,0,1,8,64,1,1.8100999593734741,26,78,0,0,0,0
12,0,0,1,1,4,16,0,1.5580999851226807,21,78,0,0,0,0
15,0,0,0,0,12,144,0,1.8325999975204468,32,78,0,0,0,0
12,0,0,0,1,41,1681,0,2.444499969482422,58,78,0,0,0,0
12,0,0,1,1,24,576,0,1.7430000305175781,41,78,0,0,0,0
11,0,0,0,1,17,289,0,1.7918000221252441,33,78,0,0,0,0
12,0,0,1,1,8,64,0,1.1786999702453613,25,78,0,0,0,0
12,0,0,0,0,2,4,0,1.386299967765808,19,78,0,0,0,0
12,0,0,0,1,2,4,0,1.2447999715805054,19,78,0,0,0,0
12,0,0,1,1,39,1521,0,1.4469000101089478,56,78,0,0,0,0
12,0,0,0,1,6,36,0,2.525700092315674,23,78,0,0,0,0
9,0,0,1,1,34,1156,0,1.0296000242233276,48,78,0,0,0,0
17,0,0,0,1,14,196,0,2.014899969100952,36,78,0,0,0,0
17,0,0,0,1,7,49,0,2.094899892807007,29,78,0,0,0,0
10,0,0,1,0,46,2116,0,0.9943000078201294,61,78,0,0,0,0
18,0,0,0,1,4,16,0,1.927899956703186,27,78,0,0,0,0
12,0,0,1,1,12,144,0,0.5595999956130981,29,78,0,0,0,0
12,0,0,1,1,6,36,0,1.2164000272750854,23,78,0,0,0,0
6,0,0,0,1,15,225,0,1.4469000101089478,26,78,0,0,0,0
13,0,0,0,1,12,144,1,1.50409996509552,30,78,0,0,0,0
17,0,0,0,1,15,225,0,2.169100046157837,37,78,0,0,0,0
12,0,0,0,1,15,225,0,2.079400062561035,32,78,0,0,0,0
12,0,1,1,1,12,144,1,1.1151000261306763,29,78,0,0,0,0
12,0,0,0,1,23,529,0,1.6790000200271606,40,78,0,0,0,0
14,0,0,0,0,41,1681,0,2.184799909591675,60,78,0,0,0,0
12,0,0,1,0,42,1764,0,1.50409996509552,59,78,0,0,0,0
12,0,0,0,1,10,100,0,1.704699993133545,27,78,0,0,0,0
10,0,0,0,1,20,400,0,1.4586000442504883,35,78,0,0,0,0
13,0,0,0,1,4,16,1,1.729699969291687,22,78,0,0,0,0
16,0,0,1,1,11,121,1,1.8325999975204468,32,78,0,0,0,0
12,0,0,1,0,6,36,0,1.1394000053405762,23,78,0,0,0,0
14,0,0,0,1,19,361,0,1.2496000528335571,38,78,0,0,0,0
12,0,0,0,1,32,1024,0,2.2400999069213867,49,78,0,0,0,0
12,0,0,0,1,21,441,0,1.386299967765808,38,78,0,0,0,0
11,0,0,0,1,39,1521,0,1.2164000272750854,55,78,0,0,0,0
18,0,0,0,1,15,225,0,2.0815000534057617,38,78,0,0,0,0
12,0,0,1,1,25,625,1,1.5943000316619873,42,78,0,0,0,0
12,0,0,1,0,18,324,0,1.0733000040054321,35,78,0,0,0,0
12,0,0,1,1,21,441,0,1.704699993133545,38,78,0,0,0,0
17,0,0,1,1,11,121,1,2.2437000274658203,33,78,0,0,0,0
14,0,0,0,0,6,36,0,1.1394000053405762,25,78,0,0,0,0
12,0,1,0,0,5,25,1,0.8755000233650208,22,78,0,0,0,0
15,1,1,1,1,12,144,0,2.104099988937378,32,78,0,0,0,0
8,1,1,0,1,44,1936,0,1.0986000299453735,57,78,0,0,0,0
16,1,1,1,0,7,49,0,2.169100046157837,28,78,0,0,0,0
16,1,1,1,0,25,625,0,1.348099946975708,46,78,0,0,0,0
12,0,0,1,0,5,25,1,1.0986000299453735,22,78,0,0,0,0
12,0,0,0,1,27,729,0,2.079400062561035,44,78,0,0,0,0
10,0,0,1,0,36,1296,1,1.2935999631881714,51,78,0,0,0,0
12,0,0,0,0,31,961,0,2.1401000022888184,48,78,0,0,0,0
14,0,0,0,0,27,729,0,2.404900074005127,46,78,0,0,0,0
13,0,0,1,1,44,1936,0,1.3986999988555908,62,78,0,0,0,0
16,0,0,1,0,7,49,0,1.4291000366210938,28,78,0,0,0,0
12,0,0,0,0,13,169,1,1.9912999868392944,30,78,0,0,0,0
14,0,0,1,1,36,1296,0,1.3545000553131104,55,78,0,0,0,0
12,0,0,1,0,4,16,0,1.2668999433517456,21,78,0,0,0,0
12,0,0,0,1,30,900,1,2.0476999282836914,47,78,0,0,0,0
10,0,0,0,1,16,256,0,1.6094000339508057,31,78,0,0,0,0
17,0,0,0,1,15,225,1,2.014899969100952,37,78,0,0,0,0
13,0,0,1,0,2,4,0,0.9725000262260437,20,78,0,0,0,0
12,0,0,0,1,32,1024,1,1.8325999975204468,49,78,0,0,0,0
12,0,0,0,1,9,81,0,1.2039999961853027,26,78,0,0,0,0
18,0,0,0,1,21,441,0,2.3025999069213867,44,78,0,0,0,0
12,0,0,1,1,4,16,0,1.2527999877929688,21,78,0,0,0,0
13,0,0,1,1,35,1225,0,1.50409996509552,53,78,0,0,0,0
14,0,0,1,1,5,25,0,1.386299967765808,24,78,0,0,0,0
12,0,0,1,0,1,1,0,1.0116000175476074,18,78,0,0,0,0
10,0,0,0,0,3,9,0,1.3657000064849854,18,78,0,0,0,0
12,0,0,1,0,3,9,0,1.3217999935150146,20,78,0,0,0,0
12,0,0,0,1,21,441,0,2.3025999069213867,38,78,0,0,0,0
12,0,0,0,1,6,36,0,2.014899969100952,23,78,0,0,0,0
18,1,0,0,0,34,1156,0,3.217900037765503,57,78,0,0,0,0
12,1,0,1,0,22,484,0,1.6094000339508057,39,78,0,0,0,0
17,1,0,0,1,16,256,0,2.5840001106262207,38,78,0,0,0,0
13,0,0,1,0,4,16,0,1.3217999935150146,22,78,0,0,0,0
18,0,0,0,1,15,225,0,2.101900100708008,38,78,0,0,0,0
13,0,0,0,1,26,676,0,1.6784000396728516,44,78,0,0,0,0
17,0,0,1,1,19,361,1,1.7491999864578247,41,78,0,0,0,0
7,0,0,0,1,43,1849,0,0.9746000170707703,55,78,0,0,0,0
8,0,0,0,1,18,324,0,1.8717999458312988,31,78,0,0,0,0
17,0,0,0,1,10,100,1,1.6094000339508057,32,78,0,0,0,0
10,0,0,0,0,3,9,0,0.7985000014305115,18,78,0,0,0,0
9,0,0,0,1,46,2116,0,1.2039999961853027,60,78,0,0,0,0
12,0,0,1,1,10,100,1,1.417099952697754,27,78,0,0,0,0
17,0,0,0,1,5,25,1,1.8870999813079834,27,78,0,0,0,0
14,0,0,0,0,5,25,0,1.6503000259399414,24,78,0,0,0,0
12,0,0,1,0,7,49,0,1.1924999952316284,24,78,0,0,0,0
12,0,0,0,1,15,225,1,2.3933000564575195,32,78,0,0,0,0
12,0,0,0,1,31,961,1,2.1888999938964844,48,78,0,0,0,0
12,0,0,0,1,39,1521,0,2.525700092315674,56,78,0,0,0,0
14,0,0,0,1,8,64,0,1.6094000339508057,27,78,0,0,0,0
13,0,0,1,1,28,784,0,0.9162999987602234,46,78,0,0,0,0
16,0,0,1,0,10,100,1,2.4144999980926514,31,78,0,0,0,0
12,0,0,0,1,36,1296,1,2.525700092315674,53,78,0,0,0,0
15,0,0,1,1,3,9,1,2.079400062561035,23,78,0,0,0,0
12,0,0,0,1,27,729,1,2.6582999229431152,44,78,0,0,0,0
8,0,0,0,1,47,2209,1,2.474400043487549,60,78,0,0,0,0
12,0,0,1,0,39,1521,1,2.6391000747680664,56,78,0,0,0,0
15,0,0,0,0,12,144,0,2.525700092315674,32,78,0,0,0,0
10,0,0,0,1,27,729,0,2.197200059890747,43,85,1,0,10,0
12,0,0,0,1,20,400,0,1.704699993133545,38,85,1,0,12,0
12,0,0,1,0,4,16,0,1.3350000381469727,22,85,1,1,12,0
12,0,0,1,1,29,841,0,2.3513998985290527,47,85,1,1,12,0
12,0,0,0,1,40,1600,1,2.7079999446868896,58,85,1,0,12,1
16,0,0,1,1,27,729,0,2.197200059890747,49,85,1,1,16,0
12,0,0,1,1,5,25,1,2.2585999965667725,23,85,1,1,12,1
14,0,0,0,0,22,484,0,2.7079999446868896,42,85,1,0,14,0
8,0,0,0,1,42,1764,0,2.397900104522705,56,85,1,0,8,0
12,0,0,1,1,14,196,0,1.6094000339508057,32,85,1,1,12,0
17,0,0,0,1,18,324,0,3.217900037765503,41,85,1,0,17,0
17,0,0,0,0,3,9,0,3.015500068664551,26,85,1,0,17,0
14,0,0,0,0,4,16,1,3.218899965286255,24,85,1,0,14,1
14,0,0,0,0,14,196,0,2.6375999450683594,34,85,1,0,14,0
12,0,0,0,1,35,1225,0,1.2527999877929688,53,85,1,0,12,0
14,0,0,0,0,0,0,0,1.6094000339508057,20,85,1,0,14,0
16,0,0,0,1,7,49,1,2.3025999069213867,29,85,1,0,16,1
16,0,1,0,1,26,676,1,2.7079999446868896,48,85,1,0,16,1
13,0,1,0,0,3,9,0,1.7630000114440918,22,85,1,0,13,0
13,0,0,0,0,16,256,0,2.2083001136779785,35,85,1,0,13,0
17,0,1,1,1,32,1024,0,2.4203999042510986,55,85,1,1,17,0
12,0,1,0,1,25,625,1,2.5648999214172363,43,85,1,0,12,1
14,0,0,1,0,15,225,1,2.079400062561035,35,85,1,1,14,1
12,0,0,1,1,38,1444,0,1.4539999961853027,56,85,1,1,12,0
16,0,1,0,1,17,289,0,2.063699960708618,39,85,1,0,16,0
12,0,0,1,0,7,49,0,1.9378999471664429,25,85,1,1,12,0
17,0,0,1,0,5,25,0,3.217900037765503,28,85,1,1,17,0
14,0,0,0,1,22,484,0,2.3025999069213867,42,85,1,0,14,0
14,0,0,0,1,21,441,0,2.621000051498413,41,85,1,0,14,0
13,0,0,1,1,2,4,0,1.7272000312805176,21,85,1,1,13,0
14,0,1,0,1,16,256,0,2.685800075531006,36,85,1,0,14,0
16,0,0,0,1,18,324,0,3.217900037765503,40,85,1,0,16,0
12,0,0,0,1,14,196,0,2.4848999977111816,32,85,1,0,12,0
18,0,0,0,1,12,144,0,2.7079999446868896,36,85,1,0,18,0
16,0,0,0,0,3,9,0,1.753499984741211,25,85,1,0,16,0
17,0,0,1,1,13,169,0,2.5376999378204346,36,85,1,1,17,0
16,0,0,1,0,42,1764,0,2.4605000019073486,64,85,1,1,16,0
12,0,0,0,1,8,64,0,2.5648999214172363,26,85,1,0,12,0
15,0,0,1,1,6,36,0,2.525700092315674,27,85,1,1,15,0
16,0,0,0,1,22,484,0,3.1135001182556152,44,85,1,0,16,0
16,0,1,1,0,3,9,0,2.4203999042510986,25,85,1,1,16,0
16,0,0,0,1,33,1089,0,2.733099937438965,55,85,1,0,16,0
13,0,0,1,0,8,64,1,2.0411999225616455,27,85,1,1,13,1
12,0,0,0,1,26,676,0,2.4714999198913574,44,85,1,0,12,0
14,0,0,0,1,0,0,0,1.6094000339508057,20,85,1,0,14,0
12,0,0,0,1,28,784,0,1.8717999458312988,46,85,1,0,12,0
8,0,0,0,1,33,1089,1,2.197200059890747,47,85,1,0,8,1
12,0,0,0,0,0,0,0,1.2089999914169312,18,85,1,0,12,0
12,0,0,1,1,7,49,0,1.50409996509552,25,85,1,1,12,0
14,0,0,1,1,12,144,0,2.3538999557495117,32,85,1,1,14,0
9,0,0,0,1,47,2209,1,1.2527999877929688,62,85,1,0,9,1
16,0,0,0,1,12,144,0,2.7079999446868896,34,85,1,0,16,0
12,0,0,1,0,25,625,0,2.1401000022888184,43,85,1,1,12,0
12,0,0,1,1,44,1936,0,2.21589994430542,62,85,1,1,12,0
9,0,0,0,0,33,1089,1,2.2618000507354736,48,85,1,0,9,1
8,0,0,1,1,22,484,0,1.927899956703186,36,85,1,1,8,0
18,0,0,1,1,14,196,0,2.635499954223633,38,85,1,1,18,0
14,0,1,0,0,22,484,0,2.3025999069213867,42,85,1,0,14,0
12,0,0,1,0,41,1681,0,1.3217999935150146,59,85,1,1,12,0
12,0,0,1,0,8,64,0,2.079400062561035,26,85,1,1,12,0
12,0,0,1,1,43,1849,0,2.456700086593628,61,85,1,1,12,0
8,0,1,1,0,29,841,0,2.1844000816345215,43,85,1,1,8,0
12,0,1,0,0,6,36,1,1.386299967765808,24,85,1,0,12,1
12,0,1,1,0,21,441,0,1.704699993133545,39,85,1,1,12,0
16,0,1,0,0,3,9,0,1.2089999914169312,25,85,1,0,16,0
12,0,0,1,1,40,1600,0,2.380500078201294,58,85,1,1,12,0
12,0,0,0,1,5,25,0,1.9458999633789062,23,85,1,0,12,0
13,0,0,0,1,34,1156,1,2.3025999069213867,53,85,1,0,13,1
16,0,0,1,1,10,100,0,1.686400055885315,32,85,1,1,16,0
12,0,0,1,0,10,100,0,2.014899969100952,28,85,1,1,12,0
12,0,0,0,1,41,1681,1,2.4203999042510986,59,85,1,0,12,1
10,0,0,1,1,25,625,1,2.3025999069213867,41,85,1,1,10,1
13,0,0,0,0,0,0,0,1.386299967765808,19,85,1,0,13,0
18,0,0,0,1,14,196,1,2.6036999225616455,38,85,1,0,18,1
12,0,0,0,0,22,484,0,1.909500002861023,40,85,1,0,12,0
14,0,0,1,1,32,1024,0,2.6593000888824463,52,85,1,1,14,0
15,0,0,1,1,9,81,0,2.2772998809814453,30,85,1,1,15,0
12,0,0,1,0,0,0,0,1.2089999914169312,18,85,1,1,12,0
8,0,0,1,0,49,2401,0,1.2237999439239502,63,85,1,1,8,0
14,0,0,1,1,32,1024,0,1.7272000312805176,52,85,1,1,14,0
12,0,0,0,1,7,49,1,1.9458999633789062,25,85,1,0,12,1
16,0,0,1,1,10,100,0,2.3025999069213867,32,85,1,1,16,0
10,0,0,1,0,44,1936,1,1.8083000183105469,60,85,1,1,10,1
12,0,0,1,1,27,729,0,1.427899956703186,45,85,1,1,12,0
12,0,0,1,1,16,256,0,1.568600058555603,34,85,1,1,12,0
12,0,0,0,1,3,9,0,1.7491999864578247,21,85,1,0,12,0
12,0,0,0,1,8,64,0,1.5580999851226807,26,85,1,0,12,0
17,0,0,0,1,7,49,1,2.23799991607666,30,85,1,0,17,1
12,0,0,1,0,8,64,0,1.6582000255584717,26,85,1,1,12,0
9,0,0,1,1,42,1764,0,1.5994000434875488,57,85,1,1,9,0
16,0,0,1,1,11,121,0,2.9639999866485596,33,85,1,1,16,0
12,0,0,0,1,23,529,0,2.9946999549865723,41,85,1,0,12,0
12,0,0,0,0,4,16,0,1.386299967765808,22,85,1,0,12,0
12,0,0,1,0,0,0,0,1.6094000339508057,18,85,1,1,12,0
14,0,0,0,1,25,625,0,2.3589999675750732,45,85,1,0,14,0
12,0,1,0,0,22,484,1,2.3025999069213867,40,85,1,0,12,1
14,0,0,1,0,15,225,0,1.9981000423431396,35,85,1,1,14,0
15,0,0,0,0,10,100,0,2.525700092315674,31,85,1,0,15,0
16,0,0,1,0,20,400,0,1.386299967765808,42,85,1,1,16,0
12,0,0,1,1,24,576,0,2.710099935531616,42,85,1,1,12,0
12,1,0,0,1,12,144,0,2.772599935531616,30,85,1,0,12,0
12,1,0,1,0,12,144,0,1.2697999477386475,30,85,1,1,12,0
12,1,0,0,0,16,256,0,1.50409996509552,34,85,1,0,12,0
12,1,0,1,0,4,16,0,1.5151000022888184,22,85,1,1,12,0
12,1,0,1,1,43,1849,0,1.280900001525879,61,85,1,1,12,0
12,1,0,1,1,14,196,0,2.079400062561035,32,85,1,1,12,0
12,1,0,1,0,10,100,0,1.5580999851226807,28,85,1,1,12,0
12,1,0,0,1,2,4,0,1.906599998474121,20,85,1,0,12,0
12,1,0,0,1,28,784,0,2.407900094985962,46,85,1,0,12,0
7,1,0,1,1,15,225,0,1.7918000221252441,28,85,1,1,7,0
12,1,0,0,1,20,400,0,2.3025999069213867,38,85,1,0,12,0
12,1,0,1,1,30,900,0,2.4203999042510986,48,85,1,1,12,0
12,1,0,1,1,9,81,0,1.3737000226974487,27,85,1,1,12,0
16,1,1,0,1,13,169,0,2.8622000217437744,35,85,1,0,16,0
13,1,0,1,0,1,1,0,1.2668999433517456,20,85,1,1,13,0
16,1,0,0,0,8,64,0,1.7918000221252441,30,85,1,0,16,0
14,1,0,0,1,15,225,0,3.0910000801086426,35,85,1,0,14,0
12,1,0,1,0,6,36,0,1.8325999975204468,24,85,1,1,12,0
7,1,0,0,1,14,196,0,1.50409996509552,27,85,1,0,7,0
13,1,0,1,0,28,784,0,2.3341000080108643,47,85,1,1,13,0
14,1,0,0,1,10,100,0,2.5013999938964844,30,85,1,0,14,0
17,1,0,0,0,14,196,0,2.899399995803833,37,85,1,0,17,0
16,1,0,0,1,10,100,0,2.7079999446868896,32,85,1,0,16,0
13,1,0,1,1,10,100,0,2.169100046157837,29,85,1,1,13,0
14,1,0,0,1,44,1936,0,2.9946999549865723,64,85,1,0,14,0
16,0,0,1,0,10,100,1,1.8970999717712402,32,85,1,1,16,1
14,0,0,0,1,22,484,1,2.264400005340576,42,85,1,0,14,1
11,0,0,0,1,18,324,1,1.704699993133545,35,85,1,0,11,1
12,0,0,1,0,9,81,0,2.079400062561035,27,85,1,1,12,0
18,0,0,1,1,19,361,0,2.995699882507324,43,85,1,1,18,0
17,0,0,1,1,14,196,0,2.251300096511841,37,85,1,1,17,0
16,0,0,1,0,6,36,1,2.4672000408172607,28,85,1,1,16,1
16,0,0,1,0,17,289,0,2.6310999393463135,39,85,1,1,16,0
11,0,0,1,1,24,576,0,1.704699993133545,41,85,1,1,11,0
11,0,0,1,0,12,144,0,1.9458999633789062,29,85,1,1,11,0
12,0,0,1,1,38,1444,0,2.2669999599456787,56,85,1,1,12,0
15,0,0,1,0,33,1089,0,2.361799955368042,54,85,1,1,15,0
2,0,0,0,0,16,256,0,1.3217999935150146,24,85,1,0,2,0
14,0,0,1,1,10,100,0,2.4848999977111816,30,85,1,1,14,0
14,0,0,1,1,14,196,0,2.1470999717712402,34,85,1,1,14,0
14,0,0,0,0,16,256,0,2.7813000679016113,36,85,1,0,14,0
11,0,0,0,0,11,121,0,1.3217999935150146,28,85,1,0,11,0
16,0,1,1,1,6,36,0,2.197200059890747,28,85,1,1,16,0
12,0,1,1,1,33,1089,0,2.57450008392334,51,85,1,1,12,0
16,0,0,0,0,10,100,0,2.580199956893921,32,85,1,0,16,0
12,0,0,0,0,19,361,0,2.224600076675415,37,85,1,0,12,0
12,0,0,0,0,4,16,0,1.6094000339508057,22,85,1,0,12,0
17,0,0,1,0,3,9,1,1.7918000221252441,26,85,1,1,17,1
12,0,0,1,1,32,1024,0,1.9458999633789062,50,85,1,1,12,0
8,0,0,0,1,19,361,0,1.5476000308990479,33,85,1,0,8,0
16,0,0,1,1,22,484,0,2.014899969100952,44,85,1,1,16,0
18,0,0,0,1,33,1089,0,1.9458999633789062,57,85,1,0,18,0
18,0,0,0,1,19,361,0,2.4173998832702637,43,85,1,0,18,0
18,0,0,0,1,3,9,0,1.7430000305175781,27,85,1,0,18,0
12,0,0,0,1,12,144,0,1.704699993133545,30,85,1,0,12,0
12,0,0,0,1,16,256,0,2.197200059890747,34,85,1,0,12,0
12,0,0,1,1,4,16,0,1.417099952697754,22,85,1,1,12,0
12,0,0,0,1,11,121,1,2.3025999069213867,29,85,1,0,12,1
12,0,0,0,1,17,289,0,2.014899969100952,35,85,1,0,12,0
11,0,0,0,0,16,256,0,1.294700026512146,33,85,1,0,11,0
12,0,0,0,1,18,324,0,2.184799909591675,36,85,1,0,12,0
18,0,0,0,1,15,225,0,2.890399932861328,39,85,1,0,18,0
14,0,1,0,0,0,0,0,1.2089999914169312,20,85,1,0,14,0
16,0,1,0,0,8,64,0,2.5989999771118164,30,85,1,0,16,0
16,0,0,0,1,17,289,0,3.1135001182556152,39,85,1,0,16,0
18,0,0,0,0,13,169,0,2.9444000720977783,37,85,1,0,18,0
12,0,0,1,1,18,324,0,2.1893999576568604,36,85,1,1,12,0
11,0,1,1,1,16,256,0,1.9458999633789062,33,85,1,1,11,0
14,0,0,1,0,24,576,0,1.4270999431610107,44,85,1,1,14,0
12,0,0,0,1,23,529,0,2.285399913787842,41,85,1,0,12,0
12,0,0,0,0,1,1,0,1.8970999717712402,19,85,1,0,12,0
12,0,0,1,1,10,100,1,1.9458999633789062,28,85,1,1,12,1
12,0,0,1,1,42,1764,0,1.2910000085830688,60,85,1,1,12,0
18,0,0,1,0,37,1369,0,3.1278998851776123,61,85,1,1,18,0
12,0,0,1,1,14,196,0,1.6094000339508057,32,85,1,1,12,0
18,0,0,0,1,14,196,0,3.1135001182556152,38,85,1,0,18,0
12,0,0,1,1,11,121,0,2.4848999977111816,29,85,1,1,12,0
12,0,0,1,1,38,1444,0,1.837399959564209,56,85,1,1,12,0
12,0,0,1,0,3,9,0,1.50409996509552,21,85,1,1,12,0
12,0,0,0,1,9,81,0,1.7918000221252441,27,85,1,0,12,0
10,0,0,0,1,13,169,0,1.909500002861023,29,85,1,0,10,0
12,0,0,0,0,9,81,0,2.169100046157837,27,85,1,0,12,0
16,0,0,0,1,11,121,0,2.585900068283081,33,85,1,0,16,0
13,0,0,1,1,30,900,0,1.8325999975204468,49,85,1,1,13,0
12,0,0,1,0,15,225,1,2.1960999965667725,33,85,1,1,12,1
14,0,0,0,0,2,4,0,2.014899969100952,22,85,1,0,14,0
17,0,0,1,1,24,576,0,2.4848999977111816,47,85,1,1,17,0
18,0,0,1,0,31,961,1,2.6391000747680664,55,85,1,1,18,1
14,0,0,0,0,19,361,0,2.798799991607666,39,85,1,0,14,0
14,0,0,0,0,2,4,0,1.8325999975204468,22,85,1,0,14,0
12,0,0,0,1,4,16,1,2.3513998985290527,22,85,1,0,12,1
9,0,0,1,1,46,2116,1,2.251300096511841,61,85,1,1,9,1
6,0,0,1,1,43,1849,1,1.0986000299453735,55,85,1,1,6,1
14,0,0,1,1,13,169,0,2.221400022506714,33,85,1,1,14,0
12,0,0,1,0,15,225,0,1.386299967765808,33,85,1,1,12,0
12,0,0,1,0,16,256,0,1.3350000381469727,34,85,1,1,12,0
12,0,0,1,1,19,361,0,1.7918000221252441,37,85,1,1,12,0
12,0,0,1,1,28,784,0,1.6094000339508057,46,85,1,1,12,0
12,0,0,0,1,42,1764,0,2.7079999446868896,60,85,1,0,12,0
11,0,0,1,0,45,2025,1,1.7137999534606934,62,85,1,1,11,1
16,0,1,0,1,7,49,0,2.197200059890747,29,85,1,0,16,0
17,0,0,0,1,31,961,0,3.217900037765503,54,85,1,0,17,0
12,0,0,1,1,24,576,0,2.1389000415802,42,85,1,1,12,0
14,0,0,1,1,17,289,0,1.6094000339508057,37,85,1,1,14,0
12,0,0,0,1,26,676,1,3.100100040435791,44,85,1,0,12,1
16,0,1,0,1,5,25,1,2.2235000133514404,27,85,1,0,16,1
16,0,0,1,1,17,289,0,2.079400062561035,39,85,1,1,16,0
10,1,0,1,0,33,1089,0,1.2527999877929688,49,85,1,1,10,0
13,1,0,1,1,2,4,0,1.2089999914169312,21,85,1,1,13,0
16,1,1,1,1,14,196,0,1.2089999914169312,36,85,1,1,16,0
16,1,0,1,1,28,784,1,2.995699882507324,50,85,1,1,16,1
12,1,0,1,0,46,2116,0,1.386299967765808,64,85,1,1,12,0
16,1,0,0,1,38,1444,0,2.890399932861328,60,85,1,0,16,0
13,1,0,1,0,0,0,0,1.50409996509552,19,85,1,1,13,0
12,1,0,1,0,1,1,0,2.0557000637054443,19,85,1,1,12,0
12,1,0,1,1,5,25,0,0.5595999956130981,23,85,1,1,12,0
18,1,0,1,1,13,169,0,1.6486999988555908,37,85,1,1,18,0
10,1,0,0,0,19,361,0,2.169100046157837,35,85,1,0,10,0
12,1,0,0,1,5,25,0,1.6094000339508057,23,85,1,0,12,0
12,1,1,1,1,6,36,0,1.3217999935150146,24,85,1,1,12,0
13,1,0,0,1,9,81,0,1.783400058746338,28,85,1,0,13,0
12,1,0,0,0,7,49,0,1.386299967765808,25,85,1,0,12,0
3,1,0,0,1,55,3025,0,1.9458999633789062,64,85,1,0,3,0
17,1,0,1,0,1,1,0,1.6094000339508057,24,85,1,1,17,0
6,1,1,1,0,33,1089,0,1.530400037765503,45,85,1,1,6,0
12,1,0,1,1,21,441,0,1.7491999864578247,39,85,1,1,12,0
18,0,0,0,1,29,841,0,3.217900037765503,53,85,1,0,18,0
18,0,0,0,1,7,49,0,2.7592999935150146,31,85,1,0,18,0
16,0,0,0,0,10,100,0,2.7444000244140625,32,85,1,0,16,0
16,0,0,0,0,9,81,0,1.2089999914169312,31,85,1,0,16,0
18,0,0,0,1,7,49,0,2.899399995803833,31,85,1,0,18,0
18,0,0,0,0,33,1089,1,2.079400062561035,57,85,1,0,18,1
13,0,0,0,0,31,961,0,1.7918000221252441,50,85,1,0,13,0
18,0,0,0,1,5,25,0,2.8478000164031982,29,85,1,0,18,0
16,0,0,1,0,2,4,0,1.704699993133545,24,85,1,1,16,0
12,0,0,0,0,20,400,0,2.0346999168395996,38,85,1,0,12,0
16,0,1,0,0,4,16,0,1.8325999975204468,26,85,1,0,16,0
12,0,0,1,1,45,2025,0,1.8562999963760376,63,85,1,1,12,0
12,0,0,1,1,24,576,0,1.8839000463485718,42,85,1,1,12,0
12,0,0,0,1,43,1849,0,2.525700092315674,61,85,1,0,12,0
18,0,0,0,1,10,100,0,2.5903000831604004,34,85,1,0,18,0
12,0,0,0,0,3,9,0,1.704699993133545,21,85,1,0,12,0
15,0,0,0,0,5,25,0,2.4203999042510986,26,85,1,0,15,0
12,0,0,1,0,45,2025,0,2.3631999492645264,63,85,1,1,12,0
12,0,1,1,1,43,1849,1,2.079400062561035,61,85,1,1,12,1
17,0,0,1,1,26,676,1,2.3224000930786133,49,85,1,1,17,1
12,0,0,1,1,42,1764,0,1.756100058555603,60,85,1,1,12,0
12,0,0,0,1,37,1369,0,1.9879000186920166,55,85,1,0,12,0
14,0,0,1,0,1,1,0,3.7955000400543213,21,85,1,1,14,0
13,0,0,1,1,14,196,0,2.3513998985290527,33,85,1,1,13,0
12,0,0,0,1,8,64,0,2.2363998889923096,26,85,1,0,12,0
12,0,0,1,1,24,576,0,1.6486999988555908,42,85,1,1,12,0
12,0,0,1,1,20,400,0,1.4469000101089478,38,85,1,1,12,0
17,0,0,1,0,13,169,1,2.7695000171661377,36,85,1,1,17,1
15,0,0,0,1,12,144,0,3.1135001182556152,33,85,1,0,15,0
16,1,0,1,1,4,16,0,1.6094000339508057,26,85,1,1,16,0
12,1,1,0,1,14,196,0,1.6677000522613525,32,85,1,0,12,0
18,1,0,0,1,14,196,0,1.8325999975204468,38,85,1,0,18,0
18,1,0,1,0,13,169,0,2.3025999069213867,37,85,1,1,18,0
12,1,0,0,1,20,400,0,1.704699993133545,38,85,1,0,12,0
9,1,0,1,1,30,900,0,1.9169000387191772,45,85,1,1,9,0
12,1,0,1,1,28,784,0,1.0986000299453735,46,85,1,1,12,0
16,1,0,0,1,14,196,1,2.3025999069213867,36,85,1,0,16,1
10,1,0,0,0,13,169,0,1.5789999961853027,29,85,1,0,10,0
12,1,0,0,1,32,1024,0,2.242500066757202,50,85,1,0,12,0
15,1,0,1,0,26,676,0,1.7918000221252441,47,85,1,1,15,0
13,1,0,1,0,0,0,0,1.4469000101089478,19,85,1,1,13,0
14,1,0,0,1,12,144,1,2.3996999263763428,32,85,1,0,14,1
12,1,1,1,1,32,1024,0,2.498199939727783,50,85,1,1,12,0
12,1,0,0,1,12,144,0,2.1317999362945557,30,85,1,0,12,0
12,1,0,0,0,3,9,0,2.4361000061035156,21,85,1,0,12,0
9,1,0,0,1,29,841,0,2.9946999549865723,44,85,1,0,9,0
14,1,0,1,0,10,100,0,1.927899956703186,30,85,1,1,14,0
12,0,0,1,1,16,256,1,1.7430000305175781,34,85,1,1,12,1
12,0,0,1,1,8,64,0,1.2089999914169312,26,85,1,1,12,0
9,0,0,1,1,16,256,0,1.5789999961853027,31,85,1,1,9,0
12,0,0,1,1,15,225,0,1.7491999864578247,33,85,1,1,12,0
12,0,0,1,1,18,324,0,1.686400055885315,36,85,1,1,12,0
12,0,0,1,1,38,1444,0,2.5769999027252197,56,85,1,1,12,0
12,0,0,1,1,13,169,0,2.4261999130249023,31,85,1,1,12,0
13,0,0,0,1,18,324,0,2.169100046157837,37,85,1,0,13,0
12,0,0,0,1,19,361,1,2.5030999183654785,37,85,1,0,12,1
10,0,0,0,1,15,225,0,1.6582000255584717,31,85,1,0,10,0
14,1,0,0,0,5,25,0,1.7148000001907349,25,85,1,0,14,0
12,1,0,1,1,36,1296,0,1.523900032043457,54,85,1,1,12,0
12,1,0,0,1,38,1444,0,2.014899969100952,56,85,1,0,12,0
12,1,0,0,0,5,25,0,2.4848999977111816,23,85,1,0,12,0
12,1,0,0,1,35,1225,1,2.772599935531616,53,85,1,0,12,1
11,1,1,0,0,3,9,0,1.2089999914169312,20,85,1,0,11,0
10,1,0,0,0,27,729,0,1.492900013923645,43,85,1,0,10,0
12,1,0,1,1,29,841,0,1.4469000101089478,47,85,1,1,12,0
10,1,1,1,1,38,1444,0,2.5725998878479004,54,85,1,1,10,0
10,1,0,0,1,9,81,0,1.9458999633789062,25,85,1,0,10,0
6,1,0,0,1,45,2025,0,1.7491999864578247,57,85,1,0,6,0
8,1,0,0,1,27,729,0,1.8717999458312988,41,85,1,0,8,0
12,1,1,0,1,20,400,0,2.0292999744415283,38,85,1,0,12,0
16,1,0,0,1,14,196,1,3.020400047302246,36,85,1,0,16,1
12,1,0,0,0,1,1,0,1.8325999975204468,19,85,1,0,12,0
11,1,1,1,1,25,625,0,1.3454999923706055,42,85,1,1,11,0
14,1,0,0,1,21,441,0,2.8124001026153564,41,85,1,0,14,0
17,0,0,1,0,10,100,0,2.4203999042510986,33,85,1,1,17,0
14,0,0,0,0,2,4,0,1.7316999435424805,22,85,1,0,14,0
11,0,0,0,0,17,289,0,1.8717999458312988,34,85,1,0,11,0
12,0,0,1,1,24,576,0,2.0476999282836914,42,85,1,1,12,0
12,0,0,0,1,26,676,1,1.9358999729156494,44,85,1,0,12,1
12,0,0,0,1,39,1521,1,2.7079999446868896,57,85,1,0,12,1
7,0,1,0,1,42,1764,1,1.9458999633789062,55,85,1,0,7,1
7,1,0,0,1,43,1849,0,1.2089999914169312,56,85,1,0,7,0
12,1,0,0,0,5,25,0,1.8717999458312988,23,85,1,0,12,0
16,1,0,1,1,7,49,0,1.8325999975204468,29,85,1,1,16,0
13,1,0,1,1,6,36,0,1.6094000339508057,25,85,1,1,13,0
13,1,1,1,0,1,1,0,1.2383999824523926,20,85,1,1,13,0
14,1,0,0,1,41,1681,0,2.174799919128418,61,85,1,0,14,0
16,1,0,1,1,4,16,0,2.3025999069213867,26,85,1,1,16,0
11,1,0,1,1,25,625,1,1.386299967765808,42,85,1,1,11,1
12,1,0,1,1,39,1521,0,2.251300096511841,57,85,1,1,12,0
14,1,0,1,1,15,225,0,2.3447000980377197,35,85,1,1,14,0
18,1,0,0,1,10,100,0,1.6505999565124512,34,85,1,0,18,0
12,1,0,1,0,20,400,0,2.014899969100952,38,85,1,1,12,0
17,1,0,0,1,2,4,0,1.9458999633789062,25,85,1,0,17,0
11,1,1,0,1,28,784,1,2.377700090408325,45,85,1,0,11,1
10,1,0,0,1,27,729,1,2.1861000061035156,43,85,1,0,10,1
16,1,0,1,0,13,169,0,1.3217999935150146,35,85,1,1,16,0
15,1,0,0,0,4,16,0,1.3217999935150146,25,85,1,0,15,0
12,0,0,0,0,13,169,0,2.246000051498413,31,85,1,0,12,0
12,0,0,0,1,33,1089,1,2.7079999446868896,51,85,1,0,12,1
12,0,0,1,0,6,36,0,1.280900001525879,24,85,1,1,12,0
18,0,0,0,1,23,529,1,2.4848999977111816,47,85,1,0,18,1
16,0,0,1,1,6,36,0,2.3631999492645264,28,85,1,1,16,0
16,0,0,1,1,16,256,0,2.6391000747680664,38,85,1,1,16,0
16,0,0,0,0,3,9,1,1.6094000339508057,25,85,1,0,16,1
12,0,0,0,0,19,361,1,2.4423000812530518,37,85,1,0,12,1
12,0,0,0,1,43,1849,1,2.6180999279022217,61,85,1,0,12,1
12,1,0,0,1,34,1156,0,2.3631999492645264,52,85,1,0,12,0
12,1,0,1,0,25,625,0,2.00819993019104,43,85,1,1,12,0
10,1,1,0,1,41,1681,1,1.909500002861023,57,85,1,0,10,1
17,1,1,1,0,6,36,0,1.7706999778747559,29,85,1,1,17,0
12,1,1,0,0,2,4,0,1.232100009918213,20,85,1,0,12,0
8,1,1,1,1,37,1369,0,1.4701999425888062,51,85,1,1,8,0
12,1,1,0,1,19,361,1,2.5648999214172363,37,85,1,0,12,1
5,1,0,0,1,44,1936,0,2.6391000747680664,55,85,1,0,5,0
10,1,1,1,1,37,1369,0,1.256600022315979,53,85,1,1,10,0
13,1,0,0,0,8,64,0,1.4586000442504883,27,85,1,0,13,0
18,1,0,0,1,12,144,0,1.7669999599456787,36,85,1,0,18,0
12,0,0,0,0,8,64,0,1.7918000221252441,26,85,1,0,12,0
16,0,0,0,1,13,169,1,2.397900104522705,35,85,1,0,16,1
13,0,0,0,0,32,1024,0,3.0564000606536865,51,85,1,0,13,0
16,0,0,0,1,18,324,0,2.6758999824523926,40,85,1,0,16,0
12,0,1,0,0,8,64,0,1.9242000579833984,26,85,1,0,12,0
16,0,0,1,0,0,0,0,2.3025999069213867,18,85,1,1,16,0
16,0,0,1,1,7,49,0,2.3025999069213867,29,85,1,1,16,0
16,1,0,1,0,5,25,0,3.217900037765503,27,85,1,1,16,0
12,1,0,1,1,17,289,0,1.3217999935150146,35,85,1,1,12,0
11,1,0,0,1,39,1521,0,1.8717999458312988,56,85,1,0,11,0
12,1,0,0,0,4,16,0,1.6094000339508057,22,85,1,0,12,0
8,1,0,1,0,45,2025,0,1.5151000022888184,59,85,1,1,8,0
12,0,0,0,0,8,64,0,1.8717999458312988,26,85,1,0,12,0
16,0,0,0,0,9,81,0,2.3585000038146973,31,85,1,0,16,0
12,0,0,0,1,23,529,0,2.2576000690460205,41,85,1,0,12,0
16,0,0,1,1,14,196,0,2.4848999977111816,36,85,1,1,16,0
12,0,0,1,0,16,256,0,2.1401000022888184,34,85,1,1,12,0
12,0,0,1,1,15,225,0,1.4110000133514404,33,85,1,1,12,0
12,0,0,1,0,15,225,0,1.50409996509552,33,85,1,1,12,0
16,0,0,0,1,16,256,0,2.4423000812530518,38,85,1,0,16,0
14,0,0,0,0,13,169,0,2.1861000061035156,33,85,1,0,14,0
11,0,0,0,0,15,225,1,2.653899908065796,32,85,1,0,11,1
16,0,0,0,1,11,121,0,2.6136999130249023,33,85,1,0,16,0
18,0,0,1,0,40,1600,0,3.100100040435791,64,85,1,1,18,0
18,0,0,1,1,11,121,0,2.7079999446868896,35,85,1,1,18,0
13,1,0,0,1,17,289,0,2.086899995803833,36,85,1,0,13,0
12,1,0,0,1,12,144,0,1.909500002861023,30,85,1,0,12,0
11,1,1,0,1,14,196,0,1.50409996509552,31,85,1,0,11,0
12,1,0,1,1,26,676,0,1.9458999633789062,44,85,1,1,12,0
12,1,1,1,1,27,729,0,2.014899969100952,45,85,1,1,12,0
12,1,0,1,1,16,256,0,2.014899969100952,34,85,1,1,12,0
12,1,1,0,0,2,4,0,2.1401000022888184,20,85,1,0,12,0
7,1,0,0,1,44,1936,0,2.079400062561035,57,85,1,0,7,0
8,1,0,0,1,8,64,0,1.2527999877929688,22,85,1,0,8,0
12,1,0,0,1,9,81,0,2.525700092315674,27,85,1,0,12,0
12,1,0,0,0,1,1,1,1.7918000221252441,19,85,1,0,12,1
16,1,0,1,0,2,4,0,1.6582000255584717,24,85,1,1,16,0
12,1,0,0,0,6,36,0,1.6094000339508057,24,85,1,0,12,0
11,1,0,1,1,17,289,0,1.2527999877929688,34,85,1,1,11,0
14,1,0,0,1,14,196,1,2.397900104522705,34,85,1,0,14,1
12,0,0,0,0,3,9,0,2.014899969100952,21,85,1,0,12,0
12,0,0,0,1,13,169,0,2.1401000022888184,31,85,1,0,12,0
12,0,0,0,0,11,121,0,2.525700092315674,29,85,1,0,12,0
12,0,0,0,1,24,576,1,2.3749001026153564,42,85,1,0,12,1
12,0,0,1,1,14,196,1,2.525700092315674,32,85,1,1,12,1
17,0,0,0,1,7,49,0,2.0541000366210938,30,85,1,0,17,0
17,0,0,0,1,13,169,0,2.4848999977111816,36,85,1,0,17,0
12,1,1,1,1,10,100,0,1.2089999914169312,28,85,1,1,12,0
12,1,0,0,1,13,169,1,2.989500045776367,31,85,1,0,12,1
13,1,0,0,1,7,49,0,1.7918000221252441,26,85,1,0,13,0
8,1,0,1,1,39,1521,0,1.4398000240325928,53,85,1,1,8,0
14,1,0,1,1,6,36,0,1.2527999877929688,26,85,1,1,14,0
12,1,0,0,1,20,400,1,2.4848999977111816,38,85,1,0,12,1
12,0,0,1,1,7,49,0,1.2089999914169312,25,85,1,1,12,0
12,0,0,0,1,20,400,1,2.197200059890747,38,85,1,0,12,1
14,0,0,1,0,6,36,0,1.3812999725341797,26,85,1,1,14,0
12,0,0,1,1,39,1521,0,1.6094000339508057,57,85,1,1,12,0
16,0,0,0,1,15,225,0,2.5390000343322754,37,85,1,0,16,0
15,0,0,0,1,31,961,0,2.8478000164031982,52,85,1,0,15,0
12,0,0,1,0,25,625,0,2.251300096511841,43,85,1,1,12,0
11,0,0,0,1,13,169,1,2.6391000747680664,30,85,1,0,11,1
12,0,1,0,1,8,64,1,2.1401000022888184,26,85,1,0,12,1
12,0,0,1,1,2,4,0,1.4469000101089478,20,85,1,1,12,0
16,0,0,0,1,14,196,0,1.7578999996185303,36,85,1,0,16,0
13,0,0,0,1,14,196,0,2.4203999042510986,33,85,1,0,13,0
18,0,0,1,1,18,324,1,2.4848999977111816,42,85,1,1,18,1
12,0,0,1,1,28,784,0,2.4203999042510986,46,85,1,1,12,0
16,0,0,0,1,10,100,1,2.014899969100952,32,85,1,0,16,1
14,1,1,0,0,17,289,0,2.104099988937378,37,85,1,0,14,0
12,1,0,1,1,14,196,0,1.5789999961853027,32,85,1,1,12,0
12,1,0,1,1,2,4,0,1.5580999851226807,20,85,1,1,12,0
16,1,0,0,1,29,841,0,1.704699993133545,51,85,1,0,16,0
11,1,0,0,1,29,841,0,2.251300096511841,46,85,1,0,11,0
12,1,0,1,1,14,196,0,2.2618000507354736,32,85,1,1,12,0
13,0,0,1,1,33,1089,0,1.5151000022888184,52,85,1,1,13,0
16,0,0,0,1,4,16,0,2.7558000087738037,26,85,1,0,16,0
15,0,0,0,1,13,169,0,2.2885000705718994,34,85,1,0,15,0
14,0,0,1,0,24,576,0,2.3025999069213867,44,85,1,1,14,0
13,0,0,0,0,5,25,0,1.7578999996185303,24,85,1,0,13,0
14,1,0,0,0,1,1,0,2.0185999870300293,21,85,1,0,14,0
11,1,0,0,1,37,1369,1,2.2772998809814453,54,85,1,0,11,1
11,1,0,0,1,18,324,1,2.5648999214172363,35,85,1,0,11,1
15,1,0,1,1,10,100,0,2.330199956893921,31,85,1,1,15,0
12,1,0,0,1,16,256,1,2.5989999771118164,34,85,1,0,12,1
12,0,0,0,1,12,144,1,2.5313000679016113,30,85,1,0,12,1
14,0,0,1,0,4,16,0,2.1552000045776367,24,85,1,1,14,0
12,0,0,0,1,16,256,1,2.5848000049591064,34,85,1,0,12,1
14,0,1,0,1,34,1156,1,1.9242000579833984,54,85,1,0,14,1
13,0,0,0,1,10,100,1,2.5232999324798584,29,85,1,0,13,1
14,0,0,0,1,17,289,0,1.9660999774932861,37,85,1,0,14,0
13,0,0,1,1,16,256,0,2.525700092315674,35,85,1,1,13,0
10,0,0,0,1,20,400,0,2.3025999069213867,36,85,1,0,10,0
10,0,0,0,1,12,144,0,2.3025999069213867,28,85,1,0,10,0
12,0,0,0,1,30,900,0,2.169100046157837,48,85,1,0,12,0
16,0,0,1,1,26,676,0,2.23799991607666,48,85,1,1,16,0
13,0,0,0,1,13,169,0,2.407900094985962,32,85,1,0,13,0
8,0,0,1,1,21,441,0,1.6291999816894531,35,85,1,1,8,0
11,0,1,0,0,3,9,0,2.014899969100952,20,85,1,0,11,0
8,0,1,1,1,29,841,0,1.2237999439239502,43,85,1,1,8,0
12,0,0,1,1,3,9,0,1.50409996509552,21,85,1,1,12,0
18,0,1,0,1,27,729,0,1.8325999975204468,51,85,1,0,18,0
12,0,0,0,1,33,1089,0,3.022900104522705,51,85,1,0,12,0
13,0,0,0,0,17,289,0,2.128200054168701,36,85,1,0,13,0
12,0,0,1,1,15,225,0,2.079400062561035,33,85,1,1,12,0
9,0,0,0,1,38,1444,0,2.1401000022888184,53,85,1,0,9,0
12,0,0,0,0,9,81,0,1.3217999935150146,27,85,1,0,12,0
12,0,0,0,1,10,100,0,2.197200059890747,28,85,1,0,12,0
16,0,0,1,0,6,36,0,2.4890999794006348,28,85,1,1,16,0
12,0,0,1,1,7,49,0,1.50409996509552,25,85,1,1,12,0
9,0,1,0,0,16,256,0,1.568600058555603,31,85,1,0,9,0
10,0,0,0,1,30,900,0,1.8717999458312988,46,85,1,0,10,0
12,0,0,0,1,19,361,0,2.039799928665161,37,85,1,0,12,0
12,0,0,1,0,15,225,0,2.233599901199341,33,85,1,1,12,0
12,0,1,0,1,12,144,0,1.6094000339508057,30,85,1,0,12,0
12,0,1,1,1,33,1089,0,1.8083000183105469,51,85,1,1,12,0
12,0,1,0,0,36,1296,0,2.3673999309539795,54,85,1,0,12,0
12,0,1,1,0,25,625,0,1.2527999877929688,43,85,1,1,12,0
12,0,1,0,1,35,1225,1,2.3025999069213867,53,85,1,0,12,1
13,0,1,0,0,8,64,1,2.197200059890747,27,85,1,0,13,1
12,1,1,1,1,23,529,0,2.014899969100952,41,85,1,1,12,0
18,1,0,0,0,7,49,0,1.7430000305175781,31,85,1,0,18,0
17,1,0,0,0,3,9,0,2.1401000022888184,26,85,1,0,17,0
12,1,1,0,1,8,64,0,1.386299967765808,26,85,1,0,12,0
9,1,1,1,1,34,1156,1,1.7491999864578247,49,85,1,1,9,1
12,0,0,0,0,2,4,0,1.6582000255584717,20,85,1,0,12,0
12,0,0,0,1,34,1156,0,1.2527999877929688,52,85,1,0,12,0
11,0,0,0,0,2,4,0,1.50409996509552,19,85,1,0,11,0
12,0,0,1,0,11,121,0,1.704699993133545,29,85,1,1,12,0
13,0,0,1,1,4,16,0,1.8325999975204468,23,85,1,1,13,0
16,0,0,1,1,22,484,1,2.184799909591675,44,85,1,1,16,1
12,0,0,1,1,45,2025,0,1.6582000255584717,63,85,1,1,12,0
14,0,0,1,1,26,676,0,2.3273000717163086,46,85,1,1,14,0
14,0,0,1,1,12,144,0,1.8325999975204468,32,85,1,1,14,0
12,0,0,1,1,3,9,0,1.4701999425888062,21,85,1,1,12,0
13,0,0,0,0,36,1296,0,2.8824000358581543,55,85,1,0,13,0
12,0,0,1,1,9,81,1,2.014899969100952,27,85,1,1,12,1
16,0,0,1,1,7,49,0,1.8325999975204468,29,85,1,1,16,0
14,0,0,0,1,14,196,0,1.50409996509552,34,85,1,0,14,0
12,0,0,1,0,6,36,0,1.8562999963760376,24,85,1,1,12,0
15,0,0,0,1,1,1,1,1.5765999555587769,22,85,1,0,15,1
11,0,0,0,1,4,16,0,1.4230999946594238,21,85,1,0,11,0
12,0,0,1,1,5,25,0,1.63510000705719,23,85,1,1,12,0
8,0,0,1,1,38,1444,0,1.660099983215332,52,85,1,1,8,0
16,0,0,1,1,6,36,0,2.051300048828125,28,85,1,1,16,0
13,0,0,0,0,9,81,1,2.5703001022338867,28,85,1,0,13,1
13,0,0,1,1,15,225,0,2.079400062561035,34,85,1,1,13,0
15,0,0,1,1,11,121,0,2.036900043487549,32,85,1,1,15,0
12,0,0,0,0,17,289,0,2.014899969100952,35,85,1,0,12,0
12,0,0,0,0,1,1,0,1.0472999811172485,19,85,1,0,12,0
12,0,0,0,1,9,81,0,1.850600004196167,27,85,1,0,12,0
9,0,0,0,0,48,2304,0,1.2527999877929688,63,85,1,0,9,0
12,0,0,0,1,17,289,1,2.4291999340057373,35,85,1,0,12,1
12,0,0,1,1,33,1089,0,1.704699993133545,51,85,1,1,12,0
12,0,0,0,1,7,49,0,2.2137999534606934,25,85,1,0,12,0
14,0,0,1,1,12,144,0,2.074399948120117,32,85,1,1,14,0
16,0,0,1,1,6,36,0,1.7316999435424805,28,85,1,1,16,0
4,0,0,0,1,54,2916,0,1.7918000221252441,64,85,1,0,4,0
16,1,1,0,0,16,256,0,2.5989999771118164,38,85,1,0,16,0
11,1,0,1,1,8,64,0,1.294700026512146,25,85,1,1,11,0
9,1,0,0,0,30,900,1,1.8325999975204468,45,85,1,0,9,1
13,1,0,0,0,1,1,1,1.6390000581741333,20,85,1,0,13,1
17,1,0,0,1,32,1024,0,3.269200086593628,55,85,1,0,17,0
13,1,0,0,0,0,0,0,0.6980999708175659,19,85,1,0,13,0
12,1,0,1,0,26,676,0,1.6094000339508057,44,85,1,1,12,0
11,0,0,1,0,36,1296,0,2.169100046157837,53,85,1,1,11,0
14,0,0,1,1,19,361,0,2.525700092315674,39,85,1,1,14,0
12,0,0,0,0,12,144,0,1.386299967765808,30,85,1,0,12,0
16,0,0,0,1,21,441,0,1.50409996509552,43,85,1,0,16,0
12,0,0,1,0,11,121,0,1.8717999458312988,29,85,1,1,12,0
12,0,0,0,1,10,100,0,1.704699993133545,28,85,1,0,12,0
17,0,0,1,1,15,225,0,1.927899956703186,38,85,1,1,17,0
16,0,0,1,0,16,256,0,1.816499948501587,38,85,1,1,16,0
12,0,0,0,1,23,529,0,2.051300048828125,41,85,1,0,12,0
12,0,0,0,1,24,576,0,0.0,42,85,1,0,12,0
17,0,0,1,1,13,169,1,2.525700092315674,36,85,1,1,17,1
14,0,1,1,1,19,361,1,2.1803998947143555,39,85,1,1,14,1
11,0,0,1,1,20,400,0,1.4701999425888062,37,85,1,1,11,0
18,0,0,0,0,5,25,0,2.4303998947143555,29,85,1,0,18,0
8,0,0,0,1,47,2209,1,2.1893999576568604,61,85,1,0,8,1
11,0,0,1,1,33,1089,0,1.2527999877929688,50,85,1,1,11,0
14,0,0,0,1,21,441,1,3.2581000328063965,41,85,1,0,14,1
12,0,0,1,1,19,361,0,2.079400062561035,37,85,1,1,12,0
14,0,0,0,1,20,400,1,2.772599935531616,40,85,1,0,14,1
12,0,0,1,1,13,169,0,1.6770999431610107,31,85,1,1,12,0
17,0,1,1,1,25,625,1,3.1463000774383545,48,85,1,1,17,1
12,0,1,1,1,18,324,0,2.1552000045776367,36,85,1,1,12,0
14,0,0,1,0,13,169,0,2.917799949645996,33,85,1,1,14,0
18,0,0,0,1,8,64,0,3.100100040435791,32,85,1,0,18,0
12,0,1,0,0,14,196,1,2.7887001037597656,32,85,1,0,12,1
12,0,0,0,0,9,81,0,2.968899965286255,27,85,1,0,12,0
