"train","age","educ","black","hisp","married","earn96","unem96","earn98","unem98"
0,37,11,1,0,1,0,1,1.61792373657227,0
0,30,12,1,0,0,0,1,0,1
1,27,11,1,0,0,0,1,0,1
1,33,8,1,0,0,0,1,9.07015037536621,0
0,22,9,1,0,0,0,1,4.01934146881104,0
1,23,12,1,0,0,0,1,7.33671760559082,0
0,32,11,1,0,0,0,1,2.6225414276123,0
1,22,16,1,0,0,0,1,7.59904670715332,0
0,19,9,1,0,0,0,1,0,1
1,21,13,1,0,0,0,1,13.4079246520996,0
1,18,8,1,0,0,0,1,0,1
1,27,10,1,0,1,0,1,5.19405937194824,0
0,17,7,1,0,0,0,1,8.77158832550049,0
0,19,10,1,0,0,0,1,0,1
1,27,13,1,0,0,0,1,9.85489749908447,0
0,23,10,1,0,0,0,1,5.5576000213623,0
1,40,12,1,0,0,0,1,0,1
0,26,12,1,0,0,0,1,0,1
1,23,11,1,0,0,0,1,7.28750038146973,0
1,24,11,1,0,0,0,1,12.7251873016357,0
1,18,10,1,0,0,0,1,7.64400672912598,0
1,29,11,1,0,1,0,1,16.2393474578857,0
0,25,11,1,0,0,0,1,0,1
0,17,10,1,0,0,0,1,0,1
0,24,11,1,0,0,0,1,0.022601842880249,0
0,17,10,1,0,0,0,1,0.0244579315185547,0
1,48,4,1,0,0,0,1,0,1
1,25,11,1,0,1,0,1,0.987290859222412,0
1,20,12,1,0,0,0,1,3.14181709289551,0
1,25,12,1,0,0,0,1,9.13612842559814,0
0,42,14,1,0,0,0,1,5.90274715423584,0
1,25,5,1,0,0,0,1,0,1
0,23,12,1,0,1,0,1,7.15274047851562,0
1,46,8,1,0,1,0,1,7.2061824798584,0
1,24,10,1,0,0,0,1,0,1
1,21,12,1,0,0,0,1,0,1
0,17,8,1,0,0,0,1,0,1
1,20,11,1,0,0,0,1,2.42572498321533,0
1,25,11,1,0,1,0,1,6.5709228515625,0
1,17,8,1,0,0,0,1,0,1
1,17,9,1,0,0,0,1,3.07599687576294,0
0,25,5,1,0,0,0,1,0,1
1,23,12,1,0,0,0,1,16.3724918365479,0
1,28,8,1,0,0,0,1,0,1
1,31,11,1,0,1,0,1,0,1
1,18,11,1,0,0,0,1,10.822790145874,0
1,25,12,1,0,0,0,1,3.14201784133911,0
0,30,11,1,0,1,0,1,0,1
1,17,10,1,0,0,0,1,5.1056547164917,0
0,37,9,1,0,0,0,1,6.3976001739502,0
1,41,4,1,0,1,0,1,7.63116455078125,0
1,42,14,1,0,1,0,1,7.15926361083984,0
0,17,8,1,0,0,0,1,0,1
1,29,8,1,0,0,0,1,8.02801609039307,0
1,35,10,1,0,0,0,1,0,1
1,27,11,1,0,0,0,1,11.8019161224365,0
1,29,4,1,0,0,0,1,6.56249523162842,0
0,28,9,1,0,0,0,1,4.05045795440674,0
0,27,11,1,0,0,0,1,6.47373485565186,0
0,45,5,1,0,1,0,1,1.33352661132812,0
0,29,13,1,0,0,0,1,10.4372262954712,0
1,27,9,1,0,0,0,1,7.02450275421143,0
1,46,13,1,0,0,0,1,0.149368047714233,0
1,18,6,1,0,0,0,1,0,1
1,25,12,1,0,0,0,1,11.1131954193115,0
0,28,15,1,0,0,0,1,0,1
0,22,12,1,0,0,0,1,0,1
1,21,9,1,0,0,0,1,11.3619089126587,0
1,40,11,1,0,0,0,1,0,1
0,22,11,1,0,0,0,1,6.82683563232422,0
1,25,12,1,0,0,0,1,10.6279888153076,0
1,18,12,1,0,0,0,1,6.98880386352539,0
1,27,13,1,0,0,0,1,0,1
1,27,8,1,0,0,0,1,3.59603595733643,0
1,38,11,1,0,0,0,1,0,1
0,26,11,1,0,0,0,1,12.603663444519,0
1,25,8,1,0,0,0,1,2.03584671020508,0
1,31,11,1,0,1,0,1,0,1
0,17,10,1,0,0,0,1,0,1
1,25,11,1,0,0,0,1,4.78938722610474,0
1,21,12,1,0,0,0,1,1.00769376754761,0
1,44,11,1,0,0,0,1,0,1
0,18,9,1,0,0,0,1,0,1
1,42,12,1,0,0,0,1,5.87233734130859,0
0,25,10,1,0,0,0,1,9.8124418258667,0
0,24,10,1,0,0,0,1,0,1
0,26,10,1,0,0,0,1,5.87743377685547,0
1,25,11,1,0,0,0,1,0,1
0,18,11,1,0,0,0,1,0.94768238067627,0
0,19,11,1,0,0,0,1,0,1
0,43,9,1,0,0,0,1,1.96874952316284,0
0,27,13,1,0,0,0,1,0,1
1,17,9,1,0,0,0,1,0,1
1,30,11,1,0,0,0,1,23.4364471435547,0
0,26,10,1,0,1,0,1,19.8026638031006,0
1,20,9,1,0,0,0,1,1.95126628875732,0
1,20,12,1,0,0,0.330415993928909,0,4.91219711303711,0
0,18,11,1,0,0,0.429127991199493,0,2.20959949493408,0
0,27,12,1,0,1,0.668098032474518,0,0.0783238410949707,0
0,27,12,1,0,0,0.715900003910065,0,4.24709463119507,0
1,20,12,1,0,0,0.755137979984283,0,29.0262336730957,0
0,19,10,1,0,0,0.770547986030579,0,6.43772888183594,0
0,23,12,1,0,0,1.00214803218842,0,10.4736728668213,0
0,29,14,1,0,0,1.35934591293335,0,2.33635330200195,0
1,18,10,1,0,0,1.597815990448,0,9.925124168396,0
1,19,9,1,0,0,1.597815990448,0,16.2614822387695,0
1,27,9,1,0,1,1.86889004707336,0,2.91041660308838,0
1,22,12,1,0,0,1.87235403060913,0,24.5298004150391,0
1,23,10,1,0,1,1.872878074646,0,8.94843673706055,0
1,20,11,1,0,0,2.44167995452881,0,19.3934364318848,0
1,17,9,1,0,0,2.50687980651855,0,0.63078498840332,0
0,28,11,1,0,0,2.56815981864929,0,11.140477180481,0
1,26,11,1,0,1,2.78569984436035,0,10.3508729934692,0
0,20,11,1,0,0,2.96998000144958,0,13.4134006500244,0
1,24,11,1,0,1,3.33222007751465,0,8.93682956695557,0
1,31,9,1,0,0,3.39721989631653,0,5.04884719848633,0
1,18,10,1,0,0,3.56854009628296,0,0,1
1,29,12,1,0,0,3.63456010818481,0,20.8001842498779,0
1,24,9,1,0,0,4.57735967636108,0,13.7210121154785,0
1,25,12,1,0,0,4.81854009628296,0,10.2566318511963,0
0,24,10,1,0,0,4.84389972686768,0,5.32816696166992,0
1,46,8,1,0,0,5.18943977355957,0,7.71720504760742,0
1,19,11,1,0,0,5.23055982589722,0,19.3539390563965,0
1,19,8,1,0,0,5.31412029266357,0,0,1
1,27,11,1,0,0,5.3325400352478,0,9.03258228302002,0
1,26,11,1,0,1,5.50929975509644,0,9.65664863586426,0
1,20,10,1,0,0,5.55472040176392,0,5.88082504272461,0
1,28,10,1,0,0,5.67301988601685,0,9.9921760559082,0
0,24,12,1,0,0,5.68552017211914,0,11.9522581100464,0
1,19,8,1,0,0,5.87451982498169,0,0,1
1,23,12,1,0,0,6.07991981506348,0,3.77623462677002,0
1,42,9,1,0,1,6.11706018447876,0,8.30587863922119,0
1,25,13,1,0,0,6.18145990371704,0,8.56166934967041,0
0,18,9,1,0,0,6.57475996017456,0,6.04255294799805,0
1,21,12,1,0,0,6.66481971740723,0,5.14756202697754,0
1,27,10,1,0,0,7.10016012191772,0,10.7233638763428,0
1,21,8,1,0,0,7.39179992675781,0,5.29247283935547,0
1,22,9,1,0,0,7.67397975921631,0,15.4779796600342,0
1,31,4,1,0,0,8.04642009735107,0,0,1
1,24,10,1,0,1,8.15629959106445,0,16.7390365600586,0
1,29,10,1,0,0,8.79790019989014,0,22.2148895263672,0
1,29,12,1,0,0,9.75788021087646,0,11.7801599502563,0
1,31,9,1,0,0,11.0356798171997,0,12.4399747848511,0
0,22,10,1,0,1,11.1773204803467,0,5.42193031311035,0
1,21,9,1,0,0,11.4986600875854,0,16.2376594543457,0
1,17,10,1,0,0,11.5876998901367,0,7.49091720581055,0
0,26,12,1,0,1,11.5896596908569,0,18.5304660797119,0
1,19,10,1,0,0,12.1134996414185,0,8.56804752349854,0
0,28,11,1,0,0,13.7437200546265,0,13.8168487548828,0
0,33,11,1,0,0,15.73583984375,0,4.61651611328125,0
0,35,9,1,0,1,27.6611995697021,0,6.00020980834961,0
1,22,9,0,1,0,0,1,8.94330215454102,0
0,33,12,0,0,1,0,1,12.0892343521118,0
0,41,14,0,0,0,0,1,3.27660083770752,0
0,38,9,0,0,0,0,1,2.53467655181885,0
0,27,10,0,1,0,0,1,14.1253547668457,0
1,19,9,0,0,0,0,1,7.04898452758789,0
1,18,8,0,1,1,0,1,11.2064847946167,0
0,22,11,0,0,0,0,1,0,1
1,23,7,0,0,0,0,1,0,1
1,25,11,0,0,0,0,1,4.40069341659546,0
0,38,12,0,0,0,0,1,6.81137275695801,0
1,23,8,0,1,0,0,1,7.717041015625,0
0,21,12,0,0,0,0,1,0.661056518554688,0
1,25,12,0,0,0,0,1,9.35990524291992,0
1,31,9,0,1,0,0,1,0,1
1,17,9,0,1,0,0.148686990141869,0,17.5871276855469,0
1,21,12,0,0,0,0.668098032474518,0,7.70394897460938,0
1,27,13,0,0,1,1.70744609832764,0,7.31997680664062,0
1,18,11,0,0,0,1.83911597728729,0,6.73817443847656,0
1,23,12,0,1,0,2.23487997055054,0,13.8517436981201,0
1,23,8,0,0,1,3.42630004882812,0,9.17151832580566,0
1,26,11,0,0,0,4.45253992080688,0,17.7630195617676,0
1,31,12,0,0,0,5.22243976593018,0,9.26236724853516,0
1,19,10,0,0,0,10.6482200622559,0,26.6197395324707,0
1,19,11,0,1,1,10.9275999069214,0,26.0023231506348,0
1,20,9,0,1,0,11.7500991821289,0,14.8765296936035,0
0,22,12,0,1,1,14.111400604248,0,4.55885744094849,0
0,22,12,0,0,0,16.9109992980957,0,14.4052066802979,0
0,29,10,0,1,0,17.7073402404785,0,14.1137924194336,0
0,50,12,1,0,1,0,1,0.321939706802368,0
0,28,12,1,0,1,0,1,1.53264236450195,0
1,25,12,1,0,0,0,1,0,1
0,50,12,1,0,1,0,1,0,1
1,23,12,1,0,0,0,1,0,1
0,34,14,1,0,1,0,1,9.39827823638916,0
1,36,12,1,0,1,0,1,0,1
0,36,12,1,0,1,17.9032211303711,0,24.8354358673096,0
0,33,13,1,0,1,21.4838008880615,0,17.0875606536865,0
1,43,12,1,0,1,3.7596800327301,0,14.4548492431641,0
0,24,12,1,0,0,0,1,2.13065242767334,0
1,23,12,1,0,0,6.44516038894653,0,8.85706996917725,0
0,22,12,1,0,1,0,1,0,1
0,20,12,1,0,0,25.0645999908447,0,17.4976787567139,0
1,21,12,1,0,0,10.9209604263306,0,11.3409700393677,0
1,22,12,1,0,1,4.94129991531372,0,13.5990600585938,0
1,20,12,1,0,0,8.95162010192871,0,5.61673545837402,0
1,28,12,1,0,0,5.72904014587402,0,16.0671215057373,0
0,24,12,1,0,0,9.30967998504639,0,4.01660966873169,0
0,22,12,1,0,0,34.2667999267578,0,9.51339149475098,0
0,20,12,1,0,0,17.9032211303711,0,1.89278125762939,0
1,27,12,1,0,1,3.98884010314941,0,7.47074413299561,0
0,23,12,1,0,1,5.72904014587402,0,12.7418365478516,0
0,23,12,1,0,1,23.2741985321045,0,6.11225318908691,0
1,19,12,1,0,0,16.1128997802734,0,15.0695476531982,0
1,21,12,1,0,1,6.0871000289917,0,6.27775192260742,0
0,24,12,1,0,1,17.9032211303711,0,8.86045837402344,0
0,31,12,1,0,1,22.1284008026123,0,22.0784187316895,0
1,22,12,1,0,0,20.7355995178223,0,0,1
0,20,13,1,0,0,25.0645999908447,0,14.5822296142578,0
0,23,12,1,0,0,25.0645999908447,0,22.651575088501,0
1,22,12,1,0,0,8.95162010192871,0,12.1921443939209,0
0,21,12,1,0,0,22.9161987304688,0,15.0635375976562,0
0,27,12,1,0,1,0,1,0,1
1,27,13,1,0,1,8.19251918792725,0,9.79454612731934,0
0,24,12,1,0,1,28.6451988220215,0,19.9776802062988,0
0,28,15,1,0,0,0,1,16.8318557739258,0
0,53,14,1,0,1,16.8433589935303,0,11.8152875900269,0
1,19,12,1,0,0,7.51936006546021,0,9.20868301391602,0
0,32,12,1,0,1,10.7419404983521,0,6.31304359436035,0
0,20,12,1,0,1,17.9032211303711,0,2.33148193359375,0
0,27,12,1,0,1,17.9032211303711,0,3.33675575256348,0
0,23,12,1,0,1,25.0645999908447,0,16.1720485687256,0
0,23,12,1,0,1,26.8548011779785,0,22.0640277862549,0
1,21,12,1,0,1,26.1851997375488,0,18.2664413452148,0
0,24,12,1,0,1,30.8330001831055,0,7.82829284667969,0
1,26,12,1,0,1,17.1870994567871,0,11.0787420272827,0
0,23,14,1,0,1,20.7964000701904,0,20.8410778045654,0
1,25,12,1,0,0,12.5322599411011,0,10.5353889465332,0
0,23,12,1,0,1,24.3484001159668,0,19.639289855957,0
0,27,12,1,0,0,28.6451988220215,0,8.46970367431641,0
0,21,12,1,0,0,29.7194004058838,0,20.5152282714844,0
0,23,14,1,0,1,25.0645999908447,0,19.7422618865967,0
0,23,16,1,0,0,32.9813995361328,0,23.7111721038818,0
1,27,12,1,0,1,10.7419404983521,0,0.976656198501587,0
0,21,12,1,0,1,14.3225803375244,0,9.977707862854,0
1,23,12,1,0,1,16.5425796508789,0,0.976111888885498,0
1,21,14,1,0,0,10.7419404983521,0,20.4591770172119,0
1,27,12,1,0,1,0,1,2.89514064788818,0
0,21,12,1,0,1,8.59354019165039,0,11.6776838302612,0
0,33,12,1,0,0,17.9032211303711,0,19.843692779541,0
0,22,12,1,0,1,21.4838008880615,0,17.5096206665039,0
0,29,12,1,0,1,25.0645999908447,0,17.7496089935303,0
0,23,12,1,0,1,25.0645999908447,0,21.6076507568359,0
0,27,12,1,0,1,28.6451988220215,0,9.06432437896729,0
0,24,12,1,0,1,28.6451988220215,0,15.203239440918,0
0,26,12,1,0,0,21.4838008880615,0,25.3518867492676,0
0,31,12,1,0,1,17.9032211303711,0,17.8584003448486,0
0,25,13,1,0,0,30.7936000823975,0,8.85814380645752,0
1,27,12,1,0,0,6.44516038894653,0,13.0054683685303,0
0,27,12,1,0,1,17.9032211303711,0,16.8294258117676,0
0,24,12,1,0,0,18.6193599700928,0,5.75700187683105,0
0,20,12,1,0,0,32.7449989318848,0,14.9826049804688,0
1,26,12,1,0,1,2.14837980270386,0,2.68297672271729,0
0,23,12,1,0,1,15.625940322876,0,4.13715124130249,0
0,24,12,1,0,0,26.138801574707,0,22.548957824707,0
0,23,12,1,0,0,5.37095975875854,0,14.6135292053223,0
1,28,14,1,0,1,0,1,0,1
0,29,12,1,0,1,19.6935386657715,0,17.0008163452148,0
0,24,13,1,0,1,21.4838008880615,0,16.8555107116699,0
0,21,12,1,0,1,28.6451988220215,0,19.8697185516357,0
0,25,12,1,0,1,28.6451988220215,0,8.91828060150146,0
0,22,13,1,0,1,30.4354000091553,0,27.7828731536865,0
0,27,15,1,0,0,33.4897994995117,0,13.4580364227295,0
0,26,12,1,0,1,28.3014011383057,0,26.0628643035889,0
0,25,13,1,0,1,27.6498012542725,0,17.0281467437744,0
0,30,12,1,0,1,21.4838008880615,0,24.5345573425293,0
1,37,17,1,0,1,2.61387991905212,0,12.3633708953857,0
0,23,12,1,0,0,28.6451988220215,0,1.40888595581055,0
0,27,12,1,0,1,24.7063999176025,0,18.0309944152832,0
0,22,12,1,0,1,26.8548011779785,0,23.2327327728271,0
1,22,12,1,0,1,0,1,0.867354869842529,0
0,25,12,1,0,1,16.4709606170654,0,5.27107048034668,0
0,33,12,1,0,0,22.2000007629395,0,0,1
0,55,16,1,0,1,23.9904003143311,0,3.00686883926392,0
0,47,12,1,0,1,24.8675994873047,0,8.39585208892822,0
0,20,12,1,0,1,25.0645999908447,0,11.8536005020142,0
1,26,12,1,0,1,25.0645999908447,0,17.0798530578613,0
0,21,12,1,0,0,26.6793994903564,0,24.8443584442139,0
0,24,12,1,0,1,32.2257995605469,0,30.1393051147461,0
0,29,12,1,0,1,30.7936000823975,0,16.2392978668213,0
1,24,12,1,0,1,23.6321983337402,0,14.146598815918,0
0,22,14,1,0,1,25.0645999908447,0,20.8006420135498,0
0,27,12,1,0,1,26.8548011779785,0,20.7567195892334,0
0,28,12,1,0,1,29.7194004058838,0,10.4791498184204,0
0,22,12,1,0,1,29.361198425293,0,10.0547504425049,0
0,42,12,1,0,1,22.3718013763428,0,13.3261070251465,0
0,22,13,1,0,1,28.6415996551514,0,24.7891235351562,0
1,26,12,1,0,1,17.9032211303711,0,18.4830856323242,0
0,25,12,1,0,1,7.47637987136841,0,16.3417129516602,0
0,28,15,1,0,1,18.9057998657227,0,17.6417102813721,0
0,21,13,1,0,1,25.0645999908447,0,4.27640867233276,0
0,54,16,1,0,1,28.6451988220215,0,12.5242757797241,0
0,21,12,1,0,1,19.6935386657715,0,9.1274242401123,0
1,23,12,1,0,1,20.9825992584229,0,28.639045715332,0
0,43,12,1,0,1,21.4838008880615,0,7.64838314056396,0
0,27,14,1,0,1,0,1,6.50577831268311,0
1,21,12,1,0,0,1.43225800991058,0,6.30618667602539,0
0,25,12,1,0,1,10.7419404983521,0,5.09135055541992,0
1,31,12,1,0,1,3.00774002075195,0,13.4471225738525,0
1,54,3,1,0,0,0,1,0,1
1,54,3,1,0,1,0,1,1.1817045211792,0
1,54,3,1,0,1,0,1,0,1
0,54,3,1,0,1,0,1,0,1
1,53,4,1,0,0,0,1,0,1
0,51,4,1,0,1,0,1,0,1
1,51,5,1,0,0,0,1,0,1
1,46,6,1,0,1,0,1,5.67229461669922,0
1,41,6,1,0,1,0,1,0,1
1,45,7,1,0,1,0,1,0,1
1,55,8,1,0,1,0,1,0,1
1,53,8,1,0,1,0,1,0,1
0,45,9,1,0,1,0,1,0,1
0,45,9,1,0,1,0,1,6.8890438079834,0
1,23,9,1,0,0,0,1,5.91854095458984,0
1,54,10,1,0,1,0,1,0,1
1,54,10,1,0,1,0,1,6.64986705780029,0
0,25,11,1,0,0,0,1,0,1
1,23,11,1,0,0,0,1,2.5595064163208,0
0,23,11,1,0,0,0,1,3.50071907043457,0
1,52,10,1,0,1,0,1,2.35048198699951,0
1,43,9,1,0,1,0,1,7.0313606262207,0
0,54,4,1,0,1,0,1,9.37828159332275,0
1,49,4,1,0,1,0,1,5.30868148803711,0
1,21,8,1,0,0,1.79032206535339,0,2.02432346343994,0
1,21,11,1,0,0,19.6935386657715,0,13.8614387512207,0
0,43,3,1,0,1,0,1,0,1
1,52,6,1,0,1,2.49212002754211,0,14.9910888671875,0
0,52,7,1,0,0,10.0257997512817,0,0,1
0,29,11,1,0,1,0,1,0,1
1,31,6,1,0,0,1.11000001430511,0,1.56953907012939,0
1,23,10,1,0,0,10.7419404983521,0,5.15571117401123,0
1,19,11,1,0,0,0,1,0.753294467926025,0
0,35,9,1,0,0,10.7419404983521,0,6.69865798950195,0
1,21,10,1,0,0,16.2919406890869,0,11.8573513031006,0
0,41,8,1,0,1,16.7574195861816,0,11.6979608535767,0
0,41,8,1,0,1,16.7574195861816,0,15.8468494415283,0
1,20,8,1,0,0,7.30452013015747,0,11.6467599868774,0
1,30,9,1,0,0,0.325837999582291,0,2.11478900909424,0
1,29,10,1,0,0,5.37095975875854,0,12.2131462097168,0
1,22,11,1,0,0,0,1,11.9418611526489,0
0,25,10,1,0,0,10.7419404983521,0,3.15825939178467,0
1,20,8,1,0,0,3.67732000350952,0,18.5296382904053,0
0,40,4,1,0,0,3.86710000038147,0,4.13756322860718,0
1,22,9,1,0,0,8.69021987915039,0,0,1
1,24,10,1,0,0,7.80579996109009,0,1.78167819976807,0
1,19,6,1,0,0,0,1,2.16063022613525,0
1,50,10,1,0,1,0,1,3.73583078384399,0
1,38,3,1,0,1,11.4580593109131,0,4.40985155105591,0
1,38,3,1,0,1,11.4580593109131,0,16.3678016662598,0
1,43,10,1,0,1,4.29677963256836,0,8.99157905578613,0
0,30,6,1,0,1,6.80322027206421,0,0,1
1,35,10,1,0,1,7.59096002578735,0,6.0932674407959,0
1,35,10,1,0,1,7.59096002578735,0,18.294958114624,0
1,35,10,1,0,1,7.59096002578735,0,13.8618316650391,0
0,44,11,1,0,1,10.7419404983521,0,0,1
1,23,10,1,0,0,14.3225803375244,0,19.9995727539062,0
0,41,8,1,0,1,22.3431987762451,0,12.3099412918091,0
0,39,5,1,0,1,26.8548011779785,0,10.2844648361206,0
0,39,5,1,0,1,26.8548011779785,0,17.2261829376221,0
0,39,5,1,0,1,26.8548011779785,0,18.6089973449707,0
0,25,11,1,0,0,23.2741985321045,0,10.8209543228149,0
1,38,9,1,0,1,15.8837404251099,0,15.0151443481445,0
0,50,9,1,0,1,14.9384603500366,0,1.09215974807739,0
0,22,11,1,0,1,12.3747005462646,0,25.3433494567871,0
1,19,10,1,0,0,6.87483978271484,0,2.77782726287842,0
1,25,10,1,0,1,8.56490039825439,0,21.9689807891846,0
0,47,6,1,0,1,8.59354019165039,0,4.22172546386719,0
0,24,8,1,0,1,10.7419404983521,0,14.0590362548828,0
0,44,11,1,0,0,12.5322599411011,0,4.51341819763184,0
0,24,11,1,0,1,0,1,7.60667133331299,0
0,19,11,1,0,1,15.1819400787354,0,15.3339500427246,0
0,22,11,1,0,0,26.8548011779785,0,17.423978805542,0
1,30,6,1,0,1,0,1,8.79148960113525,0
1,50,10,1,0,1,0,1,0,1
1,26,8,1,0,1,8.59354019165039,0,12.6859569549561,0
1,46,6,1,0,0,19.3569602966309,0,0,1
0,38,10,1,0,1,0,1,0,1
0,24,9,1,0,0,10.7419404983521,0,6.13583564758301,0
0,55,3,1,0,1,10.7419404983521,0,0.254400014877319,0
1,40,5,1,0,1,10.7419404983521,0,4.19884300231934,0
0,25,9,1,0,1,12.5322599411011,0,23.1493854522705,0
0,43,7,1,0,1,13.631519317627,0,7.27350902557373,0
0,18,11,1,0,0,13.8642597198486,0,11.8454465866089,0
0,28,7,1,0,1,16.2847805023193,0,11.0685796737671,0
0,52,4,1,0,1,23.2741985321045,0,0,1
1,22,8,1,0,1,24.0620002746582,0,9.00687980651855,0
0,34,7,1,0,1,25.0645999908447,0,17.1583385467529,0
0,31,9,1,0,1,11.2432193756104,0,19.2911205291748,0
0,27,8,1,0,0,13.2483797073364,0,5.52730560302734,0
1,32,11,1,0,1,0,1,10.5942535400391,0
1,49,5,1,0,0,11.4580593109131,0,1.70975828170776,0
0,33,8,1,0,1,17.1584606170654,0,19.3792552947998,0
0,26,8,1,0,1,7.16129970550537,0,9.96899604797363,0
0,20,10,1,0,1,13.6637401580811,0,0,1
0,45,8,1,0,1,19.0741004943848,0,2.7733941078186,0
0,33,11,1,0,1,23.2741985321045,0,5.51101779937744,0
0,41,3,1,0,1,6.44516038894653,0,2.49718332290649,0
1,25,7,1,0,1,21.4838008880615,0,23.4467105865479,0
0,35,11,1,0,1,17.1154804229736,0,9.18495655059814,0
0,35,11,1,0,1,17.1154804229736,0,17.3377819061279,0
0,41,4,1,0,0,10.7419404983521,0,0,1
0,36,6,1,0,0,14.8954801559448,0,0,1
1,52,5,1,0,1,8.59354019165039,0,8.2409143447876,0
1,52,5,1,0,1,8.59354019165039,0,0,1
0,29,10,1,0,1,16.2453804016113,0,3.55739307403564,0
1,42,10,1,0,0,3.43741989135742,0,6.51000785827637,0
1,22,11,1,0,1,10.0257997512817,0,8.58209896087646,0
1,27,11,1,0,1,10.7419404983521,0,15.2370567321777,0
0,42,5,1,0,1,14.3225803375244,0,15.5237693786621,0
0,42,5,1,0,1,14.3225803375244,0,14.7917327880859,0
1,28,9,1,0,1,16.4709606170654,0,6.35651683807373,0
0,45,9,1,0,1,17.9032211303711,0,17.1989631652832,0
0,45,6,1,0,1,17.9032211303711,0,1.96393823623657,0
0,34,9,1,0,1,22.4220008850098,0,13.8023338317871,0
0,49,5,1,0,1,15.3967800140381,0,5.774733543396,0
0,27,7,1,0,1,14.3225803375244,0,16.2906684875488,0
0,21,11,1,0,1,9.69637966156006,0,6.62638664245605,0
0,54,6,1,0,1,0,1,0,1
0,40,9,1,0,1,13.1445398330688,0,10.2999486923218,0
0,41,5,1,0,1,21.4838008880615,0,16.3924312591553,0
0,29,10,1,0,1,16.6499996185303,0,3.14014434814453,0
0,29,10,1,0,1,21.7845993041992,0,8.51960372924805,0
0,26,10,1,0,1,0,1,0,1
0,40,8,1,0,1,16.1128997802734,0,8.78505229949951,0
0,40,7,1,0,1,17.9032211303711,0,13.6494159698486,0
0,49,7,1,0,0,22.5401992797852,0,0,1
0,50,8,1,0,1,19.6935386657715,0,6.21384811401367,0
0,24,8,1,0,1,26.0669994354248,0,26.5160427093506,0
0,24,10,1,0,1,13.2483797073364,0,5.31336212158203,0
0,30,11,1,0,1,17.6167793273926,0,14.4654159545898,0
1,26,10,1,0,1,9.84677982330322,0,20.3301563262939,0
0,50,5,1,0,1,20.2735996246338,0,10.0837287902832,0
0,22,10,1,0,1,18.0464611053467,0,22.3994598388672,0
0,40,7,1,0,1,17.3482208251953,0,13.7806243896484,0
1,52,5,1,0,1,2.14837980270386,0,7.03731536865234,0
0,49,5,1,0,1,10.7419404983521,0,12.7233238220215,0
0,20,10,1,0,1,10.7419404983521,0,14.868091583252,0
0,44,5,1,0,1,17.9032211303711,0,0.646548509597778,0
0,34,9,1,0,1,17.9032211303711,0,10.4162082672119,0
0,46,9,1,0,0,18.6193599700928,0,18.8908367156982,0
0,47,4,1,0,0,21.4838008880615,0,0.425021171569824,0
0,24,11,1,0,1,21.4838008880615,0,6.31846618652344,0
0,39,5,1,0,1,21.4838008880615,0,0,1
0,32,11,1,0,0,28.6451988220215,0,16.7791576385498,0
0,23,11,1,0,1,12.5322599411011,0,22.3985061645508,0
0,39,11,1,0,1,23.2741985321045,0,20.2421875,0
0,41,10,1,0,1,29.5151996612549,0,22.3730297088623,0
0,32,10,1,0,0,17.9032211303711,0,18.3599414825439,0
0,40,5,1,0,1,24.3484001159668,0,4.17316818237305,0
0,37,11,1,0,1,27.9290008544922,0,11.4181680679321,0
0,37,11,1,0,1,27.9290008544922,0,13.1350135803223,0
1,29,10,1,0,1,14.6090402603149,0,17.4328689575195,0
0,28,7,1,0,1,16.5210990905762,0,16.3656673431396,0
1,39,9,1,0,1,19.3354797363281,0,8.00489330291748,0
1,39,9,1,0,1,19.3354797363281,0,24.5898895263672,0
0,34,8,1,0,1,25.0645999908447,0,23.225757598877,0
0,49,10,1,0,1,0,1,1.96411800384521,0
0,49,10,1,0,1,0,1,0,1
0,47,6,1,0,1,16.1128997802734,0,4.5455527305603,0
0,30,9,1,0,1,17.9032211303711,0,13.4681053161621,0
0,31,9,1,0,1,17.9032211303711,0,10.7360687255859,0
0,44,7,1,0,1,21.4838008880615,0,20.0816173553467,0
1,48,10,1,0,1,10.7419404983521,0,20.4695377349854,0
0,27,11,1,0,1,7.87741994857788,0,8.11936378479004,0
0,22,11,1,0,0,14.3225803375244,0,10.0195960998535,0
1,22,11,1,0,0,10.3838796615601,0,8.97474575042725,0
0,26,6,1,0,1,19.6147785186768,0,10.3556861877441,0
0,22,9,1,0,1,20.8394012451172,0,17.2857437133789,0
0,33,6,1,0,1,11.9163799285889,0,0,1
1,34,11,1,0,0,4.29677963256836,0,1.02988624572754,0
1,23,11,1,0,1,11.6370992660522,0,15.4655895233154,0
0,25,9,1,0,0,14.3225803375244,0,7.43839836120605,0
1,28,9,1,0,1,14.3225803375244,0,20.0910758972168,0
0,35,11,1,0,1,17.9032211303711,0,1.96471691131592,0
0,29,10,1,0,1,19.5610599517822,0,18.7243881225586,0
0,42,8,1,0,1,21.4838008880615,0,2.18514060974121,0
0,47,11,1,0,1,21.4838008880615,0,5.78424739837646,0
0,39,10,1,0,0,25.0645999908447,0,14.9355278015137,0
0,43,8,1,0,1,25.0645999908447,0,11.739408493042,0
0,43,8,1,0,1,25.0645999908447,0,26.7340869903564,0
0,28,10,1,0,1,30.4354000091553,0,10.1044969558716,0
0,47,11,1,0,1,32.1076011657715,0,20.2891407012939,0
0,53,4,1,0,1,17.9032211303711,0,4.77025127410889,0
0,54,4,1,0,0,21.9314002990723,0,0,1
0,44,7,1,0,1,29.1321983337402,0,21.702522277832,0
0,54,3,1,0,1,19.2137393951416,0,0,1
0,34,10,1,0,1,23.2741985321045,0,13.8471736907959,0
0,48,5,1,0,1,27.2129993438721,0,18.4285583496094,0
1,25,10,1,0,1,17.9032211303711,0,3.16723918914795,0
0,53,6,1,0,1,21.4838008880615,0,8.59201622009277,0
1,31,6,1,0,0,21.4838008880615,0,19.4386768341064,0
1,50,6,1,0,1,8.18535995483398,0,0,1
0,31,11,1,0,1,29.7194004058838,0,13.4107322692871,0
0,21,9,1,0,0,32.6553993225098,0,14.5953598022461,0
0,36,11,1,0,1,25.0645999908447,0,21.3367538452148,0
0,44,9,1,0,1,29.2896003723145,0,12.1095542907715,0
0,46,8,1,0,1,14.1793603897095,0,8.83053398132324,0
0,48,6,1,0,0,23.2741985321045,0,5.8040828704834,0
0,50,7,1,0,1,25.0645999908447,0,5.96079540252686,0
0,50,7,1,0,1,25.0645999908447,0,8.50979328155518,0
0,26,11,1,0,1,26.4968013763428,0,24.7998542785645,0
0,30,10,1,0,0,28.6451988220215,0,15.5652275085449,0
0,46,10,1,0,1,32.2257995605469,0,17.3507213592529,0
0,33,10,1,0,0,27.9290008544922,0,1.82194900512695,0
0,53,5,1,0,1,5.32083988189697,0,0.199007511138916,0
0,24,10,1,0,1,21.4838008880615,0,11.3981866836548,0
0,55,3,1,0,1,26.9264011383057,0,0,1
0,41,10,1,0,0,30.5069999694824,0,18.9510078430176,0
1,25,11,1,0,1,13.2483797073364,0,20.3056125640869,0
0,23,11,1,0,1,26.8548011779785,0,2.18423318862915,0
0,42,11,1,0,0,30.4354000091553,0,6.4569149017334,0
0,53,9,1,0,1,27.3955993652344,0,1.54940319061279,0
0,31,8,1,0,1,21.7021999359131,0,7.50492858886719,0
0,19,11,1,0,0,21.4838008880615,0,10.6721153259277,0
1,31,11,1,0,0,8.6329402923584,0,20.4728946685791,0
1,25,11,1,0,0,13.9645195007324,0,7.28737831115723,0
0,23,11,1,0,1,16.8290386199951,0,25.6904888153076,0
0,34,10,1,0,0,25.0645999908447,0,9.86494636535645,0
0,51,8,1,0,1,11.601300239563,0,9.13198852539062,0
1,53,4,1,0,1,1.96935403347015,0,2.03422260284424,0
0,48,8,1,0,1,23.2741985321045,0,0,1
1,48,8,1,0,1,23.2741985321045,0,14.0790367126465,0
0,23,11,1,0,1,21.4838008880615,0,14.5329742431641,0
1,42,8,1,0,0,21.1258010864258,0,13.6280212402344,0
1,30,10,1,0,1,0,1,7.04833889007568,0
1,47,12,0,0,0,0,1,3.23465728759766,0
0,44,12,0,0,0,0,1,0,1
0,54,12,0,0,1,0,1,0.0390055179595947,0
0,55,12,0,1,1,0,1,0,1
1,47,12,0,0,1,0,1,0,1
0,44,12,0,0,1,0,1,0,1
1,49,14,0,0,1,0,1,0,1
0,55,14,0,0,1,0,1,0,1
1,34,16,0,0,1,0,1,8.97194480895996,0
0,55,13,0,1,1,0,1,0,1
1,52,12,0,0,1,0,1,0,1
0,52,15,0,0,1,0,1,1.24721670150757,0
1,30,16,0,0,1,0,1,2.79893779754639,0
1,21,12,0,0,0,0,1,7.98730087280273,0
1,30,17,0,0,0,0,1,4.95121335983276,0
0,44,12,0,0,1,0,1,0,1
1,46,12,0,0,0,0,1,0,1
0,53,17,0,0,1,0,1,0,1
1,26,16,0,0,0,0,1,21.9956035614014,0
0,49,12,0,0,1,0,1,0,1
1,39,15,0,0,1,0,1,14.0668029785156,0
0,26,17,0,0,1,0,1,13.4411659240723,0
0,32,16,0,0,1,0,1,4.8797664642334,0
1,34,12,0,0,1,0,1,1.88136672973633,0
1,31,14,0,0,1,0,1,5.19510269165039,0
1,39,17,0,1,1,0,1,0.879019260406494,0
0,40,17,0,0,1,0,1,4.67096567153931,0
1,31,12,0,0,1,0,1,10.8735074996948,0
0,27,13,0,0,1,0,1,5.29053115844727,0
0,48,12,0,0,1,0,1,6.38764190673828,0
0,41,13,0,0,1,0,1,0.342514753341675,0
1,26,14,0,0,0,0,1,12.5427083969116,0
0,50,17,0,0,0,0,1,8.02241802215576,0
0,48,12,0,0,1,0,1,9.37635898590088,0
0,45,16,0,0,1,0,1,0,1
0,37,13,0,0,1,0,1,13.8640575408936,0
1,33,12,0,0,1,0,1,4.10245180130005,0
0,31,12,0,0,1,0,1,14.9545955657959,0
0,44,13,0,0,1,0,1,0,1
1,28,17,0,0,1,0,1,15.0020637512207,0
1,30,17,0,0,1,0,1,17.6030216217041,0
0,42,16,0,0,1,0,1,6.97873115539551,0
1,30,12,0,0,1,0,1,22.7948570251465,0
0,27,16,0,0,1,0,1,2.1876482963562,0
0,37,12,0,0,1,0,1,0,1
1,37,12,0,0,1,0,1,0,1
0,45,12,0,0,1,0,1,0,1
0,35,16,0,0,1,0,1,6.1417293548584,0
0,37,17,0,0,1,0,1,5.4672908782959,0
1,27,17,0,0,1,0,1,4.50299596786499,0
0,47,14,0,0,1,0,1,0,1
0,48,12,0,0,1,0,1,4.66990900039673,0
0,42,12,0,0,1,0,1,9.26862525939941,0
0,43,12,0,0,1,0,1,0,1
0,46,12,0,0,1,0,1,0.791541576385498,0
1,46,12,0,0,1,0,1,0,1
0,46,12,0,0,1,0,1,2.62802076339722,0
0,29,16,0,0,1,0,1,0,1
0,39,13,0,0,1,0,1,0,1
0,32,12,0,0,1,0,1,14.0076370239258,0
0,48,16,0,0,1,0,1,0,1
0,48,16,0,0,1,0,1,5.51195049285889,0
0,41,13,0,0,1,0,1,11.3626279830933,0
0,42,13,0,0,1,0,1,10.6748533248901,0
0,42,13,0,0,1,0,1,0,1
0,42,13,0,0,1,0,1,12.1322746276855,0
1,54,13,0,0,1,0,1,2.61984825134277,0
0,29,14,0,0,1,0,1,12.4693450927734,0
0,54,12,0,0,1,0,1,0,1
0,54,12,0,0,1,0,1,0,1
0,26,14,0,0,1,0,1,0,1
0,43,17,0,0,1,0,1,10.3333015441895,0
0,54,12,0,0,1,0,1,0,1
1,37,12,0,0,1,0,1,6.4113597869873,0
1,54,16,0,0,1,0,1,0,1
0,48,17,0,0,1,0,1,0,1
0,44,12,0,0,1,0,1,10.0291566848755,0
1,54,12,0,0,1,0,1,0,1
0,38,12,0,0,1,0,1,1.15796375274658,0
0,37,13,0,0,1,0,1,16.2507934570312,0
1,27,17,0,0,1,0,1,11.0829448699951,0
0,51,12,0,0,1,0,1,0,1
1,39,12,0,0,1,0,1,18.0408477783203,0
0,55,14,0,0,1,0,1,0.159953832626343,0
0,54,13,0,0,1,0,1,0,1
1,54,13,0,0,1,0,1,0,1
1,34,12,0,0,1,0,1,0,1
0,50,14,0,0,1,0,1,3.87326240539551,0
0,50,12,0,0,1,0,1,0,1
1,21,14,0,1,0,0.143225803971291,0,10.9461069107056,0
1,26,12,0,0,1,0.143225803971291,0,15.445011138916,0
1,21,13,0,0,0,1.38571000099182,0,2.05967140197754,0
1,23,16,0,0,1,3.04354000091553,0,8.79075241088867,0
1,21,15,0,0,0,6.44516038894653,0,10.605860710144,0
1,23,14,0,0,0,6.80322027206421,0,6.92001724243164,0
0,27,16,0,0,1,9.66773986816406,0,16.9266033172607,0
1,25,12,0,0,1,11.4580593109131,0,18.4947185516357,0
1,27,17,0,0,0,12.1742000579834,0,14.7097816467285,0
0,55,12,0,0,1,12.5322599411011,0,0,1
0,20,12,0,0,1,14.3225803375244,0,5.66414260864258,0
0,18,12,0,0,1,16.1128997802734,0,17.7114181518555,0
0,27,12,0,0,1,16.4709606170654,0,15.9827690124512,0
0,28,16,0,0,1,17.9032211303711,0,20.578929901123,0
0,36,12,0,0,1,21.4838008880615,0,21.6643943786621,0
0,27,13,0,0,1,32.2257995605469,0,28.5167217254639,0
0,45,17,0,0,1,32.2257995605469,0,21.4005393981934,0
0,45,17,0,0,1,32.2257995605469,0,1.89947605133057,0
0,45,17,0,0,1,32.2257995605469,0,28.7879772186279,0
0,32,16,0,0,1,13.8212995529175,0,23.0429286956787,0
0,22,13,0,0,0,0,1,2.779616355896,0
1,35,15,0,0,1,1.07419395446777,0,2.31306266784668,0
0,26,15,0,0,0,3.7596800327301,0,13.0425872802734,0
0,29,17,0,0,1,17.9032211303711,0,17.8755016326904,0
0,19,12,0,0,1,17.1870994567871,0,17.0012264251709,0
1,48,16,0,0,1,2.93253993988037,0,3.28356170654297,0
1,48,16,0,0,1,2.93253993988037,0,10.867374420166,0
1,24,17,0,0,1,0,1,5.44307613372803,0
1,27,16,0,0,1,2.50645995140076,0,14.6524772644043,0
1,21,14,0,0,0,5.37095975875854,0,9.38793468475342,0
0,53,13,0,0,1,7.87741994857788,0,1.31261157989502,0
0,53,13,0,0,1,7.87741994857788,0,0,1
0,53,16,0,0,1,0,1,0,1
0,22,15,0,0,1,10.7419404983521,0,12.880576133728,0
0,21,15,0,0,0,19.3354797363281,0,9.47089195251465,0
1,30,12,0,0,1,3.58063983917236,0,2.1782808303833,0
1,22,15,0,0,0,5.72904014587402,0,9.53615951538086,0
0,23,13,0,0,1,10.7419404983521,0,15.2015838623047,0
1,33,12,0,0,1,0,1,1.15654754638672,0
0,24,13,0,0,0,6.25537967681885,0,4.70731639862061,0
0,19,12,0,0,1,21.4838008880615,0,14.3820858001709,0
0,22,15,0,0,1,34.3741989135742,0,9.38405895233154,0
0,43,14,0,0,1,0,1,9.27154636383057,0
1,39,12,0,0,1,14.3225803375244,0,6.33486175537109,0
1,19,14,0,0,0,6.44516038894653,0,10.0166044235229,0
0,26,17,0,0,1,25.0645999908447,0,18.2776584625244,0
0,18,12,0,0,1,22.2000007629395,0,10.1356601715088,0
1,23,15,0,0,1,5.01289987564087,0,18.8396053314209,0
0,27,12,0,0,1,0,1,0,1
0,29,17,0,0,1,30.4354000091553,0,11.211329460144,0
1,27,12,0,0,1,0.508451998233795,0,6.2700309753418,0
0,27,15,0,0,1,9.30967998504639,0,13.6595420837402,0
0,22,12,0,0,1,30.7936000823975,0,18.2268028259277,0
0,26,17,0,0,0,23.2741985321045,0,23.4138298034668,0
0,20,12,0,0,1,0,1,0,1
1,30,17,0,0,1,8.59354019165039,0,27.369291305542,0
0,21,14,0,0,1,18.6193599700928,0,12.5038290023804,0
0,25,16,0,0,1,5.90806007385254,0,34.2353134155273,0
0,27,15,0,0,1,0,1,6.98255062103271,0
0,29,16,0,0,1,34.3741989135742,0,22.3747158050537,0
1,20,12,0,0,0,1.43225800991058,0,11.0054159164429,0
0,52,12,0,0,1,0,1,0,1
0,23,17,0,0,0,4.29677963256836,0,10.2315368652344,0
0,21,14,0,0,1,14.3225803375244,0,16.7517070770264,0
1,24,16,0,0,0,17.9032211303711,0,10.6587371826172,0
0,30,17,0,0,1,24.1694011688232,0,13.4918384552002,0
0,25,17,0,0,0,34.8289985656738,0,21.1160221099854,0
0,21,12,0,0,1,13.6064596176147,0,5.61164474487305,0
0,28,12,0,0,1,21.4838008880615,0,18.6020240783691,0
0,20,12,0,0,1,12.5322599411011,0,20.483642578125,0
1,36,16,0,0,0,9.66773986816406,0,15.5692462921143,0
0,47,12,0,0,1,19.0275382995605,0,3.22783088684082,0
0,24,16,0,0,1,9.66773986816406,0,18.2869987487793,0
0,25,17,0,0,1,21.1258010864258,0,29.8300476074219,0
0,21,16,0,0,1,21.1258010864258,0,13.7794761657715,0
0,26,14,0,0,1,26.8548011779785,0,20.6811542510986,0
0,20,13,0,1,1,20.0515995025635,0,19.3135452270508,0
0,27,14,0,0,1,0,1,6.40681648254395,0
0,26,12,0,0,0,23.2741985321045,0,10.0899333953857,0
1,23,17,0,0,1,10.7419404983521,0,3.84659433364868,0
0,21,12,0,0,1,25.0645999908447,0,25.328577041626,0
0,28,14,0,0,1,15.7548398971558,0,9.50435733795166,0
1,25,14,0,0,0,3.58063983917236,0,14.11474609375,0
1,30,12,0,0,1,6.44516038894653,0,19.5846862792969,0
0,22,13,0,0,0,12.5322599411011,0,24.3429107666016,0
0,23,16,0,0,1,28.2870006561279,0,17.14821434021,0
0,19,13,0,0,0,30.4354000091553,0,12.7231178283691,0
0,21,14,0,0,1,22.8158016204834,0,18.157844543457,0
1,29,17,0,0,1,14.3225803375244,0,21.8886909484863,0
0,27,16,0,0,1,23.2741985321045,0,18.2693824768066,0
0,28,15,0,0,1,30.4354000091553,0,11.4447832107544,0
0,26,12,0,0,1,0,1,10.4934597015381,0
1,54,12,0,0,1,0,1,7.28354167938232,0
0,27,15,0,0,1,21.4838008880615,0,10.8737812042236,0
0,26,13,0,0,0,11.4580593109131,0,13.5748767852783,0
0,21,12,0,0,1,15.8694200515747,0,21.2888145446777,0
0,21,13,0,0,1,25.4869995117188,0,12.7836742401123,0
1,22,13,0,0,0,7.51936006546021,0,2.79015922546387,0
1,27,16,0,0,0,0,1,4.79765605926514,0
1,37,15,0,1,1,0.358063995838165,0,20.5112113952637,0
0,33,13,0,0,0,7.16129970550537,0,0,1
0,28,12,0,0,1,8.95162010192871,0,8.7439546585083,0
0,24,12,0,0,0,10.7419404983521,0,3.58990097045898,0
1,22,12,0,0,0,14.9957399368286,0,12.1470355987549,0
0,23,12,0,0,1,17.9032211303711,0,15.7523040771484,0
0,19,12,0,1,1,25.0645999908447,0,19.9563140869141,0
0,27,14,0,0,0,28.6451988220215,0,18.4955615997314,0
0,22,16,0,0,1,32.2257995605469,0,25.2883262634277,0
0,42,12,0,0,1,32.2257995605469,0,10.0563545227051,0
0,20,13,0,0,0,34.9830017089844,0,22.92333984375,0
1,29,13,0,0,0,0,1,2.71374416351318,0
0,19,12,0,0,1,18.6193599700928,0,15.8542289733887,0
0,26,12,0,0,1,27.2129993438721,0,22.3379554748535,0
0,29,12,0,0,1,11.8161201477051,0,15.0806903839111,0
0,25,12,0,0,0,18.2613010406494,0,12.9370985031128,0
1,21,12,0,0,1,11.4580593109131,0,15.6609039306641,0
1,22,12,0,0,1,19.8797397613525,0,19.4785041809082,0
0,22,12,0,0,1,21.4838008880615,0,17.9518699645996,0
0,18,12,0,0,0,28.6451988220215,0,18.7994861602783,0
0,25,12,0,0,1,32.2257995605469,0,17.2129440307617,0
0,23,12,0,0,1,14.3225803375244,0,15.9909324645996,0
0,21,12,0,0,1,29.9913997650146,0,18.6749610900879,0
1,19,12,0,0,1,11.1000003814697,0,12.5248928070068,0
0,46,12,0,0,1,17.0080604553223,0,11.0060243606567,0
1,24,12,0,0,1,5.72904014587402,0,0,1
1,20,13,0,1,0,0,1,11.412618637085,0
0,24,17,0,0,1,10.7419404983521,0,16.3250541687012,0
0,23,12,0,0,1,18.2613010406494,0,14.7794876098633,0
0,34,12,0,0,1,18.3329010009766,0,17.6991634368896,0
0,35,12,0,0,1,18.6265201568604,0,8.99597644805908,0
0,23,12,0,0,0,23.6679992675781,0,22.2766170501709,0
0,21,12,0,1,1,17.5451602935791,0,10.442928314209,0
1,26,12,0,0,1,0,1,0,1
0,23,13,0,0,1,17.1870994567871,0,18.9659690856934,0
0,27,12,0,1,1,22.5580005645752,0,10.0996913909912,0
0,50,12,0,1,1,19.6935386657715,0,24.2936248779297,0
1,25,12,0,0,1,5.37095975875854,0,11.7443552017212,0
0,21,13,0,0,1,17.1870994567871,0,5.92328357696533,0
0,19,12,0,0,1,19.6935386657715,0,13.7425556182861,0
0,20,12,0,0,1,20.4095993041992,0,16.8275241851807,0
0,32,12,0,0,1,22.9161987304688,0,16.4116592407227,0
0,24,13,0,0,1,22.9161987304688,0,17.5134544372559,0
0,26,14,0,0,1,26.8548011779785,0,16.0564079284668,0
0,20,12,0,0,1,26.8548011779785,0,8.76346874237061,0
0,24,17,0,0,0,32.2257995605469,0,16.0980834960938,0
0,21,13,0,0,0,32.2257995605469,0,13.5745582580566,0
0,22,12,0,0,0,28.6451988220215,0,8.49135875701904,0
0,47,12,0,0,1,21.0470008850098,0,0,1
0,22,12,0,0,0,31.5095996856689,0,12.2577114105225,0
0,35,12,0,0,1,18.6193599700928,0,14.3207855224609,0
0,49,12,0,0,1,22.1641998291016,0,5.42105674743652,0
1,23,12,0,0,1,21.1258010864258,0,15.2331733703613,0
1,34,17,0,0,0,14.3225803375244,0,21.287260055542,0
0,21,12,0,0,1,16.1128997802734,0,18.0988826751709,0
1,23,12,0,0,1,10.7419404983521,0,8.25561428070068,0
1,23,12,0,0,1,14.3225803375244,0,17.7481460571289,0
0,32,17,0,0,0,14.3225803375244,0,14.6180324554443,0
0,34,12,0,0,1,23.2741985321045,0,28.8072395324707,0
0,29,12,0,0,1,25.0645999908447,0,17.6270313262939,0
0,28,14,0,0,1,26.8548011779785,0,12.3291282653809,0
0,18,12,0,0,0,28.6451988220215,0,7.1825122833252,0
0,25,13,0,0,1,33.4790000915527,0,16.2986526489258,0
0,24,12,0,0,0,31.5095996856689,0,11.7563161849976,0
1,23,12,0,0,1,20.4095993041992,0,19.1749954223633,0
1,46,12,0,0,1,14.3225803375244,0,16.0218467712402,0
0,41,12,0,0,1,21.4838008880615,0,10.1970796585083,0
0,19,12,0,0,1,28.2870006561279,0,18.7143287658691,0
0,29,12,0,0,1,18.0822601318359,0,16.9824047088623,0
0,22,12,0,0,1,9.30967998504639,0,13.9201316833496,0
0,21,12,0,0,0,19.3354797363281,0,10.8680553436279,0
0,27,12,0,0,1,25.0645999908447,0,7.25540637969971,0
0,37,12,0,0,1,22.7441997528076,0,16.3040618896484,0
0,44,12,0,0,1,14.6806392669678,0,13.373649597168,0
0,38,16,0,0,1,15.7548398971558,0,11.919020652771,0
0,34,12,0,0,1,0,1,3.66759014129639,0
0,49,12,0,0,0,0,1,5.93468284606934,0
1,23,12,0,0,1,0,1,0,1
0,43,12,0,0,1,0,1,0,1
0,28,16,0,0,0,12.8903207778931,0,0.492231369018555,0
0,53,12,0,0,1,19.7866401672363,0,0,1
0,21,12,0,0,1,20.4095993041992,0,3.99284553527832,0
0,21,12,0,0,1,21.4838008880615,0,22.3674545288086,0
0,24,12,0,0,1,22.1498012542725,0,19.7115478515625,0
0,21,12,0,0,0,23.2741985321045,0,2.08631038665771,0
0,23,14,0,0,1,23.2741985321045,0,13.5466403961182,0
0,28,12,0,0,1,25.0645999908447,0,20.7184276580811,0
0,28,12,0,0,1,25.0645999908447,0,6.9279670715332,0
0,25,17,0,0,1,25.2435989379883,0,27.4600467681885,0
0,23,13,0,0,1,26.8548011779785,0,8.24468421936035,0
0,30,12,0,0,1,27.2701988220215,0,13.7753601074219,0
0,23,12,0,0,1,27.5709991455078,0,20.3060722351074,0
0,26,12,0,0,1,28.6451988220215,0,21.6886196136475,0
0,26,12,0,0,1,28.6451988220215,0,10.2931976318359,0
0,22,12,0,0,1,28.9315986633301,0,12.9072856903076,0
0,28,16,0,0,1,30.4354000091553,0,21.0163383483887,0
0,24,16,0,0,1,32.2257995605469,0,24.1988353729248,0
0,45,12,0,0,1,22.5401992797852,0,11.6886901855469,0
0,31,16,0,0,1,19.6935386657715,0,10.6014804840088,0
0,25,14,0,0,1,28.6451988220215,0,19.1152591705322,0
0,22,12,0,0,1,32.0503997802734,0,6.19112396240234,0
0,36,12,0,0,1,27.9290008544922,0,23.3685150146484,0
0,27,12,0,0,1,28.6451988220215,0,19.1029434204102,0
0,33,12,0,0,1,32.2257995605469,0,30.5290222167969,0
0,46,12,0,0,1,23.2741985321045,0,10.9375677108765,0
0,23,14,0,0,1,25.0645999908447,0,5.347731590271,0
0,25,16,0,0,1,27.2129993438721,0,19.2045040130615,0
0,27,14,0,0,1,33.6580009460449,0,29.3299179077148,0
0,49,16,0,0,1,24.7063999176025,0,17.6307220458984,0
0,22,12,0,0,1,25.0645999908447,0,24.1215400695801,0
0,22,13,0,0,0,25.0645999908447,0,14.3679161071777,0
0,23,17,0,0,0,28.6451988220215,0,10.7206087112427,0
0,26,12,0,0,1,28.6451988220215,0,7.62464332580566,0
0,22,12,0,0,0,32.2257995605469,0,14.8902492523193,0
1,28,12,0,0,1,14.3225803375244,0,17.844799041748,0
1,20,12,0,0,1,4.72645998001099,0,0,1
0,26,12,0,0,1,22.2000007629395,0,7.01979637145996,0
0,24,12,0,0,1,27.9290008544922,0,23.0523090362549,0
0,22,12,0,0,1,17.9032211303711,0,13.8413734436035,0
0,27,17,0,0,1,21.4838008880615,0,15.4754371643066,0
0,26,12,0,0,1,24.3484001159668,0,15.9803733825684,0
0,19,12,0,0,1,25.0645999908447,0,17.1925449371338,0
0,20,12,0,0,1,17.5451602935791,0,5.52579593658447,0
0,25,12,0,0,1,28.4051990509033,0,14.3076324462891,0
0,29,16,0,0,1,10.7419404983521,0,9.21158313751221,0
1,23,14,0,0,0,24.3484001159668,0,23.6622200012207,0
0,28,12,0,0,1,25.0645999908447,0,18.9971523284912,0
0,30,14,0,0,1,28.6451988220215,0,23.2330131530762,0
0,24,12,0,1,1,32.9420013427734,0,16.8153762817383,0
0,27,12,0,0,1,31.667200088501,0,16.1045093536377,0
1,42,13,0,0,1,0,1,13.6254348754883,0
0,47,12,0,0,1,0,1,0,1
0,26,12,0,0,1,1.43225800991058,0,23.3938159942627,0
1,21,12,0,0,1,6.44516038894653,0,13.9677085876465,0
0,25,16,0,0,0,12.0846796035767,0,8.39534854888916,0
0,23,12,0,0,0,21.4838008880615,0,24.3657360076904,0
0,31,12,0,0,1,25.0645999908447,0,17.4848823547363,0
0,30,12,0,0,1,25.0645999908447,0,12.0037269592285,0
0,28,17,0,0,1,26.8548011779785,0,16.5199108123779,0
0,24,12,0,0,1,26.8548011779785,0,14.7380332946777,0
0,28,12,0,0,1,27.2129993438721,0,19.7650985717773,0
0,23,12,0,0,0,28.6451988220215,0,12.7483997344971,0
0,35,12,0,0,0,30.0774002075195,0,14.1473941802979,0
0,27,14,0,0,1,30.4354000091553,0,14.140380859375,0
0,23,12,0,0,1,31.5095996856689,0,30.8134803771973,0
0,24,12,0,0,1,32.2257995605469,0,14.8851432800293,0
0,21,14,0,0,1,17.5559005737305,0,19.6766910552979,0
0,20,12,0,0,1,28.6451988220215,0,3.98721694946289,0
1,29,12,0,0,1,14.3225803375244,0,14.0934562683105,0
0,22,12,0,1,1,17.222900390625,0,20.9563446044922,0
0,24,12,0,0,0,26.8548011779785,0,16.4838619232178,0
0,27,12,0,0,1,29.7194004058838,0,23.296178817749,0
0,23,12,0,0,1,22.2000007629395,0,25.1565456390381,0
0,23,16,0,0,0,12.5322599411011,0,15.8818778991699,0
0,33,14,0,0,1,28.6451988220215,0,15.0924167633057,0
0,34,12,0,0,1,28.6451988220215,0,19.5219421386719,0
0,44,12,0,0,1,28.8491992950439,0,15.6951103210449,0
0,37,13,0,0,1,17.9032211303711,0,5.88736152648926,0
0,26,16,0,0,1,23.2741985321045,0,16.2860431671143,0
0,23,13,0,0,1,28.6451988220215,0,15.7370758056641,0
0,27,12,0,0,1,28.6451988220215,0,15.5037384033203,0
0,21,12,0,0,1,30.4354000091553,0,5.5809497833252,0
1,24,12,0,0,1,1.4394199848175,0,6.94046688079834,0
0,26,12,0,0,1,21.4838008880615,0,19.4634170532227,0
0,24,13,0,0,1,28.6451988220215,0,20.3775539398193,0
0,50,12,0,0,1,28.6451988220215,0,7.51351928710938,0
0,50,12,0,0,1,28.6451988220215,0,9.1876392364502,0
0,28,13,0,0,1,28.6451988220215,0,14.9294281005859,0
0,22,12,0,0,1,17.9032211303711,0,16.5040283203125,0
0,29,12,0,0,0,28.7418003082275,0,15.0350551605225,0
1,27,17,0,0,0,0,1,0,1
0,46,12,0,0,1,1.46806395053864,0,0,1
0,21,13,0,0,0,9.89332008361816,0,18.961820602417,0
0,37,12,0,0,1,17.9032211303711,0,15.7394561767578,0
1,37,12,0,0,1,17.9032211303711,0,1.96791076660156,0
0,22,12,0,0,0,21.4838008880615,0,10.900731086731,0
0,22,12,0,0,0,23.2741985321045,0,21.2791233062744,0
0,27,12,0,0,1,25.0645999908447,0,12.8797950744629,0
0,49,16,0,0,1,25.7805995941162,0,13.3481502532959,0
0,26,12,0,0,1,26.8548011779785,0,23.9333648681641,0
0,33,14,0,0,1,26.8548011779785,0,14.0357131958008,0
0,28,15,0,0,1,27.5709991455078,0,24.3083953857422,0
0,29,17,0,0,1,28.2870006561279,0,20.0513763427734,0
0,25,14,0,1,1,28.6451988220215,0,2.88915061950684,0
0,32,12,0,0,1,28.6451988220215,0,5.87790012359619,0
0,40,12,0,0,1,28.6451988220215,0,18.5048503875732,0
0,40,12,0,0,1,28.6451988220215,0,20.0634250640869,0
0,27,16,0,0,1,28.6451988220215,0,17.189582824707,0
0,36,12,0,0,1,25.4548015594482,0,17.7246131896973,0
0,23,12,0,0,1,9.66773986816406,0,24.7299861907959,0
0,22,12,0,0,0,19.6935386657715,0,8.52458095550537,0
0,28,12,0,0,1,26.5970001220703,0,19.0482311248779,0
1,24,12,0,1,1,17.9032211303711,0,28.6083869934082,0
1,26,13,0,0,0,7.16129970550537,0,14.0111923217773,0
0,25,12,0,0,1,24.3628005981445,0,6.34561920166016,0
0,28,14,0,0,0,24.3484001159668,0,20.4622592926025,0
0,24,12,0,0,1,18.6229400634766,0,7.0540943145752,0
0,26,14,0,0,1,14.3225803375244,0,16.3310146331787,0
0,20,15,0,0,1,16.1128997802734,0,14.460636138916,0
0,23,12,0,0,1,25.0645999908447,0,26.4292869567871,0
0,23,12,0,0,1,0,1,2.7537317276001,0
0,34,12,0,0,1,0,1,0.216684341430664,0
0,24,12,0,1,1,9.69637966156006,0,24.9012336730957,0
1,28,12,0,0,0,10.0257997512817,0,7.95588111877441,0
0,28,12,0,0,1,22.2000007629395,0,10.2821111679077,0
0,21,13,0,0,1,17.9032211303711,0,17.5984020233154,0
0,47,17,0,0,1,20.0515995025635,0,1.99447536468506,0
0,26,12,0,1,1,0,1,12.5380296707153,0
0,28,12,0,0,1,0,1,7.86789035797119,0
1,33,17,0,0,0,0,1,5.46234226226807,0
1,50,16,0,0,0,0,1,2.80201816558838,0
0,26,13,0,0,1,0,1,5.17464828491211,0
0,25,12,0,0,1,17.473539352417,0,6.84886741638184,0
0,24,12,0,0,1,13.2483797073364,0,15.7107410430908,0
0,24,14,0,0,1,0,1,15.2462387084961,0
1,29,12,0,0,1,0,1,4.39259767532349,0
0,42,16,0,0,1,0,1,13.7910385131836,0
0,28,12,0,0,1,16.7323589324951,0,5.663254737854,0
1,26,13,0,1,1,11.3434801101685,0,19.5693359375,0
0,27,15,0,0,1,0,1,0,1
0,26,12,0,0,1,0,1,2.75836181640625,0
1,24,13,0,0,1,3.58063983917236,0,11.907693862915,0
0,34,16,0,0,1,0,1,0,1
1,50,12,0,0,1,0,1,0,1
0,31,17,0,0,1,0,1,3.62002849578857,0
0,41,13,0,0,0,0,1,0,1
1,28,12,0,0,1,0,1,4.53553295135498,0
0,53,6,0,0,1,0,1,0,1
0,53,7,0,1,0,0,1,0,1
0,47,8,0,0,0,0,1,0,1
0,55,8,0,0,1,0,1,0,1
0,41,8,0,0,1,0,1,7.2067756652832,0
0,45,8,0,0,1,0,1,0,1
0,46,9,0,1,1,0,1,8.27258777618408,0
0,48,9,0,0,1,0,1,0,1
1,46,9,0,1,1,0,1,2.9204216003418,0
0,54,9,0,0,1,0,1,0,1
1,40,10,0,1,1,0,1,7.61814498901367,0
0,41,11,0,0,1,0,1,12.522120475769,0
0,52,8,0,0,1,0,1,0,1
0,45,9,0,0,1,0,1,0,1
0,40,8,0,0,1,0,1,4.66456127166748,0
0,37,10,0,0,1,0,1,0,1
0,48,11,0,0,1,0,1,0,1
0,36,9,0,0,1,0,1,0,1
0,40,7,0,0,1,0,1,7.28316974639893,0
0,40,7,0,0,1,0,1,9.2446403503418,0
1,38,11,0,0,1,0,1,9.32049942016602,0
1,53,7,0,0,1,0,1,0,1
1,52,7,0,0,1,0,1,0,1
1,46,6,0,0,1,0,1,3.95845222473145,0
0,40,8,0,0,1,0,1,2.84709739685059,0
0,53,8,0,0,1,0,1,0,1
1,50,11,0,0,1,0,1,0,1
1,33,11,0,0,1,0,1,14.5739707946777,0
1,33,11,0,0,1,0,1,0,1
0,52,8,0,0,1,0,1,0,1
0,50,8,0,0,1,0,1,0,1
0,41,8,0,0,1,0,1,5.67176723480225,0
0,53,9,0,0,1,0,1,0,1
1,48,11,0,0,0,0,1,0,1
0,31,9,0,0,1,0,1,1.93966388702393,0
1,42,8,0,0,1,0,1,9.76348114013672,0
0,54,10,0,0,1,0,1,0,1
0,50,10,0,0,1,0,1,0,1
1,48,6,0,1,1,0,1,13.2795829772949,0
1,22,9,0,0,1,0,1,0,1
0,41,8,0,0,1,0,1,0,1
1,41,8,0,0,1,0,1,2.26884078979492,0
1,45,9,0,0,1,0.62661200761795,0,0,1
0,46,8,0,0,1,17.9032211303711,0,3.85684204101562,0
0,46,8,0,0,1,17.9032211303711,0,7.02271842956543,0
0,53,8,0,0,1,28.6451988220215,0,11.9802551269531,0
0,53,6,0,0,1,34.3741989135742,0,12.8608055114746,0
1,54,8,0,0,1,1.07419395446777,0,5.5164909362793,0
1,37,9,0,0,0,7.08968019485474,0,2.77473068237305,0
0,38,2,0,0,0,12.5322599411011,0,6.57641792297363,0
0,20,10,0,0,0,7.04670000076294,0,2.63347053527832,0
0,20,11,0,0,1,6.44516038894653,0,10.7648057937622,0
0,42,8,0,0,1,0,1,0,1
0,42,8,0,0,1,0,1,14.0570983886719,0
0,55,7,0,0,0,16.6858005523682,0,4.27921056747437,0
0,20,10,0,0,0,17.9032211303711,0,10.8923444747925,0
1,52,0,0,0,1,0,1,0,1
0,19,11,0,0,0,25.0645999908447,0,23.065013885498,0
0,51,7,0,0,1,17.9032211303711,0,0.696465015411377,0
1,23,11,0,1,0,5.37095975875854,0,10.8373165130615,0
0,20,11,0,0,0,19.6935386657715,0,8.16259098052979,0
1,40,10,0,0,1,9.66773986816406,0,10.7951440811157,0
1,19,11,0,0,0,9.30967998504639,0,11.4415988922119,0
0,23,6,0,0,1,14.3225803375244,0,13.5589580535889,0
0,47,4,0,0,1,17.1870994567871,0,0,1
0,51,7,0,0,1,17.9032211303711,0,1.85268306732178,0
1,19,9,0,0,1,12.1742000579834,0,16.1209125518799,0
0,19,10,0,0,0,8.59354019165039,0,0.155883073806763,0
0,52,8,0,0,1,0,1,0,1
0,20,9,0,0,1,17.9032211303711,0,17.1056747436523,0
0,20,8,0,0,0,7.16845989227295,0,0,1
0,25,8,0,0,1,0,1,6.98150825500488,0
0,25,9,0,0,0,26.8548011779785,0,29.830207824707,0
0,22,11,0,0,1,11.6370992660522,0,7.63461685180664,0
1,55,8,0,0,1,7.64109992980957,0,13.7487869262695,0
1,20,11,0,0,1,10.7419404983521,0,9.2634973526001,0
1,22,11,0,0,1,3.58063983917236,0,20.3369445800781,0
0,45,2,0,1,1,14.3225803375244,0,0,1
1,29,10,0,0,1,0,1,0,1
0,41,10,0,1,1,18.268461227417,0,4.81848526000977,0
0,49,5,0,0,1,16.1128997802734,0,6.00611972808838,0
0,39,8,0,0,1,19.6935386657715,0,19.9486427307129,0
0,22,11,0,0,1,27.9290008544922,0,12.5430746078491,0
0,32,10,0,0,1,32.2257995605469,0,17.2642250061035,0
1,40,11,0,0,1,0,1,13.0896759033203,0
0,26,8,0,0,1,14.8954801559448,0,15.6634559631348,0
1,33,10,0,0,1,5.23848009109497,0,16.8331565856934,0
0,27,8,0,0,1,15.3967800140381,0,13.2615432739258,0
1,25,10,0,1,1,16.1128997802734,0,15.4492111206055,0
0,46,9,0,0,1,28.6451988220215,0,13.3843421936035,0
0,23,9,0,0,1,0,1,0,1
0,20,10,0,1,1,17.9032211303711,0,25.5104598999023,0
0,49,11,0,0,1,23.2741985321045,0,10.7670125961304,0
0,27,10,0,0,1,23.625,0,19.8924789428711,0
0,28,8,0,0,1,28.6451988220215,0,19.7603950500488,0
1,34,10,0,0,1,4.65483999252319,0,14.3365726470947,0
0,38,7,0,0,1,10.7419404983521,0,0,1
1,21,11,0,1,1,8.22832012176514,0,20.1716537475586,0
0,27,6,0,0,1,23.2741985321045,0,15.3406848907471,0
0,47,8,0,1,1,14.3225803375244,0,0,1
0,19,10,0,0,1,13.9645195007324,0,19.5539474487305,0
0,44,6,0,0,1,26.8548011779785,0,22.2045764923096,0
0,25,10,0,0,1,17.2945194244385,0,13.784122467041,0
0,28,8,0,0,1,20.7641983032227,0,15.579418182373,0
1,29,8,0,0,1,17.9032211303711,0,23.0929794311523,0
0,19,10,0,0,1,28.6451988220215,0,12.1376876831055,0
0,33,10,0,0,1,24.3484001159668,0,7.32754707336426,0
0,37,8,0,0,1,26.8548011779785,0,16.8631477355957,0
1,21,11,0,0,0,10.7419404983521,0,14.6179656982422,0
0,23,9,0,0,1,23.9904003143311,0,21.8957824707031,0
1,27,9,0,0,1,4.65483999252319,0,20.434045791626,0
1,46,10,0,0,1,14.3225803375244,0,7.25826263427734,0
0,46,10,0,0,1,14.3225803375244,0,2.13153171539307,0
0,53,2,0,0,1,17.1870994567871,0,0,1
0,48,8,0,0,1,17.6883811950684,0,1.12047290802002,0
1,48,8,0,0,1,17.6883811950684,0,26.988410949707,0
0,43,9,0,0,1,21.4838008880615,0,0,1
0,34,10,0,0,1,24.3484001159668,0,14.6066780090332,0
0,45,0,0,1,1,32.2257995605469,0,1.45163440704346,0
0,41,9,0,0,1,25.7805995941162,0,7.30565166473389,0
1,51,8,0,0,1,3.09367990493774,0,0,1
0,26,10,0,0,0,28.6451988220215,0,15.6627006530762,0
0,53,4,0,0,1,5.32083988189697,0,0,1
0,30,9,0,0,1,22.9878005981445,0,17.3438186645508,0
1,53,8,0,0,1,0,1,2.53197956085205,0
0,49,6,0,1,1,32.9420013427734,0,17.2970905303955,0
0,49,6,0,1,1,32.9420013427734,0,11.1692514419556,0
0,37,11,0,0,1,0,1,5.45359039306641,0
1,33,9,0,0,1,12.5322599411011,0,6.71937465667725,0
0,33,9,0,0,1,12.5322599411011,0,12.6015529632568,0
0,20,11,0,0,1,14.3225803375244,0,0,1
0,44,8,0,0,1,20.6245994567871,0,14.9045486450195,0
0,28,9,0,0,1,25.0645999908447,0,12.5390863418579,0
0,35,7,0,0,1,25.4225997924805,0,10.2013626098633,0
0,35,7,0,0,1,25.4225997924805,0,20.7769947052002,0
0,41,9,0,0,1,27.9290008544922,0,14.2775917053223,0
0,40,10,0,0,0,21.4838008880615,0,8.63179683685303,0
0,20,11,0,0,0,12.3890399932861,0,12.3212308883667,0
0,19,11,0,0,1,12.8330402374268,0,21.9877834320068,0
0,39,7,0,0,1,13.2483797073364,0,12.0594091415405,0
0,22,11,0,0,1,17.1870994567871,0,14.3751125335693,0
0,37,11,0,0,1,18.519100189209,0,12.3378744125366,0
0,52,10,0,0,1,24.3484001159668,0,12.048378944397,0
0,31,11,0,0,1,27.5709991455078,0,21.0539417266846,0
0,21,10,0,0,1,28.1618003845215,0,11.9855575561523,0
0,52,8,0,0,1,28.6451988220215,0,5.00339603424072,0
0,20,11,0,0,0,28.6451988220215,0,4.4166784286499,0
0,52,5,0,0,1,28.6451988220215,0,16.8208770751953,0
0,45,3,0,1,1,32.2257995605469,0,10.8182058334351,0
0,28,6,0,0,1,12.790060043335,0,0,1
0,44,9,0,0,1,27.8108005523682,0,19.13844871521,0
0,28,11,0,0,1,21.4838008880615,0,15.6707515716553,0
0,53,8,0,0,1,28.6451988220215,0,0.763349533081055,0
0,53,7,0,0,1,28.6451988220215,0,0,1
0,52,4,0,0,1,30.1490001678467,0,9.89282989501953,0
0,23,11,0,1,1,16.8290386199951,0,21.2213306427002,0
0,25,9,0,0,1,25.7805995941162,0,7.01048851013184,0
1,54,8,0,1,1,0,1,1.62045812606812,0
1,54,8,0,1,1,0,1,6.18122482299805,0
0,21,11,0,0,1,22.9161987304688,0,11.0148735046387,0
0,46,8,0,0,1,21.4838008880615,0,17.2755661010742,0
1,39,8,0,0,1,25.0645999908447,0,14.2159194946289,0
0,19,8,0,0,1,25.0645999908447,0,3.09758281707764,0
0,49,10,0,0,1,28.6451988220215,0,17.4761123657227,0
0,38,11,0,0,1,28.6451988220215,0,23.6809463500977,0
0,31,10,0,0,1,25.0645999908447,0,22.1457633972168,0
0,45,4,0,0,1,27.1735992431641,0,0,1
0,28,9,0,0,0,26.4968013763428,0,4.14587926864624,0
0,34,11,0,0,1,0,1,11.2326040267944,0
0,46,8,0,0,0,26.3178005218506,0,6.12127876281738,0
0,30,9,0,0,1,15.7548398971558,0,13.8684120178223,0
1,49,8,0,1,0,2.14837980270386,0,3.64284515380859,0
0,18,10,0,1,1,21.4838008880615,0,14.4386329650879,0
0,46,4,0,0,1,28.6451988220215,0,11.9494972229004,0
0,22,11,0,0,0,7.51936006546021,0,10.8235635757446,0
0,20,10,0,0,1,23.9904003143311,0,10.5998010635376,0
0,23,11,0,0,1,23.9724006652832,0,19.9252662658691,0
0,22,11,0,0,1,0,1,0,1
1,21,9,0,0,1,6.40577983856201,0,8.95972728729248,0
0,46,10,0,1,1,21.4838008880615,0,15.3571319580078,0
0,38,9,0,0,1,15.7548398971558,0,20.6508884429932,0
0,49,4,0,0,1,14.3225803375244,0,5.92887210845947,0
1,51,11,0,0,1,13.9645195007324,0,13.1072311401367,0
1,31,10,0,0,1,4.93412017822266,0,17.1233348846436,0
1,48,10,0,0,1,5.72904014587402,0,0,1
0,28,11,0,0,1,10.7419404983521,0,15.3752174377441,0
0,52,11,0,0,1,0,1,0,1
1,48,8,0,0,1,0,1,7.40849018096924,0
1,32,9,0,0,1,2.86452007293701,0,11.9255542755127,0
