year,fcode,employ,sales,avgsal,scrap,rework,tothrs,union,grant,d89,d88,totrain,hrsemp,lscrap,lemploy,lsales,lrework,lhrsemp,lscrap_1,grant_1,clscrap,cgrant,clemploy,clsales,lavgsal,clavgsal,cgrant_1,chrsemp,clhrsemp
1987,410032.0,100,47000000.0,35000.0,,,12,0,0,0,0,100,12.0,,4.605170249938965,17.665658950805664,,2.5649492740631104,,0,,0,,,10.463103294372559,,,,
1988,410032.0,131,43000000.0,37000.0,,,8,0,0,0,1,50,3.0534350872039795,,4.875197410583496,17.576709747314453,,1.3995647430419922,,0,,0,0.27002716064453125,-0.08894920349121094,10.518672943115234,0.05556964874267578,0,-8.946564674377441,-1.1653845310211182
1989,410032.0,123,49000000.0,39000.0,,,8,0,0,1,0,50,3.252032518386841,,4.8121843338012695,17.70733070373535,,1.4473971128463745,,0,,0,-0.06301307678222656,0.13062095642089844,10.571316719055176,0.052643775939941406,0,0.19859743118286133,0.047832369804382324
1987,410440.0,12,1560000.0,10500.0,,,12,0,0,0,0,12,12.0,,2.4849066734313965,14.260196685791016,,2.5649492740631104,,0,,0,,,9.259130477905273,,,,
1988,410440.0,13,1970000.0,11000.0,,,12,0,0,0,1,13,12.0,,2.5649492740631104,14.49354362487793,,2.5649492740631104,,0,,0,0.08004260063171387,0.23334693908691406,9.30565071105957,0.046520233154296875,0,0.0,0.0
1989,410440.0,14,2350000.0,11500.0,,,10,0,0,1,0,14,10.0,,2.6390573978424072,14.669925689697266,,2.397895336151123,,0,,0,0.07410812377929688,0.17638206481933594,9.350102424621582,0.04445171356201172,0,-2.0,-0.1670539379119873
1987,410495.0,20,750000.0,17680.0,,,50,0,0,0,0,15,37.5,,2.995732307434082,13.527828216552734,,3.650658130645752,,0,,0,,,9.780189514160156,,,,
1988,410495.0,25,110000.0,18720.0,,,50,0,0,0,1,10,20.0,,3.2188758850097656,11.608235359191895,,3.044522523880005,,0,,0,0.2231435775756836,-1.9195928573608398,9.837347984313965,0.057158470153808594,0,-17.5,-0.6061356067657471
1989,410495.0,24,950000.0,19760.0,,,50,0,0,1,0,20,41.66666793823242,,3.178053855895996,13.764217376708984,,3.75341796875,,0,,0,-0.04082202911376953,2.15598201751709,9.891414642333984,0.05406665802001953,0,21.666667938232422,0.7088954448699951
1987,410500.0,200,23741000.0,13729.0,,,0,0,0,0,0,0,0.0,,5.2983174324035645,16.98271369934082,,0.0,,0,,0,,,9.527265548706055,,,,
1988,410500.0,155,19659000.0,14287.0,,,0,0,0,0,1,0,0.0,,5.0434250831604,16.79404640197754,,0.0,,0,,0,-0.25489234924316406,-0.18866729736328125,9.567105293273926,0.039839744567871094,0,0.0,0.0
1989,410500.0,80,25992000.0,15758.0,,,24,0,0,1,0,20,6.0,,4.382026672363281,17.073299407958984,,1.945910096168518,,0,,0,-0.6613984107971191,0.2792530059814453,9.665103912353516,0.09799861907958984,0,6.0,1.945910096168518
1987,410501.0,,6000000.0,,,,0,0,0,0,0,10,,,,15.607270240783691,,,,0,,0,,,,,,,
1988,410501.0,,8000000.0,,,,0,0,0,0,1,20,,,,15.894951820373535,,,,0,,0,,0.28768157958984375,,,0,,
1989,410501.0,,10000000.0,,,,0,0,0,1,0,25,,,,16.11809539794922,,,,0,,0,,0.2231435775756836,,,0,,
1987,410509.0,,,,,,0,0,0,0,0,0,,,,,,,,0,,0,,,,,,,
1988,410509.0,,2800000.0,18000.0,,,0,0,0,0,1,0,,,,14.84512996673584,,,,0,,0,,,9.798127174377441,,0,,
1989,410509.0,20,3400000.0,18500.0,,,0,0,0,1,0,0,0.0,,2.995732307434082,15.039285659790039,,0.0,,0,,0,,0.19415569305419922,9.825526237487793,0.027399063110351562,0,,
1987,410513.0,15,1413900.0,18465.0,,,0,0,0,0,0,0,0.0,,2.70805025100708,14.16186237335205,,0.0,,0,,0,,,9.82363224029541,,,,
1988,410513.0,16,1869348.0,18972.0,,,0,0,0,0,1,0,0.0,,2.7725887298583984,14.441100120544434,,0.0,,0,,0,0.06453847885131836,0.2792377471923828,9.850719451904297,0.02708721160888672,0,0.0,0.0
1989,410513.0,16,1857765.0,19589.0,,,20,0,0,1,0,16,20.0,,2.7725887298583984,14.434885025024414,,3.044522523880005,,0,,0,0.0,-0.006215095520019531,9.882723808288574,0.032004356384277344,0,20.0,3.044522523880005
1987,410517.0,24,,13000.0,,,0,1,0,0,0,0,0.0,,3.178053855895996,,,0.0,,0,,0,,,9.472704887390137,,,,
1988,410517.0,20,,12168.0,,,0,1,0,0,1,0,0.0,,2.995732307434082,,,0.0,,0,,0,-0.18232154846191406,,9.406564712524414,-0.06614017486572266,0,0.0,0.0
1989,410517.0,18,,11960.0,,,0,1,0,1,0,0,0.0,,2.890371799468994,,,0.0,,0,,0,-0.10536050796508789,,9.389323234558105,-0.017241477966308594,0,0.0,0.0
1987,410518.0,48,2160900.0,14352.0,,,14,0,0,0,0,3,0.875,,3.8712010383605957,14.58603572845459,,0.6286086440086365,,0,,0,,,9.57164478302002,,,,
1988,410518.0,47,2454500.0,16328.0,,,14,0,0,0,1,3,0.8936170339584351,,3.8501474857330322,14.713433265686035,,0.63848876953125,,0,,0,-0.021053552627563477,0.1273975372314453,9.700636863708496,0.12899208068847656,0,0.01861703395843506,0.009880125522613525
1989,410518.0,66,3359800.0,17555.0,,,14,0,0,1,0,4,0.8484848737716675,,4.18965482711792,15.027392387390137,,0.6143662929534912,,0,,0,0.3395073413848877,0.31395912170410156,9.773094177246094,0.07245731353759766,0,-0.04513216018676758,-0.02412247657775879
1987,410521.0,17,1453081.0,16454.0,,,150,0,0,0,0,5,44.117645263671875,,2.8332133293151855,14.189196586608887,,3.8092734813690186,,0,,0,,,9.70832347869873,,,,
1988,410521.0,16,1546911.0,18529.0,,,100,0,0,0,1,3,18.75,,2.7725887298583984,14.251770973205566,,2.9831535816192627,,0,,0,-0.06062459945678711,0.06257438659667969,9.827092170715332,0.11876869201660156,0,-25.367645263671875,-0.8261198997497559
1989,410521.0,14,1672366.0,26428.0,,,0,0,0,1,0,0,0.0,,2.6390573978424072,14.329750061035156,,0.0,,0,,0,-0.1335313320159912,0.07797908782958984,10.18217945098877,0.3550872802734375,0,-18.75,-2.9831535816192627
1987,410523.0,70,8000000.0,19760.0,0.05999999865889549,,40,0,0,0,0,35,20.0,-2.813410758972168,4.248495101928711,15.894951820373535,,3.044522523880005,,0,,0,,,9.891414642333984,,,,
1988,410523.0,85,11000000.0,22360.0,0.05000000074505806,,40,0,0,0,1,40,18.823530197143555,-2.995732307434082,4.442651271820068,16.21340560913086,,2.9868695735931396,-2.813410758972168,0,-0.18232154846191406,0,0.19415616989135742,0.3184537887573242,10.015028953552246,0.12361431121826172,0,-1.1764698028564453,-0.057652950286865234
1989,410523.0,98,15000000.0,23920.0,0.05000000074505806,,60,0,0,1,0,40,24.489795684814453,-2.995732307434082,4.584967613220215,16.523561477661133,,3.2382781505584717,-2.995732307434082,0,0.0,0,0.14231634140014648,0.31015586853027344,10.082469940185547,0.06744098663330078,0,5.666265487670898,0.25140857696533203
1987,410529.0,45,1535242.0,20000.0,,,0,0,0,0,0,0,0.0,,3.8066625595092773,14.2441987991333,,0.0,,0,,0,,,9.903487205505371,,,,
1988,410529.0,47,3209188.0,22000.0,,,0,0,0,0,1,0,0.0,,3.8501474857330322,14.981528282165527,,0.0,,0,,0,0.04348492622375488,0.7373294830322266,9.998797416687012,0.09531021118164062,0,0.0,0.0
1989,410529.0,51,4030352.0,23650.0,,,2,0,0,1,0,2,0.0784313753247261,,3.931825637817383,15.20936393737793,,0.07550755143165588,,0,,0,0.08167815208435059,0.22783565521240234,10.071118354797363,0.07232093811035156,0,0.0784313753247261,0.07550755143165588
1987,410531.0,200,10000000.0,17500.0,,5.0,0,1,0,0,0,0,0.0,,5.2983174324035645,16.11809539794922,1.6094379425048828,0.0,,0,,0,,,9.769956588745117,,,,
1988,410531.0,200,10000000.0,18700.0,,4.0,20,1,0,0,1,6,0.6000000238418579,,5.2983174324035645,16.11809539794922,1.3862943649291992,0.4700036346912384,,0,,0,0.0,0.0,9.836278915405273,0.06632232666015625,0,0.6000000238418579,0.4700036346912384
1989,410531.0,190,9000000.0,18300.0,,2.2200000286102295,20,1,0,1,0,10,1.0526316165924072,,5.247024059295654,16.01273536682129,0.7975072264671326,0.7191227078437805,,0,,0,-0.051293373107910156,-0.10536003112792969,9.814656257629395,-0.021622657775878906,0,0.4526315927505493,0.24911907315254211
1987,410533.0,14,1600000.0,11500.0,,,68,0,0,0,0,3,14.571428298950195,,2.6390573978424072,14.285513877868652,,2.7454376220703125,,0,,0,,,9.350102424621582,,,,
1988,410533.0,12,900000.0,13000.0,,,75,0,0,0,1,5,31.25,,2.4849066734313965,13.710149765014648,,3.473518133163452,,0,,0,-0.15415072441101074,-0.5753641128540039,9.472704887390137,0.12260246276855469,0,16.678571701049805,0.7280805110931396
1989,410533.0,16,1300000.0,14700.0,,,35,0,0,1,0,9,19.6875,,2.7725887298583984,14.077875137329102,,3.029529571533203,,0,,0,0.28768205642700195,0.3677253723144531,9.595602989196777,0.12289810180664062,0,-11.5625,-0.443988561630249
1987,410535.0,10,420664.0,4237.0,,,0,0,0,0,0,0,0.0,,2.3025851249694824,12.949589729309082,,0.0,,0,,0,,,8.351611137390137,,,,
1988,410535.0,11,544602.0,7484.0,,,0,0,0,0,1,0,0.0,,2.397895336151123,13.207810401916504,,0.0,,0,,0,0.09531021118164062,0.2582206726074219,8.920522689819336,0.5689115524291992,0,0.0,0.0
1989,410535.0,9,495331.0,9548.0,,,0,0,0,1,0,0,0.0,,2.1972246170043945,13.112981796264648,,0.0,,0,,0,-0.20067071914672852,-0.09482860565185547,9.164087295532227,0.24356460571289062,0,0.0,0.0
1987,410536.0,15,1502502.0,11742.0,,,12,0,0,0,0,2,1.600000023841858,,2.70805025100708,14.222641944885254,,0.9555114507675171,,0,,0,,,9.370927810668945,,,,
1988,410536.0,16,1840912.0,12740.0,,,12,0,0,0,1,2,1.5,,2.7725887298583984,14.425771713256836,,0.9162907600402832,,0,,0,0.06453847885131836,0.20312976837158203,9.452502250671387,0.0815744400024414,0,-0.10000002384185791,-0.03922069072723389
1989,410536.0,18,2273869.0,13700.0,,,8,0,0,1,0,3,1.3333333730697632,,2.890371799468994,14.636993408203125,,0.8472979068756104,,0,,0,0.1177830696105957,0.21122169494628906,9.525151252746582,0.07264900207519531,0,-0.16666662693023682,-0.06899285316467285
1987,410538.0,,,19760.0,2.640000104904175,,0,1,0,0,0,0,,0.9707789421081543,,,,,,0,,0,,,9.891414642333984,,,,
1988,410538.0,,6276271.0,20800.0,2.740000009536743,,0,1,0,0,1,0,,1.007957935333252,,15.652286529541016,,,0.9707789421081543,0,0.037178993225097656,0,,,9.942708015441895,0.051293373107910156,0,,
1989,410538.0,60,5286605.0,20800.0,2.5399999618530273,,30,1,0,1,0,50,25.0,0.9321640729904175,4.094344615936279,15.480687141418457,,3.25809645652771,1.007957935333252,0,-0.07579386234283447,0,,-0.1715993881225586,9.942708015441895,0.0,0,,
1987,410540.0,50,5200000.0,20000.0,,,0,0,0,0,0,0,0.0,,3.9120230674743652,15.4641695022583,,0.0,,0,,0,,,9.903487205505371,,,,
1988,410540.0,50,6500000.0,23000.0,,,0,0,0,0,1,0,0.0,,3.9120230674743652,15.687313079833984,,0.0,,0,,0,0.0,0.2231435775756836,10.043249130249023,0.13976192474365234,0,0.0,0.0
1989,410540.0,55,5600000.0,25000.0,,,0,0,0,1,0,0,0.0,,4.007333278656006,15.538277626037598,,0.0,,0,,0,0.09531021118164062,-0.14903545379638672,10.126630783081055,0.08338165283203125,0,0.0,0.0
1987,410544.0,30,,19760.0,,,0,0,0,0,0,0,0.0,,3.4011974334716797,,,0.0,,0,,0,,,9.891414642333984,,,,
1988,410544.0,32,,20280.0,,,10,0,0,0,1,4,1.25,,3.465735912322998,,,0.8109301924705505,,0,,0,0.06453847885131836,,9.917390823364258,0.025976181030273438,0,1.25,0.8109301924705505
1989,410544.0,34,,20800.0,,,10,0,0,1,0,6,1.7647058963775635,,3.526360511779785,,,1.0169342756271362,,0,,0,0.06062459945678711,,9.942708015441895,0.02531719207763672,0,0.5147058963775635,0.2060040831565857
1987,410546.0,153,10000000.0,12500.0,,,8,0,0,0,0,7,0.3660130798816681,,5.03043794631958,16.11809539794922,,0.31189632415771484,,0,,0,,,9.433484077453613,,,,
1988,410546.0,134,11000000.0,13000.0,,,8,0,0,0,1,6,0.35820895433425903,,4.8978400230407715,16.21340560913086,,0.3061668872833252,,0,,0,-0.1325979232788086,0.09531021118164062,9.472704887390137,0.03922080993652344,0,-0.007804125547409058,-0.0057294368743896484
1989,410546.0,146,12000000.0,13500.0,,,40,0,0,1,0,28,7.6712327003479,,4.983606815338135,16.300416946411133,,2.160011053085327,,0,,0,0.08576679229736328,0.08701133728027344,9.510444641113281,0.03773975372314453,0,7.313023567199707,1.853844165802002
1987,410547.0,20,2300000.0,20000.0,,10.0,0,0,0,0,0,0,0.0,,2.995732307434082,14.648419380187988,2.3025851249694824,0.0,,0,,0,,,9.903487205505371,,,,
1988,410547.0,23,2500000.0,23000.0,,10.0,0,0,0,0,1,0,0.0,,3.1354942321777344,14.73180103302002,2.3025851249694824,0.0,,0,,0,0.13976192474365234,0.08338165283203125,10.043249130249023,0.13976192474365234,0,0.0,0.0
1989,410547.0,25,3000000.0,25000.0,,10.0,48,0,0,1,0,1,1.9199999570846558,,3.2188758850097656,14.914122581481934,2.3025851249694824,1.07158362865448,,0,,0,0.08338165283203125,0.18232154846191406,10.126630783081055,0.08338165283203125,0,1.9199999570846558,1.07158362865448
1987,410556.0,,,,,,0,0,0,0,0,0,,,,,,,,0,,0,,,,,,,
1988,410556.0,,,,,,0,0,0,0,1,0,,,,,,,,0,,0,,,,,0,,
1989,410556.0,131,7588770.0,16640.0,,,0,0,0,1,0,0,0.0,,4.875197410583496,15.842180252075195,,0.0,,0,,0,,,9.719564437866211,,0,,
1987,410560.0,22,725000.0,9000.0,,,0,0,0,0,0,0,0.0,,3.0910425186157227,13.493927001953125,,0.0,,0,,0,,,9.104979515075684,,,,
1988,410560.0,25,785000.0,9000.0,,,0,0,0,0,1,0,0.0,,3.2188758850097656,13.57343864440918,,0.0,,0,,0,0.12783336639404297,0.07951164245605469,9.104979515075684,0.0,0,0.0,0.0
1989,410560.0,23,785000.0,10000.0,,,0,0,0,1,0,0,0.0,,3.1354942321777344,13.57343864440918,,0.0,,0,,0,-0.08338165283203125,0.0,9.21034049987793,0.1053609848022461,0,0.0,0.0
1987,410561.0,6,501859.0,,,,0,0,0,0,0,0,0.0,,1.7917594909667969,13.12607479095459,,0.0,,0,,0,,,,,,,
1988,410561.0,6,580415.0,,,,0,0,0,0,1,0,0.0,,1.7917594909667969,13.271498680114746,,0.0,,0,,0,0.0,0.14542388916015625,,,0,0.0,0.0
1989,410561.0,9,735442.0,,,,64,0,0,1,0,1,7.111111164093018,,2.1972246170043945,13.508227348327637,,2.0932347774505615,,0,,0,0.40546512603759766,0.23672866821289062,,,0,7.111111164093018,2.0932347774505615
1987,410562.0,15,4000000.0,32000.0,,,10,0,0,0,0,2,1.3333333730697632,,2.70805025100708,15.201805114746094,,0.8472979068756104,,0,,0,,,10.373491287231445,,,,
1988,410562.0,18,5000000.0,34000.0,,,10,0,0,0,1,2,1.1111111640930176,,2.890371799468994,15.424948692321777,,0.7472144365310669,,0,,0,0.18232154846191406,0.2231435775756836,10.434115409851074,0.060624122619628906,0,-0.2222222089767456,-0.10008347034454346
1989,410562.0,19,7000000.0,38000.0,,,25,0,0,1,0,6,7.8947367668151855,,2.944438934326172,15.761420249938965,,2.185459613800049,,0,,0,0.054067134857177734,0.3364715576171875,10.545341491699219,0.11122608184814453,0,6.783625602722168,1.438245177268982
1987,410563.0,73,5300000.0,21500.0,6.0,,0,1,0,0,0,0,0.0,1.7917594909667969,4.290459632873535,15.483217239379883,,0.0,,0,,0,,,9.975808143615723,,,,
1988,410563.0,76,5800000.0,22200.0,7.0,,0,1,0,0,1,0,0.0,1.945910096168518,4.330733299255371,15.573368072509766,,0.0,1.7917594909667969,0,0.1541506052017212,0,0.04027366638183594,0.09015083312988281,10.007847785949707,0.032039642333984375,0,0.0,0.0
1989,410563.0,80,6400000.0,23000.0,5.0,,50,1,0,1,0,8,5.0,1.6094379425048828,4.382026672363281,15.671808242797852,,1.7917594909667969,1.945910096168518,0,-0.33647215366363525,0,0.051293373107910156,0.09844017028808594,10.043249130249023,0.035401344299316406,0,5.0,1.7917594909667969
1987,410564.0,160,,20000.0,,4.300000190734863,20,0,0,0,0,15,1.875,,5.075173854827881,,1.4586150646209717,1.0560526847839355,,0,,0,,,9.903487205505371,,,,
1988,410564.0,150,,21000.0,,4.099999904632568,20,0,0,0,1,20,2.6666667461395264,,5.0106353759765625,,1.4109869003295898,1.2992830276489258,,0,,0,-0.06453847885131836,,9.952278137207031,0.048790931701660156,0,0.7916667461395264,0.24323034286499023
1989,410564.0,150,,22000.0,,4.0,25,0,0,1,0,35,5.833333492279053,,5.0106353759765625,,1.3862943649291992,1.921812653541565,,0,,0,0.0,,9.998797416687012,0.04651927947998047,0,3.1666667461395264,0.6225296258926392
1987,410565.0,90,,20620.0,21.0,,0,1,0,0,0,0,0.0,3.044522523880005,4.499809741973877,,,0.0,,0,,0,,,9.934017181396484,,,,
1988,410565.0,112,21780000.0,20180.0,11.0,,0,1,0,0,1,0,0.0,2.397895336151123,4.718498706817627,16.896503448486328,,0.0,3.044522523880005,0,-0.6466271877288818,0,0.21868896484375,,9.912446975708008,-0.021570205688476562,0,0.0,0.0
1989,410565.0,128,25829000.0,21500.0,0.4000000059604645,,16,1,0,1,0,128,16.0,-0.9162907004356384,4.852030277252197,17.06700897216797,,2.8332133293151855,2.397895336151123,0,-3.3141860961914062,0,0.1335315704345703,0.17050552368164062,9.975808143615723,0.06336116790771484,0,16.0,2.8332133293151855
1987,410566.0,14,2101581.0,14850.0,7.0,,8,0,0,0,0,12,6.857142925262451,1.945910096168518,2.6390573978424072,14.55820083618164,,2.0614230632781982,,0,,0,,,9.605754852294922,,,,
1988,410566.0,16,2400723.0,18100.0,5.0,,3,0,0,0,1,10,1.875,1.6094379425048828,2.7725887298583984,14.691280364990234,,1.0560526847839355,1.945910096168518,0,-0.33647215366363525,0,0.1335313320159912,0.13307952880859375,9.803667068481445,0.19791221618652344,0,-4.982142925262451,-1.0053703784942627
1989,410566.0,13,2470633.0,20500.0,4.5,,4,0,0,1,0,10,3.076923131942749,1.504077434539795,2.5649492740631104,14.719985008239746,,1.4053425788879395,1.6094379425048828,0,-0.10536050796508789,0,-0.20763945579528809,0.02870464324951172,9.928179740905762,0.1245126724243164,0,1.201923131942749,0.3492898941040039
1987,410567.0,40,3000000.0,10000.0,1.0,0.5,0,0,0,0,0,0,0.0,0.0,3.6888794898986816,14.914122581481934,-0.6931471824645996,0.0,,0,,0,,,9.21034049987793,,,,
1988,410567.0,48,3800000.0,11000.0,0.5,0.25,0,0,0,0,1,0,0.0,-0.6931471824645996,3.8712010383605957,15.150511741638184,-1.3862943649291992,0.0,0.0,0,-0.6931471824645996,0,0.18232154846191406,0.23638916015625,9.30565071105957,0.09531021118164062,0,0.0,0.0
1989,410567.0,50,3100000.0,11500.0,0.2800000011920929,0.12999999523162842,16,0,0,1,0,50,16.0,-1.272965669631958,3.9120230674743652,14.94691276550293,-2.0402209758758545,2.8332133293151855,-0.6931471824645996,0,-0.5798184871673584,0,0.04082202911376953,-0.2035989761352539,9.350102424621582,0.04445171356201172,0,16.0,2.8332133293151855
1987,410569.0,20,,26000.0,,,0,0,0,0,0,0,0.0,,2.995732307434082,,,0.0,,0,,0,,,10.165851593017578,,,,
1988,410569.0,24,,28000.0,,,0,0,0,0,1,0,0.0,,3.178053855895996,,,0.0,,0,,0,0.18232154846191406,,10.239959716796875,0.07410812377929688,0,0.0,0.0
1989,410569.0,30,,30000.0,,,0,0,0,1,0,0,0.0,,3.4011974334716797,,,0.0,,0,,0,0.2231435775756836,,10.308952331542969,0.06899261474609375,0,0.0,0.0
1987,410571.0,17,755050.0,10400.0,,0.009999999776482582,25,0,0,0,0,17,25.0,,2.8332133293151855,13.534539222717285,-4.605170249938965,3.25809645652771,,0,,0,,,9.249561309814453,,,,
1988,410571.0,15,1102723.0,10400.0,,0.009999999776482582,25,0,0,0,1,15,25.0,,2.70805025100708,13.91329288482666,-4.605170249938965,3.25809645652771,,0,,0,-0.12516307830810547,0.378753662109375,9.249561309814453,0.0,0,0.0,0.0
1989,410571.0,20,1073785.0,10400.0,,0.009999999776482582,25,0,0,1,0,10,12.5,,2.995732307434082,13.886700630187988,-4.605170249938965,2.602689743041992,,0,,0,0.28768205642700195,-0.026592254638671875,9.249561309814453,0.0,0,-12.5,-0.6554067134857178
1987,410577.0,75,4750000.0,16120.0,1.6799999475479126,1.8899999856948853,3,0,0,0,0,30,1.2000000476837158,0.5187937617301941,4.317488193511963,15.373655319213867,0.6365768313407898,0.7884573936462402,,0,,0,,,9.68781566619873,,,,
1988,410577.0,80,5100000.0,16432.0,1.5700000524520874,1.7599999904632568,4,0,0,0,1,35,1.75,0.45107564330101013,4.382026672363281,15.444750785827637,0.5653138160705566,1.0116009712219238,0.5187937617301941,0,-0.06771811842918396,0,0.06453847885131836,0.07109546661376953,9.706985473632812,0.01916980743408203,0,0.5499999523162842,0.2231435775756836
1989,410577.0,94,5500000.0,16640.0,1.6399999856948853,1.8200000524520874,4,0,0,1,0,35,1.4893616437911987,0.4946962296962738,4.543294906616211,15.520258903503418,0.5988365411758423,0.9120262861251831,0.45107564330101013,0,0.04362058639526367,0,0.1612682342529297,0.07550811767578125,9.719564437866211,0.012578964233398438,0,-0.26063835620880127,-0.09957468509674072
1987,410586.0,116,11000000.0,23500.0,,,47,0,0,0,0,96,38.89655303955078,,4.753590106964111,16.21340560913086,,3.6862900257110596,,0,,0,,,10.0647554397583,,,,
1988,410586.0,114,11000000.0,24000.0,,,47,0,0,0,1,94,38.75438690185547,,4.736198425292969,16.21340560913086,,3.682720184326172,,0,,0,-0.017391681671142578,0.0,10.085808753967285,0.021053314208984375,0,-0.1421661376953125,-0.0035698413848876953
1989,410586.0,119,11000000.0,24600.0,,,47,0,0,1,0,99,39.1008415222168,,4.779123306274414,16.21340560913086,,3.6913974285125732,,0,,0,0.04292488098144531,0.0,10.110501289367676,0.024692535400390625,0,0.3464546203613281,0.008677244186401367
1987,410591.0,25,,12180.0,,,0,0,0,0,0,0,0.0,,3.2188758850097656,,,0.0,,0,,0,,,9.407550811767578,,,,
1988,410591.0,33,,13000.0,,,50,0,0,0,1,1,1.5151515007019043,,3.4965076446533203,,,0.9223330616950989,,0,,0,0.2776317596435547,,9.472704887390137,0.0651540756225586,0,1.5151515007019043,0.9223330616950989
1989,410591.0,37,,14500.0,,,40,0,0,1,0,2,2.1621620655059814,,3.610917806625366,,,1.1512559652328491,,0,,0,0.1144101619720459,,9.581903457641602,0.10919857025146484,0,0.6470105648040771,0.22892290353775024
1987,410592.0,20,,,30.0,40.0,,0,0,0,0,20,,3.4011974334716797,2.995732307434082,,3.6888794898986816,,,0,,0,,,,,,,
1988,410592.0,20,,,24.0,27.0,,0,0,0,1,20,,3.178053855895996,2.995732307434082,,3.295836925506592,,3.4011974334716797,0,-0.2231435775756836,0,0.0,,,,0,,
1989,410592.0,10,,,20.0,15.0,,0,0,1,0,10,,2.995732307434082,2.3025851249694824,,2.70805025100708,,3.178053855895996,0,-0.18232154846191406,0,-0.6931471824645996,,,,0,,
1987,410593.0,5,3500000.0,,1.0,,0,0,0,0,0,0,0.0,0.0,1.6094379425048828,15.068273544311523,,0.0,,0,,0,,,,,,,
1988,410593.0,5,3800000.0,,1.0,,0,0,0,0,1,0,0.0,0.0,1.6094379425048828,15.150511741638184,,0.0,0.0,0,0.0,0,0.0,0.08223819732666016,,,0,0.0,0.0
1989,410593.0,5,4000000.0,,1.0,,0,0,0,1,0,0,0.0,0.0,1.6094379425048828,15.201805114746094,,0.0,0.0,0,0.0,0,0.0,0.051293373107910156,,,0,0.0,0.0
1987,410596.0,8,990400.0,12480.0,10.0,,10,0,0,0,0,8,10.0,2.3025851249694824,2.079441547393799,13.805864334106445,,2.397895336151123,,0,,0,,,9.431882858276367,,,,
1988,410596.0,16,1166100.0,13520.0,6.0,,12,0,0,0,1,16,12.0,1.7917594909667969,2.7725887298583984,13.969175338745117,,2.5649492740631104,2.3025851249694824,0,-0.5108256340026855,0,0.6931471824645996,0.16331100463867188,9.51192569732666,0.08004283905029297,0,2.0,0.1670539379119873
1989,410596.0,20,1815900.0,14560.0,4.0,,14,0,0,1,0,20,14.0,1.3862943649291992,2.995732307434082,14.412092208862305,,2.70805025100708,1.7917594909667969,0,-0.40546512603759766,0,0.2231435775756836,0.4429168701171875,9.58603286743164,0.07410717010498047,0,2.0,0.14310097694396973
1987,410603.0,10,1212478.0,12700.0,,,105,0,0,0,0,4,42.0,,2.3025851249694824,14.008176803588867,,3.761200189590454,,0,,0,,,9.449357032775879,,,,
1988,410603.0,14,1159622.0,13600.0,,,105,0,0,0,1,3,22.5,,2.6390573978424072,13.963604927062988,,3.1570003032684326,,0,,0,0.3364722728729248,-0.044571876525878906,9.51782512664795,0.06846809387207031,0,-19.5,-0.6041998863220215
1989,410603.0,17,1612170.0,14900.0,,,,0,0,1,0,0,,,2.8332133293151855,14.293091773986816,,,,0,,0,0.19415593147277832,0.3294868469238281,9.609116554260254,0.09129142761230469,0,,
1987,410604.0,60,,8320.0,,,0,0,0,0,0,0,0.0,,4.094344615936279,,,0.0,,0,,0,,,9.02641773223877,,,,
1988,410604.0,100,,8940.0,,,0,0,0,0,1,0,0.0,,4.605170249938965,,,0.0,,0,,0,0.5108256340026855,,9.09829044342041,0.07187271118164062,0,0.0,0.0
1989,410604.0,190,,10400.0,,,0,0,0,1,0,0,0.0,,5.247024059295654,,,0.0,,0,,0,0.6418538093566895,,9.249561309814453,0.15127086639404297,0,0.0,0.0
1987,410606.0,124,10507000.0,,0.6600000262260437,,10,0,0,0,0,43,3.4677419662475586,-0.41551539301872253,4.820281505584717,16.167552947998047,,1.4968831539154053,,0,,0,,,,,,,
1988,410606.0,127,12172850.0,14538.0,0.3400000035762787,,8,0,0,0,1,30,1.8897638320922852,-1.0788096189498901,4.844187259674072,16.31471824645996,,1.061174750328064,-0.41551539301872253,0,-0.6632941961288452,0,0.02390575408935547,0.14716529846191406,9.584521293640137,,0,-1.5779781341552734,-0.4357084035873413
1989,410606.0,128,12039550.0,14865.0,0.38999998569488525,,28,0,0,1,0,87,19.03125,-0.9416085481643677,4.852030277252197,16.303707122802734,,2.997293472290039,-1.0788096189498901,0,0.13720107078552246,0,0.007843017578125,-0.011011123657226562,9.606764793395996,0.022243499755859375,0,17.14148712158203,1.936118721961975
1987,410609.0,22,1650831.0,24900.0,,,0,0,0,0,0,0,0.0,,3.0910425186157227,14.316789627075195,,0.0,,0,,0,,,10.122623443603516,,,,
1988,410609.0,37,1817961.0,23000.0,,,0,0,0,0,1,0,0.0,,3.610917806625366,14.413226127624512,,0.0,,0,,0,0.5198752880096436,0.0964365005493164,10.043249130249023,-0.07937431335449219,0,0.0,0.0
1989,410609.0,44,1642441.0,23200.0,,,0,0,0,1,0,0,0.0,,3.7841897010803223,14.311694145202637,,0.0,,0,,0,0.17327189445495605,-0.101531982421875,10.051907539367676,0.008658409118652344,0,0.0,0.0
1987,410612.0,60,7000000.0,8840.0,,,12,0,0,0,0,60,12.0,,4.094344615936279,15.761420249938965,,2.5649492740631104,,0,,0,,,9.087041854858398,,,,
1988,410612.0,65,8500000.0,9880.0,,,12,0,0,0,1,65,12.0,,4.174387454986572,15.95557689666748,,2.5649492740631104,,0,,0,0.08004283905029297,0.19415664672851562,9.198267936706543,0.11122608184814453,0,0.0,0.0
1989,410612.0,70,11000000.0,10920.0,,,12,0,0,1,0,70,12.0,,4.248495101928711,16.21340560913086,,2.5649492740631104,,0,,0,0.07410764694213867,0.2578287124633789,9.298351287841797,0.1000833511352539,0,0.0,0.0
1987,410626.0,27,4600000.0,18000.0,0.8700000047683716,,24,1,0,0,0,3,2.6666667461395264,-0.13926206529140472,3.295836925506592,15.341567039489746,,1.2992830276489258,,0,,0,,,9.798127174377441,,,,
1988,410626.0,28,4900000.0,19000.0,0.8199999928474426,,16,1,0,0,1,2,1.1428571939468384,-0.1984509527683258,3.332204580307007,15.404746055603027,,0.7621400952339172,-0.13926206529140472,0,-0.05918888747692108,0,0.03636765480041504,0.06317901611328125,9.852193832397461,0.05406665802001953,0,-1.523809552192688,-0.5371429324150085
1989,410626.0,30,5600000.0,21000.0,0.7099999785423279,,32,1,0,1,0,6,6.400000095367432,-0.3424903452396393,3.4011974334716797,15.538277626037598,,2.0014801025390625,-0.1984509527683258,0,-0.14403939247131348,0,0.06899285316467285,0.1335315704345703,9.952278137207031,0.10008430480957031,0,5.257143020629883,1.23934006690979
1987,410627.0,25,2900000.0,21830.0,,,,1,0,0,0,25,,,3.2188758850097656,14.880221366882324,,,,0,,0,,,9.991040229797363,,,,
1988,410627.0,25,2800000.0,22454.0,,,,1,0,0,1,25,,,3.2188758850097656,14.84512996673584,,,,0,,0,0.0,-0.035091400146484375,10.019224166870117,0.028183937072753906,0,,
1989,410627.0,25,2900000.0,23078.0,,,,1,0,1,0,25,,,3.2188758850097656,14.880221366882324,,,,0,,0,0.0,0.035091400146484375,10.046634674072266,0.027410507202148438,0,,
1987,410629.0,16,1100000.0,18500.0,1.2000000476837158,0.5799999833106995,,0,0,0,0,16,,0.18232159316539764,2.7725887298583984,13.910820960998535,-0.5447272062301636,,,0,,0,,,9.825526237487793,,,,
1988,410629.0,19,2050000.0,21000.0,0.5299999713897705,0.25,,0,0,0,1,19,,-0.6348783373832703,2.944438934326172,14.533349990844727,-1.3862943649291992,,0.18232159316539764,0,-0.8171999454498291,0,0.17185020446777344,0.6225290298461914,9.952278137207031,0.12675189971923828,0,,
1989,410629.0,23,2260000.0,23500.0,0.49000000953674316,0.36000001430511475,,0,0,1,0,23,,-0.7133498787879944,3.1354942321777344,14.630875587463379,-1.0216511487960815,,-0.6348783373832703,0,-0.07847154140472412,0,0.1910552978515625,0.09752559661865234,10.0647554397583,0.11247730255126953,0,,
1987,410635.0,100,20000000.0,22000.0,,,0,1,0,0,0,0,0.0,,4.605170249938965,16.811243057250977,,0.0,,0,,0,,,9.998797416687012,,,,
1988,410635.0,95,18000000.0,22000.0,,,1,1,0,0,1,1,0.010526316240429878,,4.553876876831055,16.705883026123047,,0.010471300221979618,,0,,0,-0.051293373107910156,-0.10536003112792969,9.998797416687012,0.0,0,0.010526316240429878,0.010471300221979618
1989,410635.0,85,16000000.0,22000.0,,,20,1,0,1,0,50,11.764705657958984,,4.442651271820068,16.588098526000977,,2.5466840267181396,,0,,0,-0.11122560501098633,-0.11778450012207031,9.998797416687012,0.0,0,11.754179000854492,2.536212682723999
1987,410636.0,8,386807.0,14110.0,,,,0,0,0,0,8,,,2.079441547393799,12.865680694580078,,,,0,,0,,,9.554638862609863,,,,
1988,410636.0,10,734613.0,14040.0,,,,0,0,0,1,10,,,2.3025851249694824,13.507099151611328,,,,0,,0,0.2231435775756836,0.64141845703125,9.549665451049805,-0.004973411560058594,0,,
1989,410636.0,8,518842.0,14126.0,,,,0,0,1,0,8,,,2.079441547393799,13.159354209899902,,,,0,,0,-0.2231435775756836,-0.3477449417114258,9.55577278137207,0.006107330322265625,0,,
1987,410639.0,135,14000000.0,20384.0,,,1,1,0,0,0,50,0.37037035822868347,,4.905274868011475,16.454566955566406,,0.31508103013038635,,0,,0,,,9.922505378723145,,,,
1988,410639.0,135,15000000.0,20800.0,,,3,1,0,0,1,75,1.6666666269302368,,4.905274868011475,16.523561477661133,,0.9808292388916016,,0,,0,0.0,0.06899452209472656,9.942708015441895,0.02020263671875,0,1.296296238899231,0.6657482385635376
1989,410639.0,144,15500000.0,20592.0,,,5,1,0,1,0,100,3.472222328186035,,4.969813346862793,16.556350708007812,,1.4978854656219482,,0,,0,0.06453847885131836,0.03278923034667969,9.932658195495605,-0.010049819946289062,0,1.8055557012557983,0.5170562267303467
1987,410640.0,13,1656000.0,19266.0,,,240,0,0,0,0,3,55.38461685180664,,2.5649492740631104,14.319915771484375,,4.032196521759033,,0,,0,,,9.866097450256348,,,,
1988,410640.0,11,1527000.0,20867.0,,,200,0,0,0,1,2,36.3636360168457,,2.397895336151123,14.238815307617188,,3.6206979751586914,,0,,0,-0.1670539379119873,-0.0811004638671875,9.945923805236816,0.07982635498046875,0,-19.020980834960938,-0.4114985466003418
1989,410640.0,13,1454000.0,25154.0,,,200,0,0,1,0,2,30.769229888916016,,2.5649492740631104,14.189828872680664,,3.458498239517212,,0,,0,0.1670539379119873,-0.04898643493652344,10.132772445678711,0.18684864044189453,0,-5.5944061279296875,-0.1621997356414795
1987,410641.0,,3600000.0,,,,,0,0,0,0,,,,,15.096444129943848,,,,0,,0,,,,,,,
1988,410641.0,,3900000.0,,,,,0,0,0,1,,,,,15.17648696899414,,,,0,,0,,0.08004283905029297,,,0,,
1989,410641.0,,5200000.0,,,,,0,0,1,0,,,,,15.4641695022583,,,,0,,0,,0.28768253326416016,,,0,,
1987,410642.0,,,,,,0,0,0,0,0,0,,,,,,,,0,,0,,,,,,,
1988,410642.0,,,,,,45,0,0,0,1,25,,,,,,,,0,,0,,,,,0,,
1989,410642.0,,,,,,45,0,0,1,0,25,,,,,,,,0,,0,,,,,0,,
1987,410649.0,30,2100000.0,25500.0,,,,0,0,0,0,30,,,3.4011974334716797,14.55744743347168,,,,0,,0,,,10.14643383026123,,,,
1988,410649.0,27,2252000.0,26000.0,,,,0,0,0,1,27,,,3.295836925506592,14.627328872680664,,,,0,,0,-0.10536050796508789,0.06988143920898438,10.165851593017578,0.019417762756347656,0,,
1989,410649.0,24,1866064.0,28000.0,,,,0,0,1,0,24,,,3.178053855895996,14.43934154510498,,,,0,,0,-0.1177830696105957,-0.1879873275756836,10.239959716796875,0.07410812377929688,0,,
1987,410653.0,14,1950000.0,16000.0,1.059999942779541,,,1,0,0,0,14,,0.05826885253190994,2.6390573978424072,14.4833402633667,,,,0,,0,,,9.680343627929688,,,,
1988,410653.0,13,1850000.0,17000.0,1.0299999713897705,,,1,0,0,1,13,,0.029558774083852768,2.5649492740631104,14.430696487426758,,,0.05826885253190994,0,-0.028710078448057175,0,-0.07410812377929688,-0.052643775939941406,9.740968704223633,0.06062507629394531,0,,
1989,410653.0,12,1550000.0,18000.0,1.1399999856948853,,,1,0,1,0,12,,0.13102824985980988,2.4849066734313965,14.253765106201172,,,0.029558774083852768,0,0.10146947205066681,0,-0.08004260063171387,-0.17693138122558594,9.798127174377441,0.057158470153808594,0,,
1987,410665.0,,,,0.05000000074505806,0.05999999865889549,0,0,0,0,0,0,,-2.995732307434082,,,-2.813410758972168,,,0,,0,,,,,,,
1988,410665.0,12,1000000.0,29120.0,0.07999999821186066,0.029999999329447746,16,0,0,0,1,2,2.6666667461395264,-2.525728702545166,2.4849066734313965,13.815510749816895,-3.5065579414367676,1.2992830276489258,-2.995732307434082,0,0.470003604888916,0,,,10.279180526733398,,0,,
1989,410665.0,14,1200000.0,29120.0,0.029999999329447746,0.09000000357627869,16,0,0,1,0,4,4.5714287757873535,-3.5065579414367676,2.6390573978424072,13.997832298278809,-2.4079456329345703,1.7176514863967896,-2.525728702545166,0,-0.9808292388916016,0,0.15415072441101074,0.18232154846191406,10.279180526733398,0.0,0,1.9047620296478271,0.41836845874786377
1987,410679.0,30,,26000.0,,3.0,,0,0,0,0,30,,,3.4011974334716797,,1.0986123085021973,,,0,,0,,,10.165851593017578,,,,
1988,410679.0,30,,26000.0,,3.0,,0,0,0,1,30,,,3.4011974334716797,,1.0986123085021973,,,0,,0,0.0,,10.165851593017578,0.0,0,,
1989,410679.0,28,,27000.0,,3.0,,0,0,1,0,28,,,3.332204580307007,,1.0986123085021973,,,0,,0,-0.06899285316467285,,10.203592300415039,0.03774070739746094,0,,
1987,410680.0,27,2873000.0,19762.0,,,100,0,0,0,0,14,51.85185241699219,,3.295836925506592,14.870867729187012,,3.9674928188323975,,0,,0,,,9.891515731811523,,,,
1988,410680.0,61,6097000.0,21120.0,,,50,0,0,0,1,5,4.098360538482666,,4.110873699188232,15.623307228088379,,1.628919005393982,,0,,0,0.8150367736816406,0.7524394989013672,9.957975387573242,0.06645965576171875,0,-47.75349044799805,-2.338573932647705
1989,410680.0,52,5670000.0,22360.0,,,70,0,0,1,0,9,12.115385055541992,,3.9512436389923096,15.550699234008789,,2.5737860202789307,,0,,0,-0.15963006019592285,-0.07260799407958984,10.015028953552246,0.057053565979003906,0,8.017024993896484,0.9448670148849487
1987,410685.0,24,2213235.0,20004.0,0.14000000059604645,,,0,0,0,0,24,,-1.9661128520965576,3.178053855895996,14.609966278076172,,,,0,,0,,,9.903687477111816,,,,
1988,410685.0,20,2100943.0,19078.0,0.1599999964237213,,,0,0,0,1,20,,-1.8325815200805664,2.995732307434082,14.557896614074707,,,-1.9661128520965576,0,0.1335313320159912,0,-0.18232154846191406,-0.052069664001464844,9.856290817260742,-0.04739665985107422,0,,
1989,410685.0,20,2174049.0,21099.0,0.23000000417232513,,,0,0,1,0,20,,-1.469675898551941,2.995732307434082,14.59210205078125,,,-1.8325815200805664,0,0.3629056215286255,0,0.0,0.03420543670654297,9.95698070526123,0.10068988800048828,0,,
1987,410686.0,6,2100000.0,16640.0,,,0,0,0,0,0,0,0.0,,1.7917594909667969,14.55744743347168,,0.0,,0,,0,,,9.719564437866211,,,,
1988,410686.0,7,1800000.0,18720.0,,,10,0,0,0,1,2,2.857142925262451,,1.945910096168518,14.403297424316406,,1.3499267101287842,,0,,0,0.1541506052017212,-0.15415000915527344,9.837347984313965,0.1177835464477539,0,2.857142925262451,1.3499267101287842
1989,410686.0,6,1600000.0,20800.0,,,0,0,0,1,0,0,0.0,,1.7917594909667969,14.285513877868652,,0.0,,0,,0,-0.1541506052017212,-0.1177835464477539,9.942708015441895,0.10536003112792969,0,-2.857142925262451,-1.3499267101287842
1987,418006.0,63,,25900.0,,,0,0,0,0,0,0,0.0,,4.143134593963623,,,0.0,,0,,0,,,10.16199779510498,,,,
1988,418006.0,57,,25300.0,,,45,0,1,0,1,24,18.947368621826172,,4.043051242828369,,,2.9930973052978516,,0,,1,-0.1000833511352539,,10.138559341430664,-0.023438453674316406,0,18.947368621826172,2.9930973052978516
1989,418006.0,59,,26800.0,,,40,0,0,1,0,35,23.72881317138672,,4.077537536621094,,,3.2079691886901855,,1,,-1,0.03448629379272461,,10.196157455444336,0.057598114013671875,1,4.781444549560547,0.21487188339233398
1987,418007.0,26,2200000.0,10712.0,,1.899999976158142,,1,0,0,0,26,,,3.25809645652771,14.603967666625977,0.6418538689613342,,,0,,0,,,9.279119491577148,,,,
1988,418007.0,24,1800000.0,10940.0,,2.5999999046325684,,1,0,0,1,24,,,3.178053855895996,14.403297424316406,0.9555113911628723,,,0,,0,-0.08004260063171387,-0.2006702423095703,9.30018138885498,0.02106189727783203,0,,
1989,418007.0,21,1700000.0,11148.0,,1.2000000476837158,,1,0,1,0,21,,,3.044522523880005,14.346138954162598,0.18232159316539764,,,0,,0,-0.1335313320159912,-0.057158470153808594,9.319015502929688,0.01883411407470703,0,,
1987,418008.0,10,900000.0,,,,0,0,0,0,0,3,0.0,,2.3025851249694824,13.710149765014648,,0.0,,0,,0,,,,,,,
1988,418008.0,10,1200000.0,,,,16,0,1,0,1,10,16.0,,2.3025851249694824,13.997832298278809,,2.8332133293151855,,0,,1,0.0,0.28768253326416016,,,0,16.0,2.8332133293151855
1989,418008.0,12,1100000.0,20000.0,,,0,0,0,1,0,1,0.0,,2.4849066734313965,13.910820960998535,,0.0,,1,,-1,0.18232154846191406,-0.08701133728027344,9.903487205505371,,1,-16.0,-2.8332133293151855
1987,418011.0,70,4200000.0,12400.0,10.0,9.0,0,1,0,0,0,0,0.0,2.3025851249694824,4.248495101928711,15.250595092773438,2.1972246170043945,0.0,,0,,0,,,9.425451278686523,,,,
1988,418011.0,50,3740000.0,13400.0,3.0,3.0,43,1,1,0,1,10,8.600000381469727,1.0986123085021973,3.9120230674743652,15.13459587097168,1.0986123085021973,2.261763095855713,2.3025851249694824,0,-1.2039728164672852,1,-0.3364720344543457,-0.11599922180175781,9.503009796142578,0.07755851745605469,0,8.600000381469727,2.261763095855713
1989,418011.0,30,2040000.0,14000.0,2.0,1.0,40,1,0,1,0,5,6.666666507720947,0.6931471824645996,3.4011974334716797,14.528460502624512,0.0,2.036881923675537,1.0986123085021973,1,-0.40546512603759766,-1,-0.5108256340026855,-0.606135368347168,9.546813011169434,0.04380321502685547,1,-1.9333338737487793,-0.22488117218017578
1987,418013.0,20,750000.0,14560.0,,0.27000001072883606,40,0,0,0,0,2,4.0,,2.995732307434082,13.527828216552734,-1.309333324432373,1.6094379425048828,,0,,0,,,9.58603286743164,,,,
1988,418013.0,18,800000.0,16640.0,,0.25,60,0,1,0,1,3,10.0,,2.890371799468994,13.592367172241211,-1.3862943649291992,2.397895336151123,,0,,1,-0.10536050796508789,0.06453895568847656,9.719564437866211,0.1335315704345703,0,6.0,0.7884573936462402
1989,418013.0,20,950000.0,17680.0,,0.20999999344348907,40,0,0,1,0,3,6.0,,2.995732307434082,13.764217376708984,-1.56064772605896,1.945910096168518,,1,,-1,0.10536050796508789,0.17185020446777344,9.780189514160156,0.06062507629394531,1,-4.0,-0.451985239982605
1987,418014.0,9,6802180.0,13478.0,,,256,0,0,0,0,2,56.88888931274414,,2.1972246170043945,15.73275375366211,,4.058525562286377,,0,,0,,,9.508813858032227,,,,
1988,418014.0,12,936477.0,14269.0,,,281,0,1,0,1,7,163.9166717529297,,2.4849066734313965,13.749879837036133,,5.105440139770508,,0,,1,0.28768205642700195,-1.9828739166259766,9.565844535827637,0.057030677795410156,0,107.02778625488281,1.0469145774841309
1989,418014.0,17,1437883.0,15558.0,,,256,0,0,1,0,5,75.29412078857422,,2.8332133293151855,14.178682327270508,,4.334595680236816,,1,,-1,0.34830665588378906,0.428802490234375,9.65233039855957,0.0864858627319336,1,-88.62255096435547,-0.7708444595336914
1987,418021.0,11,1850000.0,12500.0,1.0,1.0,0,0,0,0,0,0,0.0,0.0,2.397895336151123,14.430696487426758,0.0,0.0,,0,,0,,,9.433484077453613,,,,
1988,418021.0,13,2078000.0,13100.0,1.0,1.0,40,0,1,0,1,2,6.153846263885498,0.0,2.5649492740631104,14.546916007995605,0.0,1.9676501750946045,0.0,0,0.0,1,0.1670539379119873,0.11621952056884766,9.480367660522461,0.046883583068847656,0,6.153846263885498,1.9676501750946045
1989,418021.0,13,2040000.0,13800.0,1.0,1.0,10,0,0,1,0,2,1.5384615659713745,0.0,2.5649492740631104,14.528460502624512,0.0,0.9315581917762756,0.0,1,0.0,-1,0.0,-0.01845550537109375,9.532423973083496,0.052056312561035156,1,-4.615384578704834,-1.0360920429229736
1987,418024.0,40,5500000.0,10400.0,,,0,0,0,0,0,0,0.0,,3.6888794898986816,15.520258903503418,,0.0,,0,,0,,,9.249561309814453,,,,
1988,418024.0,60,6000000.0,10400.0,,,40,0,1,0,1,57,38.0,,4.094344615936279,15.607270240783691,,3.6635615825653076,,0,,1,0.40546512603759766,0.08701133728027344,9.249561309814453,0.0,0,38.0,3.6635615825653076
1989,418024.0,100,7000000.0,11020.0,,,20,0,0,1,0,10,2.0,,4.605170249938965,15.761420249938965,,1.0986123085021973,,1,,-1,0.5108256340026855,0.15415000915527344,9.307467460632324,0.057906150817871094,1,-36.0,-2.5649492740631104
1987,418035.0,30,1269000.0,14000.0,6.0,12.0,0,0,0,0,0,0,0.0,1.7917594909667969,3.4011974334716797,14.053739547729492,2.4849066734313965,0.0,,0,,0,,,9.546813011169434,,,,
1988,418035.0,30,1681000.0,14500.0,5.0,11.0,23,0,1,0,1,24,18.399999618530273,1.6094379425048828,3.4011974334716797,14.334898948669434,2.397895336151123,2.965273141860962,1.7917594909667969,0,-0.18232154846191406,1,0.0,0.2811594009399414,9.581903457641602,0.03509044647216797,0,18.399999618530273,2.965273141860962
1989,418035.0,31,1814000.0,15000.0,3.0,9.0,0,0,0,1,0,0,0.0,1.0986123085021973,3.4339871406555176,14.41104507446289,2.1972246170043945,0.0,1.6094379425048828,1,-0.5108256340026855,-1,0.03278970718383789,0.07614612579345703,9.615805625915527,0.03390216827392578,1,-18.399999618530273,-2.965273141860962
1987,418036.0,485,,17888.0,,,10,0,0,0,0,15,0.30927833914756775,,6.184148788452148,,,0.2694760859012604,,0,,0,,,9.791885375976562,,,,
1988,418036.0,500,,18637.0,,,46,0,1,0,1,24,2.2079999446868896,,6.214608192443848,,,1.1656476259231567,,0,,1,0.03045940399169922,,9.832903861999512,0.04101848602294922,0,1.8987215757369995,0.8961715698242188
1989,418036.0,525,,19386.0,,,10,0,0,1,0,15,0.2857142984867096,,6.263398170471191,,,0.2513144314289093,,1,,-1,0.04878997802734375,,9.872306823730469,0.03940296173095703,1,-1.9222856760025024,-0.9143332242965698
1987,418045.0,15,2000000.0,18000.0,2.0,1.0,30,0,0,0,0,2,4.0,0.6931471824645996,2.70805025100708,14.508657455444336,0.0,1.6094379425048828,,0,,0,,,9.798127174377441,,,,
1988,418045.0,15,2500000.0,20000.0,2.0,1.0,40,0,0,0,1,3,8.0,0.6931471824645996,2.70805025100708,14.73180103302002,0.0,2.1972246170043945,0.6931471824645996,0,0.0,0,0.0,0.2231435775756836,9.903487205505371,0.10536003112792969,0,4.0,0.5877866744995117
1989,418045.0,15,3500000.0,22000.0,2.0,1.0,150,0,0,1,0,15,150.0,0.6931471824645996,2.70805025100708,15.068273544311523,0.0,5.017279624938965,0.6931471824645996,0,0.0,0,0.0,0.3364725112915039,9.998797416687012,0.09531021118164062,0,142.0,2.8200550079345703
1987,418046.0,15,,13000.0,,,0,0,0,0,0,0,0.0,,2.70805025100708,,,0.0,,0,,0,,,9.472704887390137,,,,
1988,418046.0,20,,12000.0,,,24,0,1,0,1,20,24.0,,2.995732307434082,,,3.2188758850097656,,0,,1,0.28768205642700195,,9.392662048339844,-0.08004283905029297,0,24.0,3.2188758850097656
1989,418046.0,25,,12000.0,,,4,0,0,1,0,25,4.0,,3.2188758850097656,,,1.6094379425048828,,1,,-1,0.2231435775756836,,9.392662048339844,0.0,1,-20.0,-1.6094379425048828
1987,418051.0,,,,0.44999998807907104,0.14000000059604645,25,1,0,0,0,30,,-0.7985077500343323,,,-1.9661128520965576,,,0,,0,,,,,,,
1988,418051.0,,,,0.5,0.17000000178813934,13,1,1,0,1,199,,-0.6931471824645996,,,-1.7719568014144897,,-0.7985077500343323,0,0.10536056756973267,1,,,,,0,,
1989,418051.0,,,,0.5,0.17000000178813934,20,1,0,1,0,15,,-0.6931471824645996,,,-1.7719568014144897,,-0.6931471824645996,1,0.0,-1,,,,,1,,
1987,418052.0,6,400000.0,25861.0,,,0,0,0,0,0,0,0.0,,1.7917594909667969,12.899219512939453,,0.0,,0,,0,,,10.160490989685059,,,,
1988,418052.0,5,500000.0,25168.0,,,55,0,1,0,1,5,55.0,,1.6094379425048828,13.122363090515137,,4.025351524353027,,0,,1,-0.18232154846191406,0.2231435775756836,10.133328437805176,-0.027162551879882812,0,55.0,4.025351524353027
1989,418052.0,7,600000.0,23625.0,,,0,0,0,1,0,0,0.0,,1.945910096168518,13.30468463897705,,0.0,,1,,-1,0.33647215366363525,0.18232154846191406,10.070060729980469,-0.06326770782470703,1,-55.0,-4.025351524353027
1987,418054.0,60,3330457.0,11500.0,1.25,,0,0,0,0,0,3,0.0,0.2231435477733612,4.094344615936279,15.018620491027832,,0.0,,0,,0,,,9.350102424621582,,,,
1988,418054.0,65,3765312.0,12500.0,1.5399999618530273,,40,0,1,0,1,3,1.8461538553237915,0.43178239464759827,4.174387454986572,15.141341209411621,,1.0459685325622559,0.2231435477733612,0,0.20863884687423706,1,0.08004283905029297,0.12272071838378906,9.433484077453613,0.08338165283203125,0,1.8461538553237915,1.0459685325622559
1989,418054.0,56,3533090.0,13200.0,0.9599999785423279,,10,0,0,1,0,0,0.0,-0.040822017937898636,4.025351524353027,15.077683448791504,,0.0,0.43178239464759827,1,-0.4726044237613678,-1,-0.14903593063354492,-0.06365776062011719,9.487972259521484,0.054488182067871094,1,-1.8461538553237915,-1.0459685325622559
1987,418065.0,259,26942000.0,15038.0,1.2999999523162842,0.5,6,1,0,0,0,150,3.4749035835266113,0.2623642385005951,5.556828022003174,17.10919761657715,-0.6931471824645996,1.4984848499298096,,0,,0,,,9.618335723876953,,,,
1988,418065.0,331,32161000.0,15434.0,1.5,0.699999988079071,21,1,1,0,1,244,15.480362892150879,0.40546509623527527,5.802118301391602,17.286264419555664,-0.3566749691963196,2.8021695613861084,0.2623642385005951,0,0.14310085773468018,1,0.24529027938842773,0.17706680297851562,9.644328117370605,0.025992393493652344,0,12.00545883178711,1.3036847114562988
1989,418065.0,321,31046000.0,16307.0,1.0,0.699999988079071,6,1,0,1,0,180,3.3644859790802,0.0,5.7714409828186035,17.250980377197266,-0.3566749691963196,1.473500370979309,0.40546509623527527,1,-0.40546509623527527,-1,-0.030677318572998047,-0.03528404235839844,9.699349403381348,0.05502128601074219,1,-12.115877151489258,-1.3286691904067993
1987,418066.0,35,,,,,2,0,0,0,0,35,2.0,,3.5553481578826904,,,1.0986123085021973,,0,,0,,,,,,,
1988,418066.0,34,,,,,,0,1,0,1,34,,,3.526360511779785,,,,,0,,1,-0.028987646102905273,,,,0,,
1989,418066.0,36,,,,,3,0,0,1,0,36,3.0,,3.5835189819335938,,,1.3862943649291992,,1,,-1,0.057158470153808594,,,,1,,
1987,418076.0,60,3870000.0,19968.0,1.059999942779541,2.0,50,0,0,0,0,20,16.66666603088379,0.05826885253190994,4.094344615936279,15.1687650680542,0.6931471824645996,2.8716795444488525,,0,,0,,,9.901885986328125,,,,
1988,418076.0,70,3882000.0,20800.0,0.800000011920929,1.5,52,0,1,0,1,41,30.457143783569336,-0.2231435328722,4.248495101928711,15.171860694885254,0.40546509623527527,3.4486260414123535,0.05826885253190994,0,-0.28141239285469055,1,0.15415048599243164,0.0030956268310546875,9.942708015441895,0.04082202911376953,0,13.790477752685547,0.576946496963501
1989,418076.0,70,5330000.0,21840.0,0.2199999988079071,0.5,50,0,0,1,0,20,14.285714149475098,-1.5141277313232422,4.248495101928711,15.488862037658691,-0.6931471824645996,2.7269186973571777,-0.2231435328722,1,-1.2909841537475586,-1,0.0,0.3170013427734375,9.991497993469238,0.04878997802734375,1,-16.171428680419922,-0.7217073440551758
1987,418083.0,125,26000000.0,20000.0,3.0,0.05000000074505806,0,1,0,0,0,0,0.0,1.0986123085021973,4.828313827514648,17.073606491088867,-2.995732307434082,0.0,,0,,0,,,9.903487205505371,,,,
1988,418083.0,120,36000000.0,20000.0,2.0,0.0,,1,1,0,1,120,,0.6931471824645996,4.787491798400879,17.399028778076172,,,1.0986123085021973,0,-0.40546512603759766,1,-0.04082202911376953,0.3254222869873047,9.903487205505371,0.0,0,,
1989,418083.0,60,22000000.0,20000.0,1.0,0.029999999329447746,32,1,0,1,0,20,10.666666984558105,0.0,4.094344615936279,16.906553268432617,-3.5065579414367676,2.456735849380493,0.6931471824645996,1,-0.6931471824645996,-1,-0.6931471824645996,-0.4924755096435547,9.903487205505371,0.0,1,,
1987,418084.0,40,1200000.0,10000.0,,,200,1,0,0,0,6,30.0,,3.6888794898986816,13.997832298278809,,3.4339871406555176,,0,,0,,,9.21034049987793,,,,
1988,418084.0,35,1100000.0,10300.0,,,,1,1,0,1,35,,,3.5553481578826904,13.910820960998535,,,,0,,1,-0.1335313320159912,-0.08701133728027344,9.239899635314941,0.02955913543701172,0,,
1989,418084.0,50,1300000.0,10700.0,,,200,1,0,1,0,6,24.0,,3.9120230674743652,14.077875137329102,,3.2188758850097656,,1,,-1,0.3566749095916748,0.1670541763305664,9.277998924255371,0.03809928894042969,1,,
1987,418091.0,150,11000000.0,12000.0,8.180000305175781,,10,0,0,0,0,20,1.3333333730697632,2.1016921997070312,5.0106353759765625,16.21340560913086,,0.8472979068756104,,0,,0,,,9.392662048339844,,,,
1988,418091.0,175,15000000.0,14000.0,0.6700000166893005,,30,0,1,0,1,74,12.685714721679688,-0.4004775285720825,5.164785861968994,16.523561477661133,,2.6163525581359863,2.1016921997070312,0,-2.502169609069824,1,0.15415048599243164,0.31015586853027344,9.546813011169434,0.15415096282958984,0,11.352381706237793,1.769054651260376
1989,418091.0,200,18000000.0,16000.0,0.5600000023841858,,20,0,0,1,0,50,5.0,-0.5798184871673584,5.2983174324035645,16.705883026123047,,1.7917594909667969,-0.4004775285720825,1,-0.17934095859527588,-1,0.1335315704345703,0.18232154846191406,9.680343627929688,0.1335306167602539,1,-7.6857147216796875,-0.8245930671691895
1987,418097.0,80,6000000.0,12480.0,1.6699999570846558,15.0,5,0,0,0,0,5,0.3125,0.5128235816955566,4.382026672363281,15.607270240783691,2.70805025100708,0.2719337046146393,,0,,0,,,9.431882858276367,,,,
1988,418097.0,150,7700000.0,14560.0,1.1699999570846558,12.0,30,0,1,0,1,14,2.799999952316284,0.157003715634346,5.0106353759765625,15.856730461120605,2.4849066734313965,1.3350011110305786,0.5128235816955566,0,-0.3558198809623718,1,0.6286087036132812,0.24946022033691406,9.58603286743164,0.15415000915527344,0,2.487499952316284,1.0630674362182617
1989,418097.0,120,5643000.0,16640.0,1.4199999570846558,10.0,0,0,0,1,0,0,0.0,0.3506568372249603,4.787491798400879,15.545926094055176,2.3025851249694824,0.0,0.157003715634346,1,0.19365312159061432,-1,-0.2231435775756836,-0.3108043670654297,9.719564437866211,0.1335315704345703,1,-2.799999952316284,-1.3350011110305786
1987,418098.0,15,,9360.0,,,0,0,0,0,0,0,0.0,,2.70805025100708,,,0.0,,0,,0,,,9.144200325012207,,,,
1988,418098.0,18,,10400.0,,,40,0,1,0,1,18,40.0,,2.890371799468994,,,3.7135720252990723,,0,,1,0.18232154846191406,,9.249561309814453,0.1053609848022461,0,40.0,3.7135720252990723
1989,418098.0,22,,13520.0,,,80,0,0,1,0,3,10.909090995788574,,3.0910425186157227,,,2.477302074432373,,1,,-1,0.20067071914672852,,9.51192569732666,0.26236438751220703,1,-29.09090805053711,-1.2362699508666992
1987,418107.0,10,307501.0,8500.0,0.9800000190734863,,10,0,0,0,0,10,10.0,-0.02020268701016903,2.3025851249694824,12.63623332977295,,2.397895336151123,,0,,0,,,9.047821044921875,,,,
1988,418107.0,25,1961818.0,9000.0,0.5099999904632568,,83,0,1,0,1,25,83.0,-0.6733445525169373,3.2188758850097656,14.489381790161133,,4.430816650390625,-0.02020268701016903,0,-0.6531418561935425,1,0.9162907600402832,1.8531484603881836,9.104979515075684,0.057158470153808594,0,73.0,2.032921314239502
1989,418107.0,34,2650786.0,9400.0,0.44999998807907104,,15,0,0,1,0,30,13.235294342041016,-0.7985077500343323,3.526360511779785,14.790367126464844,,2.655724287033081,-0.6733445525169373,1,-0.12516319751739502,-1,0.30748462677001953,0.30098533630371094,9.148465156555176,0.04348564147949219,1,-69.76470947265625,-1.775092363357544
1987,418109.0,6,600000.0,16640.0,,,200,0,0,0,0,3,100.0,,1.7917594909667969,13.30468463897705,,4.6151204109191895,,0,,0,,,9.719564437866211,,,,
1988,418109.0,12,820000.0,18304.0,,,290,0,1,0,1,5,120.83333587646484,,2.4849066734313965,13.617059707641602,,4.802653789520264,,0,,1,0.6931471824645996,0.3123750686645508,9.814874649047852,0.09531021118164062,0,20.833335876464844,0.18753337860107422
1989,418109.0,14,1200000.0,19552.0,,,320,0,0,1,0,4,91.42857360839844,,2.6390573978424072,13.997832298278809,,4.5264363288879395,,1,,-1,0.15415072441101074,0.38077259063720703,9.88083267211914,0.06595802307128906,1,-29.404762268066406,-0.2762174606323242
1987,418118.0,16,1608573.0,35000.0,1.0,10.0,5,0,0,0,0,10,3.125,0.0,2.7725887298583984,14.290858268737793,2.3025851249694824,1.417065978050232,,0,,0,,,10.463103294372559,,,,
1988,418118.0,16,1342236.0,38000.0,0.5,5.0,25,0,1,0,1,16,25.0,-0.6931471824645996,2.7725887298583984,14.109847068786621,1.6094379425048828,3.25809645652771,0.0,0,-0.6931471824645996,1,0.0,-0.18101119995117188,10.545341491699219,0.08223819732666016,0,21.875,1.841030478477478
1989,418118.0,16,1504283.0,41000.0,0.10000000149011612,1.0,5,0,0,1,0,10,3.125,-2.3025851249694824,2.7725887298583984,14.223827362060547,0.0,1.417065978050232,-0.6931471824645996,1,-1.6094379425048828,-1,0.0,0.11398029327392578,10.62132740020752,0.07598590850830078,1,-21.875,-1.841030478477478
1987,418124.0,15,1600000.0,12000.0,,,0,0,0,0,0,0,0.0,,2.70805025100708,14.285513877868652,,0.0,,0,,0,,,9.392662048339844,,,,
1988,418124.0,20,1800000.0,13000.0,,,40,0,1,0,1,9,18.0,,2.995732307434082,14.403297424316406,,2.944438934326172,,0,,1,0.28768205642700195,0.1177835464477539,9.472704887390137,0.08004283905029297,0,18.0,2.944438934326172
1989,418124.0,26,2000000.0,16000.0,,,8,0,0,1,0,6,1.8461538553237915,,3.25809645652771,14.508657455444336,,1.0459685325622559,,1,,-1,0.26236414909362793,0.10536003112792969,9.680343627929688,0.20763874053955078,1,-16.153846740722656,-1.898470401763916
1987,418125.0,72,10467040.0,17700.0,0.44999998807907104,,10,0,0,0,0,67,9.30555534362793,-0.7985077500343323,4.276666164398193,16.163742065429688,,2.3326830863952637,,0,,0,,,9.781319618225098,,,,
1988,418125.0,128,15440030.0,19350.0,0.6100000143051147,,31,0,1,0,1,128,31.0,-0.4942963123321533,4.852030277252197,16.552474975585938,,3.465735912322998,-0.7985077500343323,0,0.30421143770217896,1,0.5753641128540039,0.38873291015625,9.870448112487793,0.08912849426269531,0,21.69444465637207,1.1330528259277344
1989,418125.0,168,22979550.0,23250.0,0.6000000238418579,,14,0,0,1,0,108,9.0,-0.5108255743980408,5.123963832855225,16.950115203857422,,2.3025851249694824,-0.4942963123321533,1,-0.01652926206588745,-1,0.27193355560302734,0.3976402282714844,10.054059982299805,0.18361186981201172,1,-22.0,-1.1631507873535156
1987,418126.0,60,5600000.0,23000.0,,,30,0,0,0,0,10,5.0,,4.094344615936279,15.538277626037598,,1.7917594909667969,,0,,0,,,10.043249130249023,,,,
1988,418126.0,50,6200000.0,25000.0,,,48,0,1,0,1,50,48.0,,3.9120230674743652,15.640059471130371,,3.891820192337036,,0,,1,-0.18232154846191406,0.10178184509277344,10.126630783081055,0.08338165283203125,0,43.0,2.1000607013702393
1989,418126.0,48,6300000.0,27000.0,,,30,0,0,1,0,6,3.75,,3.8712010383605957,15.656060218811035,,1.5581445693969727,,1,,-1,-0.04082202911376953,0.016000747680664062,10.203592300415039,0.07696151733398438,1,-44.25,-2.3336756229400635
1987,418140.0,17,,,8.0,,0,0,0,0,0,0,0.0,2.079441547393799,2.8332133293151855,,,0.0,,0,,0,,,,,,,
1988,418140.0,23,,,4.0,,80,0,1,0,1,23,80.0,1.3862943649291992,3.1354942321777344,,,4.394449234008789,2.079441547393799,0,-0.6931471824645996,1,0.30228090286254883,,,,0,80.0,4.394449234008789
1989,418140.0,20,,,2.5,,40,0,0,1,0,6,12.0,0.9162907600402832,2.995732307434082,,,2.5649492740631104,1.3862943649291992,1,-0.470003604888916,-1,-0.13976192474365234,,,,1,-68.0,-1.8294999599456787
1987,418147.0,15,726833.0,9048.0,,,0,0,0,0,0,0,0.0,,2.70805025100708,13.496452331542969,,0.0,,0,,0,,,9.110299110412598,,,,
1988,418147.0,80,4005963.0,10088.0,,,40,0,0,0,1,40,20.0,,4.382026672363281,15.20329475402832,,3.044522523880005,,0,,0,1.6739764213562012,1.7068424224853516,9.219101905822754,0.10880279541015625,0,20.0,3.044522523880005
1989,418147.0,30,2089704.0,10504.0,,,0,0,0,1,0,0,0.0,,3.4011974334716797,14.552533149719238,,0.0,,0,,0,-0.9808292388916016,-0.650761604309082,9.25951099395752,0.040409088134765625,0,-20.0,-3.044522523880005
1987,418163.0,72,7742994.0,18305.0,9.0,,0,1,0,0,0,0,0.0,2.1972246170043945,4.276666164398193,15.862298965454102,,0.0,,0,,0,,,9.814929962158203,,,,
1988,418163.0,70,8273868.0,19828.0,7.0,,40,1,1,0,1,70,40.0,1.945910096168518,4.248495101928711,15.92861270904541,,3.7135720252990723,2.1972246170043945,0,-0.25131452083587646,1,-0.028171062469482422,0.0663137435913086,9.894850730895996,0.07992076873779297,0,40.0,3.7135720252990723
1989,418163.0,68,8329656.0,17893.0,6.5,,0,1,0,1,0,0,0.0,1.8718022108078003,4.219507694244385,15.935332298278809,,0.0,1.945910096168518,1,-0.07410788536071777,-1,-0.028987407684326172,0.0067195892333984375,9.79216480255127,-0.10268592834472656,1,-40.0,-3.7135720252990723
1987,418168.0,7,5449674.0,,0.009999999776482582,,40,0,0,0,0,7,40.0,-4.605170249938965,1.945910096168518,15.511066436767578,,3.7135720252990723,,0,,0,,,,,,,
1988,418168.0,7,6131102.0,,0.10999999940395355,,40,0,0,0,1,7,40.0,-2.207274913787842,1.945910096168518,15.628885269165039,,3.7135720252990723,-4.605170249938965,0,2.397895336151123,0,0.0,0.11781883239746094,,,0,0.0,0.0
1989,418168.0,8,7332464.0,,0.20000000298023224,,0,0,0,1,0,0,0.0,-1.6094379425048828,2.079441547393799,15.807822227478027,,0.0,-2.207274913787842,0,0.597836971282959,0,0.13353145122528076,0.17893695831298828,,,0,-40.0,-3.7135720252990723
1987,418177.0,120,10000000.0,28080.0,18.0,3.0,20,1,0,0,0,0,0.0,2.890371799468994,4.787491798400879,16.11809539794922,1.0986123085021973,0.0,,0,,0,,,10.242813110351562,,,,
1988,418177.0,120,12000000.0,28080.0,19.0,3.0,26,1,1,0,1,120,26.0,2.944438934326172,4.787491798400879,16.300416946411133,1.0986123085021973,3.295836925506592,2.890371799468994,0,0.054067134857177734,1,0.0,0.18232154846191406,10.242813110351562,0.0,0,26.0,3.295836925506592
1989,418177.0,120,11000000.0,28080.0,18.0,3.0,14,1,0,1,0,120,14.0,2.890371799468994,4.787491798400879,16.21340560913086,1.0986123085021973,2.70805025100708,2.944438934326172,1,-0.054067134857177734,-1,0.0,-0.08701133728027344,10.242813110351562,0.0,1,-12.0,-0.5877866744995117
1987,418183.0,21,,14800.0,,2.4000000953674316,,0,0,0,0,21,,,3.044522523880005,,0.8754687905311584,,,0,,0,,,9.60238265991211,,,,
1988,418183.0,25,1800000.0,15100.0,,2.7899999618530273,,0,0,0,1,25,,,3.2188758850097656,14.403297424316406,1.0260416269302368,,,0,,0,0.17435336112976074,,9.62244987487793,0.020067214965820312,0,,
1989,418183.0,30,2100000.0,16500.0,,2.0,,0,0,1,0,30,,,3.4011974334716797,14.55744743347168,0.6931471824645996,,,0,,0,0.18232154846191406,0.15415000915527344,9.711115837097168,0.08866596221923828,0,,
1987,418185.0,31,2000000.0,30000.0,,,,0,0,0,0,31,,,3.4339871406555176,14.508657455444336,,,,0,,0,,,10.308952331542969,,,,
1988,418185.0,47,2200000.0,30000.0,,,,0,0,0,1,47,,,3.8501474857330322,14.603967666625977,,,,0,,0,0.41616034507751465,0.09531021118164062,10.308952331542969,0.0,0,,
1989,418185.0,32,1800000.0,30000.0,,,,0,0,1,0,32,,,3.465735912322998,14.403297424316406,,,,0,,0,-0.3844115734100342,-0.2006702423095703,10.308952331542969,0.0,0,,
1987,418213.0,25,1400000.0,14000.0,,,10,0,0,0,0,3,1.2000000476837158,,3.2188758850097656,14.151983261108398,,0.7884573936462402,,0,,0,,,9.546813011169434,,,,
1988,418213.0,30,1680000.0,16000.0,,,,0,1,0,1,17,,,3.4011974334716797,14.334304809570312,,,,0,,1,0.18232154846191406,0.18232154846191406,9.680343627929688,0.1335306167602539,0,,
1989,418213.0,39,2806000.0,17000.0,,,12,0,0,1,0,4,1.2307692766189575,,3.6635615825653076,14.847270965576172,,0.8023464679718018,,1,,-1,0.26236414909362793,0.5129661560058594,9.740968704223633,0.06062507629394531,1,,
1987,418220.0,19,580000.0,8840.0,,,0,0,0,0,0,0,0.0,,2.944438934326172,13.270783424377441,,0.0,,0,,0,,,9.087041854858398,,,,
1988,418220.0,21,660000.0,9360.0,,,39,0,1,0,1,21,39.0,,3.044522523880005,13.399994850158691,,3.6888794898986816,,0,,1,0.10008358955383301,0.12921142578125,9.144200325012207,0.057158470153808594,0,39.0,3.6888794898986816
1989,418220.0,30,984000.0,10720.0,,,0,0,0,1,0,0,0.0,,3.4011974334716797,13.799381256103516,,0.0,,1,,-1,0.3566749095916748,0.3993864059448242,9.279866218566895,0.1356658935546875,1,-39.0,-3.6888794898986816
1987,418225.0,15,1300000.0,13000.0,,,0,1,0,0,0,0,0.0,,2.70805025100708,14.077875137329102,,0.0,,0,,0,,,9.472704887390137,,,,
1988,418225.0,18,1600000.0,14040.0,,,10,1,1,0,1,18,10.0,,2.890371799468994,14.285513877868652,,2.397895336151123,,0,,1,0.18232154846191406,0.20763874053955078,9.549665451049805,0.07696056365966797,0,10.0,2.397895336151123
1989,418225.0,28,2300000.0,15080.0,,,0,1,0,1,0,0,0.0,,3.332204580307007,14.648419380187988,,0.0,,1,,-1,0.4418327808380127,0.36290550231933594,9.621124267578125,0.07145881652832031,1,-10.0,-2.397895336151123
1987,418229.0,6,490000.0,14560.0,,,0,0,0,0,0,4,0.0,,1.7917594909667969,13.102160453796387,,0.0,,0,,0,,,9.58603286743164,,,,
1988,418229.0,7,580000.0,15600.0,,,0,0,0,0,1,6,0.0,,1.945910096168518,13.270783424377441,,0.0,,0,,0,0.1541506052017212,0.1686229705810547,9.65502643585205,0.06899356842041016,0,0.0,0.0
1989,418229.0,8,660000.0,16640.0,,,0,0,0,1,0,4,0.0,,2.079441547393799,13.399994850158691,,0.0,,0,,0,0.13353145122528076,0.12921142578125,9.719564437866211,0.06453800201416016,0,0.0,0.0
1987,418237.0,28,4568907.0,19042.0,0.2800000011920929,,0,1,0,0,0,0,0.0,-1.272965669631958,3.332204580307007,15.334784507751465,,0.0,,0,,0,,,9.854402542114258,,,,
1988,418237.0,28,4904008.0,19845.0,0.20000000298023224,,12,1,1,0,1,14,6.0,-1.6094379425048828,3.332204580307007,15.405563354492188,,1.945910096168518,-1.272965669631958,0,-0.3364722728729248,1,0.0,0.07077884674072266,9.895707130432129,0.041304588317871094,0,6.0,1.945910096168518
1989,418237.0,29,5884603.0,20426.0,0.1899999976158142,,10,1,0,1,0,4,1.3793103694915771,-1.6607311964035034,3.367295742034912,15.587849617004395,,0.86681067943573,-1.6094379425048828,1,-0.051293253898620605,-1,0.03509116172790527,0.18228626251220703,9.92456340789795,0.028856277465820312,1,-4.620689392089844,-1.079099416732788
1987,418239.0,80,6900000.0,13728.0,,0.2199999988079071,20,0,0,0,0,20,5.0,,4.382026672363281,15.747032165527344,-1.5141277313232422,1.7917594909667969,,0,,0,,,9.527193069458008,,,,
1988,418239.0,65,8400000.0,14664.0,,0.23999999463558197,20,0,0,0,1,25,7.692307472229004,,4.174387454986572,15.943741798400879,-1.4271163940429688,2.16243839263916,,0,,0,-0.20763921737670898,0.19670963287353516,9.593151092529297,0.06595802307128906,0,2.692307472229004,0.3706789016723633
1989,418239.0,75,7100000.0,15600.0,,0.41999998688697815,20,0,0,1,0,30,8.0,,4.317488193511963,15.775605201721191,-0.8675006031990051,2.1972246170043945,,0,,0,0.14310073852539062,-0.1681365966796875,9.65502643585205,0.061875343322753906,0,0.3076925277709961,0.034786224365234375
1987,418243.0,12,,15000.0,,,0,0,0,0,0,0,0.0,,2.4849066734313965,,,0.0,,0,,0,,,9.615805625915527,,,,
1988,418243.0,14,,15000.0,,,0,0,0,0,1,0,0.0,,2.6390573978424072,,,0.0,,0,,0,0.15415072441101074,,9.615805625915527,0.0,0,0.0,0.0
1989,418243.0,15,,16000.0,,,0,0,0,1,0,0,0.0,,2.70805025100708,,,0.0,,0,,0,0.06899285316467285,,9.680343627929688,0.06453800201416016,0,0.0,0.0
1987,418245.0,25,3000000.0,20000.0,,,0,0,0,0,0,0,0.0,,3.2188758850097656,14.914122581481934,,0.0,,0,,0,,,9.903487205505371,,,,
1988,418245.0,30,4000000.0,25000.0,,,0,0,0,0,1,0,0.0,,3.4011974334716797,15.201805114746094,,0.0,,0,,0,0.18232154846191406,0.28768253326416016,10.126630783081055,0.2231435775756836,0,0.0,0.0
1989,418245.0,40,6000000.0,30000.0,,,0,0,0,1,0,0,0.0,,3.6888794898986816,15.607270240783691,,0.0,,0,,0,0.28768205642700195,0.40546512603759766,10.308952331542969,0.18232154846191406,0,0.0,0.0
1987,419198.0,17,1083644.0,24000.0,7.0,10.0,56,0,0,0,0,6,19.764705657958984,1.945910096168518,2.8332133293151855,13.89583969116211,2.3025851249694824,3.033254623413086,,0,,0,,,10.085808753967285,,,,
1988,419198.0,13,851605.0,24000.0,5.0,8.0,88,0,1,0,1,13,88.0,1.6094379425048828,2.5649492740631104,13.654877662658691,2.079441547393799,4.488636493682861,1.945910096168518,0,-0.33647215366363525,1,-0.2682640552520752,-0.24096202850341797,10.085808753967285,0.0,0,68.23529052734375,1.4553818702697754
1989,419198.0,9,885852.0,16000.0,4.0,7.5,56,0,0,1,0,1,6.222222328186035,1.3862943649291992,2.1972246170043945,13.694305419921875,2.0149030685424805,1.9771627187728882,1.6094379425048828,1,-0.2231435775756836,-1,-0.3677246570587158,0.039427757263183594,9.680343627929688,-0.40546512603759766,1,-81.77777862548828,-2.5114736557006836
1987,419201.0,20,3499895.0,14560.0,2.0,,0,0,0,0,0,0,0.0,0.6931471824645996,2.995732307434082,15.068243980407715,,0.0,,0,,0,,,9.58603286743164,,,,
1988,419201.0,17,4008997.0,16848.0,2.0,,24,0,0,0,1,6,8.470588684082031,0.6931471824645996,2.8332133293151855,15.204051971435547,,2.2481911182403564,0.6931471824645996,0,0.0,0,-0.16251897811889648,0.13580799102783203,9.731986999511719,0.14595413208007812,0,8.470588684082031,2.2481911182403564
1989,419201.0,13,3379103.0,18720.0,2.0,,0,0,0,1,0,0,0.0,0.6931471824645996,2.5649492740631104,15.033121109008789,,0.0,0.6931471824645996,0,0.0,0,-0.2682640552520752,-0.1709308624267578,9.837347984313965,0.1053609848022461,0,-8.470588684082031,-2.2481911182403564
1987,419242.0,70,6400000.0,16141.0,3.9700000286102295,,6,1,0,0,0,60,5.142857074737549,1.3787660598754883,4.248495101928711,15.671808242797852,,1.8152899742126465,,0,,0,,,9.689117431640625,,,,
1988,419242.0,65,6800000.0,16578.0,3.8299999237060547,,36,1,1,0,1,65,36.0,1.342864751815796,4.174387454986572,15.732433319091797,,3.610917806625366,1.3787660598754883,0,-0.03590130805969238,1,-0.07410764694213867,0.06062507629394531,9.715831756591797,0.026714324951171875,0,30.85714340209961,1.7956278324127197
1989,419242.0,30,2100000.0,16952.0,5.699999809265137,,4,1,0,1,0,30,4.0,1.7404661178588867,3.4011974334716797,14.55744743347168,,1.6094379425048828,1.342864751815796,1,0.3976013660430908,-1,-0.7731900215148926,-1.1749858856201172,9.738141059875488,0.022309303283691406,1,-32.0,-2.0014798641204834
1987,419268.0,6,564694.0,22866.0,1.3899999856948853,1.3899999856948853,0,0,0,0,0,0,0.0,0.3293037414550781,1.7917594909667969,13.244039535522461,0.3293037414550781,0.0,,0,,0,,,10.037405967712402,,,,
1988,419268.0,6,620439.0,22995.0,1.159999966621399,1.159999966621399,0,0,0,0,1,0,0.0,0.14841997623443604,1.7917594909667969,13.33818244934082,0.14841997623443604,0.0,0.3293037414550781,0,-0.1808837652206421,0,0.0,0.09414291381835938,10.043031692504883,0.005625724792480469,0,0.0,0.0
1989,419268.0,6,783261.0,29114.0,0.8999999761581421,0.8999999761581421,32,0,1,1,0,6,32.0,-0.10536054521799088,1.7917594909667969,13.571221351623535,-0.10536054521799088,3.4965076446533203,0.14841997623443604,0,-0.2537805140018463,1,0.0,0.23303890228271484,10.278974533081055,0.23594284057617188,0,32.0,3.4965076446533203
1987,419272.0,35,4200000.0,31000.0,20.5,3.0299999713897705,60,0,0,0,0,6,10.285714149475098,3.0204248428344727,3.5553481578826904,15.250595092773438,1.1085625886917114,2.4235377311706543,,0,,0,,,10.341742515563965,,,,
1988,419272.0,40,4800000.0,33000.0,24.0,4.170000076293945,10,0,0,0,1,8,2.0,3.178053855895996,3.6888794898986816,15.384126663208008,1.4279160499572754,1.0986123085021973,3.0204248428344727,0,0.15762901306152344,0,0.1335313320159912,0.1335315704345703,10.40426254272461,0.06252002716064453,0,-8.285714149475098,-1.324925422668457
1989,419272.0,43,5200000.0,34800.0,17.0,1.8799999952316284,80,0,1,1,0,43,80.0,2.8332133293151855,3.761200189590454,15.4641695022583,0.6312717795372009,4.394449234008789,3.178053855895996,0,-0.34484052658081055,1,0.07232069969177246,0.08004283905029297,10.457372665405273,0.05311012268066406,0,78.0,3.295836925506592
1987,419275.0,15,930000.0,30000.0,,,100,0,0,0,0,4,26.66666603088379,,2.70805025100708,13.742939949035645,,3.320228338241577,,0,,0,,,10.308952331542969,,,,
1988,419275.0,18,980000.0,33000.0,,,100,0,0,0,1,5,27.77777862548828,,2.890371799468994,13.795308113098145,,3.3596034049987793,,0,,0,0.18232154846191406,0.0523681640625,10.40426254272461,0.09531021118164062,0,1.1111125946044922,0.03937506675720215
1989,419275.0,21,1500000.0,35000.0,,,150,0,1,1,0,10,71.42857360839844,,3.044522523880005,14.220975875854492,,4.2826008796691895,,0,,1,0.15415072441101074,0.42566776275634766,10.463103294372559,0.05884075164794922,0,43.650794982910156,0.9229974746704102
1987,419276.0,12,1200000.0,28000.0,,,,0,0,0,0,12,,,2.4849066734313965,13.997832298278809,,,,0,,0,,,10.239959716796875,,,,
1988,419276.0,10,1300000.0,30000.0,,,,0,0,0,1,10,,,2.3025851249694824,14.077875137329102,,,,0,,0,-0.18232154846191406,0.08004283905029297,10.308952331542969,0.06899261474609375,0,,
1989,419276.0,8,1100000.0,30000.0,,,,0,0,1,0,8,,,2.079441547393799,13.910820960998535,,,,0,,0,-0.2231435775756836,-0.1670541763305664,10.308952331542969,0.0,0,,
1987,419289.0,13,1200000.0,18720.0,1.5,,0,0,0,0,0,0,0.0,0.40546509623527527,2.5649492740631104,13.997832298278809,,0.0,,0,,0,,,9.837347984313965,,,,
1988,419289.0,14,1350000.0,20800.0,1.409999966621399,,0,0,0,0,1,0,0.0,0.3435896933078766,2.6390573978424072,14.115614891052246,,0.0,0.40546509623527527,0,-0.06187540292739868,0,0.07410812377929688,0.1177825927734375,9.942708015441895,0.10536003112792969,0,0.0,0.0
1989,419289.0,15,1480000.0,29120.0,0.949999988079071,,72,0,1,1,0,15,72.0,-0.051293306052684784,2.70805025100708,14.207552909851074,,4.290459632873535,0.3435896933078766,0,-0.39488300681114197,1,0.06899285316467285,0.09193801879882812,10.279180526733398,0.3364725112915039,0,72.0,4.290459632873535
1987,419297.0,150,22706650.0,22006.0,0.20000000298023224,0.4000000059604645,50,1,0,0,0,100,33.33333206176758,-1.6094379425048828,5.0106353759765625,16.938167572021484,-0.9162907004356384,3.536116600036621,,0,,0,,,9.999070167541504,,,,
1988,419297.0,178,30766010.0,22027.0,0.3100000023841858,0.3199999928474426,40,1,0,0,1,60,13.483145713806152,-1.1711829900741577,5.181783676147461,17.241920471191406,-1.1394343376159668,2.672985553741455,-1.6094379425048828,0,0.4382549524307251,0,0.17114830017089844,0.3037528991699219,10.00002384185791,0.00095367431640625,0,-19.85018539428711,-0.863131046295166
1989,419297.0,171,28427980.0,24107.0,0.27000001072883606,0.47999998927116394,20,1,0,1,0,40,4.6783623695373535,-1.309333324432373,5.141663551330566,17.162883758544922,-0.7339692115783691,1.7366628646850586,-1.1711829900741577,0,-0.13815033435821533,0,-0.04012012481689453,-0.07903671264648438,10.09025764465332,0.09023380279541016,0,-8.80478286743164,-0.9363226890563965
1987,419298.0,80,10000000.0,33280.0,,,0,1,0,0,0,0,0.0,,4.382026672363281,16.11809539794922,,0.0,,0,,0,,,10.412712097167969,,,,
1988,419298.0,70,9000000.0,32240.0,,,0,1,0,0,1,0,0.0,,4.248495101928711,16.01273536682129,,0.0,,0,,0,-0.1335315704345703,-0.10536003112792969,10.380963325500488,-0.03174877166748047,0,0.0,0.0
1989,419298.0,65,9500000.0,30784.0,,,40,1,1,1,0,60,36.92307662963867,,4.174387454986572,16.066802978515625,,3.6355597972869873,,0,,1,-0.07410764694213867,0.05406761169433594,10.334750175476074,-0.04621315002441406,0,36.92307662963867,3.6355597972869873
1987,419302.0,333,,22360.0,,,0,0,0,0,0,0,0.0,,5.80814266204834,,,0.0,,0,,0,,,10.015028953552246,,,,
1988,419302.0,340,,22360.0,,,8,0,0,0,1,24,0.5647059082984924,,5.828945636749268,,,0.44769787788391113,,0,,0,0.020802974700927734,,10.015028953552246,0.0,0,0.5647059082984924,0.44769787788391113
1989,419302.0,337,,22526.0,,,12,0,1,1,0,337,12.0,,5.820083141326904,,,2.5649492740631104,,0,,1,-0.008862495422363281,,10.022425651550293,0.007396697998046875,0,11.435294151306152,2.117251396179199
1987,419303.0,6,875000.0,13500.0,,1.5,0,0,0,0,0,0,0.0,,1.7917594909667969,13.681979179382324,0.40546509623527527,0.0,,0,,0,,,9.510444641113281,,,,
1988,419303.0,8,15850000.0,14100.0,,1.0,20,0,0,0,1,2,5.0,,2.079441547393799,16.57868003845215,0.0,1.7917594909667969,,0,,0,0.28768205642700195,2.896700859069824,9.553930282592773,0.04348564147949219,0,5.0,1.7917594909667969
1989,419303.0,11,2250000.0,15050.0,,1.25,75,0,1,1,0,11,75.0,,2.397895336151123,14.62644100189209,0.2231435477733612,4.330733299255371,,0,,1,0.3184537887573242,-1.9522390365600586,9.619132995605469,0.06520271301269531,0,70.0,2.538973808288574
1987,419305.0,5,,,,,0,1,0,0,0,0,0.0,,1.6094379425048828,,,0.0,,0,,0,,,,,,,
1988,419305.0,5,,,,,0,1,0,0,1,0,0.0,,1.6094379425048828,,,0.0,,0,,0,0.0,,,,0,0.0,0.0
1989,419305.0,5,,,,,9,1,1,1,0,5,9.0,,1.6094379425048828,,,2.3025851249694824,,0,,1,0.0,,,,0,9.0,2.3025851249694824
1987,419307.0,262,18050000.0,22360.0,1.0,1.090000033378601,0,0,0,0,0,4,0.0,0.0,5.568344593048096,16.708656311035156,0.08617772907018661,0.0,,0,,0,,,10.015028953552246,,,,
1988,419307.0,264,19270000.0,23026.0,0.8500000238418579,1.0700000524520874,24,0,0,0,1,3,0.27272728085517883,-0.16251890361309052,5.575949192047119,16.774059295654297,0.06765870004892349,0.24116206169128418,0.0,0,-0.16251890361309052,0,0.0076045989990234375,0.06540298461914062,10.044379234313965,0.02935028076171875,0,0.27272728085517883,0.24116206169128418
1989,419307.0,302,22220000.0,21736.0,0.8899999856948853,1.0700000524520874,44,0,1,1,0,302,44.0,-0.11653383076190948,5.7104268074035645,16.91650390625,0.06765870004892349,3.8066625595092773,-0.16251890361309052,0,0.04598507285118103,1,0.1344776153564453,0.14244461059570312,9.986724853515625,-0.057654380798339844,0,43.727272033691406,3.565500497817993
1987,419309.0,6,600000.0,24960.0,,0.33000001311302185,15,0,0,0,0,6,15.0,,1.7917594909667969,13.30468463897705,-1.1086626052856445,2.7725887298583984,,0,,0,,,10.125029563903809,,,,
1988,419309.0,9,750000.0,28080.0,,0.4000000059604645,20,0,0,0,1,9,20.0,,2.1972246170043945,13.527828216552734,-0.9162907004356384,3.044522523880005,,0,,0,0.40546512603759766,0.2231435775756836,10.242813110351562,0.1177835464477539,0,5.0,0.27193379402160645
1989,419309.0,12,1000000.0,30160.0,,0.4000000059604645,55,0,1,1,0,12,55.0,,2.4849066734313965,13.815510749816895,-0.9162907004356384,4.025351524353027,,0,,1,0.28768205642700195,0.28768253326416016,10.314271926879883,0.07145881652832031,0,35.0,0.9808290004730225
1987,419312.0,60,5845000.0,21133.0,,,,0,0,0,0,60,,,4.094344615936279,15.581097602844238,,,,0,,0,,,9.95859146118164,,,,
1988,419312.0,71,6927000.0,20904.0,,,,0,0,0,1,71,,,4.2626800537109375,15.750937461853027,,,,0,,0,0.1683354377746582,0.16983985900878906,9.9476957321167,-0.010895729064941406,0,,
1989,419312.0,97,11012000.0,21445.0,,,,0,0,1,0,97,,,4.574710845947266,16.214496612548828,,,,0,,0,0.3120307922363281,0.4635591506958008,9.973246574401855,0.02555084228515625,0,,
1987,419319.0,60,,,,,40,0,0,0,0,60,40.0,,4.094344615936279,,,3.7135720252990723,,0,,0,,,,,,,
1988,419319.0,69,,,,,50,0,0,0,1,69,50.0,,4.234106540679932,,,3.931825637817383,,0,,0,0.13976192474365234,,,,0,10.0,0.21825361251831055
1989,419319.0,78,,,,,50,0,0,1,0,78,50.0,,4.356709003448486,,,3.931825637817383,,0,,0,0.12260246276855469,,,,0,0.0,0.0
1987,419328.0,27,2700000.0,,,,0,1,0,0,0,0,0.0,,3.295836925506592,14.808762550354004,,0.0,,0,,0,,,,,,,
1988,419328.0,27,2800000.0,,,,0,1,0,0,1,0,0.0,,3.295836925506592,14.84512996673584,,0.0,,0,,0,0.0,0.03636741638183594,,,0,0.0,0.0
1989,419328.0,27,2800000.0,,,,12,1,1,1,0,27,12.0,,3.295836925506592,14.84512996673584,,2.5649492740631104,,0,,1,0.0,0.0,,,0,12.0,2.5649492740631104
1987,419335.0,57,8486927.0,40563.0,,,0,0,0,0,0,0,0.0,,4.043051242828369,15.9540376663208,,0.0,,0,,0,,,10.610611915588379,,,,
1988,419335.0,53,4327519.0,37429.0,,,40,0,0,0,1,10,7.5471696853637695,,3.97029185295105,15.280505180358887,,2.1456000804901123,,0,,0,-0.07275938987731934,-0.6735324859619141,10.530200958251953,-0.08041095733642578,0,7.5471696853637695,2.1456000804901123
1989,419335.0,62,8533205.0,42583.0,,,40,0,0,1,0,5,3.225806474685669,,4.127134323120117,15.95947551727295,,1.441210150718689,,0,,0,0.15684247016906738,0.6789703369140625,10.659210205078125,0.12900924682617188,0,-4.32136344909668,-0.7043899297714233
1987,419339.0,40,8000000.0,15000.0,0.5,0.30000001192092896,0,1,0,0,0,0,0.0,-0.6931471824645996,3.6888794898986816,15.894951820373535,-1.2039728164672852,0.0,,0,,0,,,9.615805625915527,,,,
1988,419339.0,40,8500000.0,15500.0,0.5899999737739563,0.3400000035762787,0,1,0,0,1,0,0.0,-0.5276327729225159,3.6888794898986816,15.95557689666748,-1.0788096189498901,0.0,-0.6931471824645996,0,0.16551440954208374,0,0.0,0.06062507629394531,9.648594856262207,0.03278923034667969,0,0.0,0.0
1989,419339.0,60,10000000.0,17000.0,0.44999998807907104,0.2199999988079071,0,1,0,1,0,0,0.0,-0.7985077500343323,4.094344615936279,16.11809539794922,-1.5141277313232422,0.0,-0.5276327729225159,0,-0.2708749771118164,0,0.40546512603759766,0.16251850128173828,9.740968704223633,0.09237384796142578,0,0.0,0.0
1987,419343.0,100,10000000.0,15000.0,5.0,7.0,70,1,0,0,0,5,3.5,1.6094379425048828,4.605170249938965,16.11809539794922,1.945910096168518,1.504077434539795,,0,,0,,,9.615805625915527,,,,
1988,419343.0,125,12000000.0,16000.0,4.0,8.0,25,1,0,0,1,21,4.199999809265137,1.3862943649291992,4.828313827514648,16.300416946411133,2.079441547393799,1.6486586332321167,1.6094379425048828,0,-0.2231435775756836,0,0.2231435775756836,0.18232154846191406,9.680343627929688,0.06453800201416016,0,0.6999998092651367,0.14458119869232178
1989,419343.0,290,48000000.0,18700.0,3.0,10.0,17,1,1,1,0,290,17.0,1.0986123085021973,5.6698808670043945,17.68671226501465,2.3025851249694824,2.890371799468994,1.3862943649291992,0,-0.28768205642700195,1,0.8415670394897461,1.3862953186035156,9.836278915405273,0.15593528747558594,0,12.800000190734863,1.2417131662368774
1987,419344.0,,,,,,0,0,0,0,0,0,,,,,,,,0,,0,,,,,,,
1988,419344.0,,,,,,0,0,0,0,1,0,,,,,,,,0,,0,,,,,0,,
1989,419344.0,9,1000000.0,17000.0,,,0,0,0,1,0,0,0.0,,2.1972246170043945,13.815510749816895,,0.0,,0,,0,,,9.740968704223633,,0,,
1987,419347.0,,,,,,0,0,0,0,0,20,,,,,,,,0,,0,,,,,,,
1988,419347.0,,,,,,8,0,0,0,1,25,,,,,,,,0,,0,,,,,0,,
1989,419347.0,,,,,,13,0,1,1,0,81,,,,,,,,0,,1,,,,,0,,
1987,419351.0,12,,18000.0,,,0,0,0,0,0,0,0.0,,2.4849066734313965,,,0.0,,0,,0,,,9.798127174377441,,,,
1988,419351.0,14,,18000.0,,,15,0,0,0,1,0,0.0,,2.6390573978424072,,,0.0,,0,,0,0.15415072441101074,,9.798127174377441,0.0,0,0.0,0.0
1989,419351.0,14,,19000.0,,,25,0,1,1,0,14,25.0,,2.6390573978424072,,,3.25809645652771,,0,,1,0.0,,9.852193832397461,0.05406665802001953,0,25.0,3.25809645652771
1987,419357.0,60,6870314.0,12750.0,2.0,2.0,50,0,0,0,0,60,50.0,0.6931471824645996,4.094344615936279,15.742720603942871,0.6931471824645996,3.931825637817383,,0,,0,,,9.453286170959473,,,,
1988,419357.0,65,7079852.0,11875.0,1.0,1.0,75,0,0,0,1,65,75.0,0.0,4.174387454986572,15.7727632522583,0.0,4.330733299255371,0.6931471824645996,0,-0.6931471824645996,0,0.08004283905029297,0.030042648315429688,9.382190704345703,-0.07109546661376953,0,25.0,0.3989076614379883
1989,419357.0,75,8040128.0,12625.0,0.5,0.5,120,0,1,1,0,75,120.0,-0.6931471824645996,4.317488193511963,15.899955749511719,-0.6931471824645996,4.795790672302246,0.0,0,-0.6931471824645996,1,0.14310073852539062,0.12719249725341797,9.443434715270996,0.06124401092529297,0,45.0,0.465057373046875
1987,419375.0,,2900000.0,,,,0,0,0,0,0,0,,,,14.880221366882324,,,,0,,0,,,,,,,
1988,419375.0,,2500000.0,,,,25,0,0,0,1,10,,,,14.73180103302002,,,,0,,0,,-0.1484203338623047,,,0,,
1989,419375.0,,3100000.0,,,,140,0,1,1,0,8,,,,14.94691276550293,,,,0,,1,,0.21511173248291016,,,0,,
1987,419376.0,32,6000000.0,15250.0,,,2,1,0,0,0,5,0.3125,,3.465735912322998,15.607270240783691,,0.2719337046146393,,0,,0,,,9.63233470916748,,,,
1988,419376.0,36,6100000.0,16290.0,,,4,1,0,0,1,10,1.1111111640930176,,3.5835189819335938,15.623799324035645,,0.7472144365310669,,0,,0,0.1177830696105957,0.016529083251953125,9.698307037353516,0.06597232818603516,0,0.7986111640930176,0.4752807319164276
1989,419376.0,40,6300000.0,17370.0,,,38,1,1,1,0,40,38.0,,3.6888794898986816,15.656060218811035,,3.6635615825653076,,0,,1,0.10536050796508789,0.032260894775390625,9.762499809265137,0.0641927719116211,0,36.88888931274414,2.916347026824951
1987,419378.0,20,2700000.0,10920.0,2.7100000381469727,,50,0,0,0,0,5,12.5,0.9969486594200134,2.995732307434082,14.808762550354004,,2.602689743041992,,0,,0,,,9.298351287841797,,,,
1988,419378.0,22,3100000.0,11856.0,1.5199999809265137,,75,0,0,0,1,12,40.90909194946289,0.418710321187973,3.0910425186157227,14.94691276550293,,3.7355027198791504,0.9969486594200134,0,-0.5782383680343628,0,0.09531021118164062,0.13815021514892578,9.380589485168457,0.08223819732666016,0,28.40909194946289,1.1328129768371582
1989,419378.0,37,4700000.0,13520.0,1.340000033378601,,154,0,1,1,0,37,154.0,0.2926696240901947,3.610917806625366,15.363073348999023,,5.0434250831604,0.418710321187973,0,-0.12604069709777832,1,0.5198752880096436,0.41616058349609375,9.51192569732666,0.13133621215820312,0,113.09091186523438,1.30792236328125
1987,419379.0,201,,23167.0,,,0,0,0,0,0,0,0.0,,5.303304672241211,,,0.0,,0,,0,,,10.050483703613281,,,,
1988,419379.0,201,,25929.0,,,0,0,0,0,1,0,0.0,,5.303304672241211,,,0.0,,0,,0,0.0,,10.163117408752441,0.11263370513916016,0,0.0,0.0
1989,419379.0,237,,24965.0,,,24,0,1,1,0,70,7.0886077880859375,,5.46806001663208,,,2.09045672416687,,0,,1,0.16475534439086914,,10.125229835510254,-0.0378875732421875,0,7.0886077880859375,2.09045672416687
1987,419380.0,45,10000000.0,,,,0,0,0,0,0,0,0.0,,3.8066625595092773,16.11809539794922,,0.0,,0,,0,,,,,,,
1988,419380.0,50,10000000.0,,,,0,0,0,0,1,0,0.0,,3.9120230674743652,16.11809539794922,,0.0,,0,,0,0.10536050796508789,0.0,,,0,0.0,0.0
1989,419380.0,55,12000000.0,,,,10,0,0,1,0,55,10.0,,4.007333278656006,16.300416946411133,,2.397895336151123,,0,,0,0.09531021118164062,0.18232154846191406,,,0,10.0,2.397895336151123
1987,419381.0,14,1585000.0,14560.0,0.6499999761581421,,60,0,0,0,0,1,4.285714149475098,-0.4307829439640045,2.6390573978424072,14.276095390319824,,1.6650077104568481,,0,,0,,,9.58603286743164,,,,
1988,419381.0,11,1560000.0,19240.0,0.550000011920929,,0,0,0,0,1,0,0.0,-0.597836971282959,2.397895336151123,14.260196685791016,,0.0,-0.4307829439640045,0,-0.16705402731895447,0,-0.24116206169128418,-0.015898704528808594,9.864747047424316,0.2787141799926758,0,-4.285714149475098,-1.6650077104568481
1989,419381.0,12,1747000.0,20280.0,0.3799999952316284,,50,0,1,1,0,12,50.0,-0.9675840139389038,2.4849066734313965,14.37341022491455,,3.931825637817383,-0.597836971282959,0,-0.3697470426559448,1,0.08701133728027344,0.11321353912353516,9.917390823364258,0.052643775939941406,0,50.0,3.931825637817383
1987,419384.0,50,,24960.0,,,0,0,0,0,0,0,0.0,,3.9120230674743652,,,0.0,,0,,0,,,10.125029563903809,,,,
1988,419384.0,73,,26520.0,,,0,0,0,0,1,2,0.0,,4.290459632873535,,,0.0,,0,,0,0.3784365653991699,,10.185654640197754,0.06062507629394531,0,0.0,0.0
1989,419384.0,83,,28080.0,,,110,0,1,1,0,30,39.759037017822266,,4.418840408325195,,,3.7076776027679443,,0,,1,0.12838077545166016,,10.242813110351562,0.057158470153808594,0,39.759037017822266,3.7076776027679443
1987,419388.0,40,2400000.0,16307.0,11.0,9.0,2,0,0,0,0,10,0.5,2.397895336151123,3.6888794898986816,14.69097900390625,2.1972246170043945,0.40546509623527527,,0,,0,,,9.699349403381348,,,,
1988,419388.0,36,2300000.0,16827.0,8.0,7.0,4,0,0,0,1,15,1.6666666269302368,2.079441547393799,3.5835189819335938,14.648419380187988,1.945910096168518,0.9808292388916016,2.397895336151123,0,-0.3184537887573242,0,-0.10536050796508789,-0.04255962371826172,9.73073959350586,0.03139019012451172,0,1.1666666269302368,0.5753641128540039
1989,419388.0,33,2700000.0,17347.0,6.0,3.0,18,0,1,1,0,33,18.0,1.7917594909667969,3.4965076446533203,14.808762550354004,1.0986123085021973,2.944438934326172,2.079441547393799,0,-0.28768205642700195,1,-0.08701133728027344,0.16034317016601562,9.761175155639648,0.030435562133789062,0,16.33333396911621,1.9636096954345703
1987,419392.0,15,,18000.0,,,,0,0,0,0,15,,,2.70805025100708,,,,,0,,0,,,9.798127174377441,,,,
1988,419392.0,18,,19500.0,,,,0,0,0,1,18,,,2.890371799468994,,,,,0,,0,0.18232154846191406,,9.878170013427734,0.08004283905029297,0,,
1989,419392.0,21,,20900.0,,,,0,0,1,0,21,,,3.044522523880005,,,,,0,,0,0.15415072441101074,,9.947504043579102,0.06933403015136719,0,,
1987,419400.0,6,373164.0,17680.0,,,170,0,0,0,0,2,56.66666793823242,,1.7917594909667969,12.82977294921875,,4.0546793937683105,,0,,0,,,9.780189514160156,,,,
1988,419400.0,8,422611.0,17680.0,,,170,0,0,0,1,4,85.0,,2.079441547393799,12.954207420349121,,4.454347133636475,,0,,0,0.28768205642700195,0.1244344711303711,9.780189514160156,0.0,0,28.333332061767578,0.39966773986816406
1989,419400.0,9,390210.0,17846.0,,,170,0,0,1,0,4,75.55555725097656,,2.1972246170043945,12.87444019317627,,4.338016510009766,,0,,0,0.1177830696105957,-0.07976722717285156,9.789534568786621,0.009345054626464844,0,-9.444442749023438,-0.11633062362670898
1987,419401.0,62,5000000.0,29000.0,,,72,0,0,0,0,13,15.096774101257324,,4.127134323120117,15.424948692321777,,2.778618812561035,,0,,0,,,10.27505111694336,,,,
1988,419401.0,74,6000000.0,34000.0,,,72,0,0,0,1,13,12.648648262023926,,4.304065227508545,15.607270240783691,,2.613640546798706,,0,,0,0.17693090438842773,0.18232154846191406,10.434115409851074,0.15906429290771484,0,-2.4481258392333984,-0.1649782657623291
1989,419401.0,82,8000000.0,39000.0,,,72,0,0,1,0,13,11.414633750915527,,4.406719207763672,15.894951820373535,,2.51887583732605,,0,,0,0.10265398025512695,0.28768157958984375,10.571316719055176,0.13720130920410156,0,-1.2340145111083984,-0.09476470947265625
1987,419406.0,,1842243.0,,,,,0,0,0,0,,,,,14.426494598388672,,,,0,,0,,,,,,,
1988,419406.0,,2072633.0,,,,,0,0,0,1,,,,,14.544330596923828,,,,0,,0,,0.11783599853515625,,,0,,
1989,419406.0,,2314928.0,,,,,0,0,1,0,,,,,14.654889106750488,,,,0,,0,,0.11055850982666016,,,0,,
1987,419409.0,75,8450000.0,13416.0,2.25,0.5,20,0,0,0,0,40,10.666666984558105,0.8109301924705505,4.317488193511963,15.949677467346191,-0.6931471824645996,2.456735849380493,,0,,0,,,9.504202842712402,,,,
1988,419409.0,72,10298000.0,15184.0,2.5,0.5,26,0,0,0,1,72,26.0,0.9162907600402832,4.276666164398193,16.1474609375,-0.6931471824645996,3.295836925506592,0.8109301924705505,0,0.10536056756973267,0,-0.04082202911376953,0.1977834701538086,9.627997398376465,0.1237945556640625,0,15.333333015441895,0.8391010761260986
1989,419409.0,75,10155000.0,17451.0,2.0,0.5,60,0,1,1,0,75,60.0,0.6931471824645996,4.317488193511963,16.13347625732422,-0.6931471824645996,4.110873699188232,0.9162907600402832,0,-0.2231435775756836,1,0.04082202911376953,-0.01398468017578125,9.767151832580566,0.13915443420410156,0,34.0,0.8150367736816406
1987,419410.0,26,,26667.0,,14.0,100,0,0,0,0,6,23.076923370361328,,3.25809645652771,,2.6390573978424072,3.1812539100646973,,0,,0,,,10.191182136535645,,,,
1988,419410.0,24,,24856.0,,10.0,100,0,0,0,1,8,33.33333206176758,,3.178053855895996,,2.3025851249694824,3.536116600036621,,0,,0,-0.08004260063171387,,10.120854377746582,-0.0703277587890625,0,10.25640869140625,0.35486268997192383
1989,419410.0,23,,25280.0,,9.0,120,0,1,1,0,23,120.0,,3.1354942321777344,,2.1972246170043945,4.795790672302246,,0,,1,-0.04255962371826172,,10.137768745422363,0.01691436767578125,0,86.66667175292969,1.259674072265625
1987,419420.0,19,1980000.0,15600.0,,,0,0,0,0,0,0,0.0,,2.944438934326172,14.498607635498047,,0.0,,0,,0,,,9.65502643585205,,,,
1988,419420.0,15,1600000.0,17160.0,,,0,0,0,0,1,0,0.0,,2.70805025100708,14.285513877868652,,0.0,,0,,0,-0.2363886833190918,-0.21309375762939453,9.750336647033691,0.09531021118164062,0,0.0,0.0
1989,419420.0,12,1430000.0,18720.0,,,80,0,1,1,0,12,80.0,,2.4849066734313965,14.173185348510742,,4.394449234008789,,0,,1,-0.2231435775756836,-0.11232852935791016,9.837347984313965,0.08701133728027344,0,80.0,4.394449234008789
1987,419432.0,250,6000000.0,14352.0,5.0,3.0,,0,0,0,0,250,,1.6094379425048828,5.521461009979248,15.607270240783691,1.0986123085021973,,,0,,0,,,9.57164478302002,,,,
1988,419432.0,290,18000000.0,15184.0,4.800000190734863,3.0,,0,0,0,1,290,,1.5686159133911133,5.6698808670043945,16.705883026123047,1.0986123085021973,,1.6094379425048828,0,-0.04082202911376953,0,0.14841985702514648,1.0986127853393555,9.627997398376465,0.05635261535644531,0,,
1989,419432.0,350,54000000.0,16432.0,5.199999809265137,4.0,,0,0,1,0,350,,1.6486586332321167,5.857933044433594,17.804494857788086,1.3862943649291992,,1.5686159133911133,0,0.08004271984100342,0,0.18805217742919922,1.098611831665039,9.706985473632812,0.07898807525634766,0,,
1987,419433.0,19,1700000.0,16640.0,,,50,0,0,0,0,4,10.526315689086914,,2.944438934326172,14.346138954162598,,2.4446327686309814,,0,,0,,,9.719564437866211,,,,
1988,419433.0,19,2000000.0,17160.0,,,15,0,0,0,1,19,15.0,,2.944438934326172,14.508657455444336,,2.7725887298583984,,0,,0,0.0,0.16251850128173828,9.750336647033691,0.03077220916748047,0,4.473684310913086,0.327955961227417
1989,419433.0,21,2200000.0,17680.0,,,49,0,1,1,0,11,25.66666603088379,,3.044522523880005,14.603967666625977,,3.283414363861084,,0,,1,0.10008358955383301,0.09531021118164062,9.780189514160156,0.029852867126464844,0,10.666666030883789,0.5108256340026855
1987,419434.0,89,11380000.0,14394.0,,0.0,0,0,0,0,0,0,0.0,,4.488636493682861,16.24736785888672,,0.0,,0,,0,,,9.574566841125488,,,,
1988,419434.0,59,4748000.0,15454.0,,0.03999999910593033,0,0,0,0,1,0,0.0,,4.077537536621094,15.373233795166016,-3.2188758850097656,0.0,,0,,0,-0.4110989570617676,-0.8741340637207031,9.645623207092285,0.07105636596679688,0,0.0,0.0
1989,419434.0,105,7175000.0,15558.0,,0.14000000059604645,10,0,0,1,0,105,10.0,,4.653960227966309,15.786113739013672,-1.9661128520965576,2.397895336151123,,0,,0,0.5764226913452148,0.41287994384765625,9.65233039855957,0.006707191467285156,0,10.0,2.397895336151123
1987,419449.0,40,3317000.0,16640.0,,,30,0,0,0,0,40,30.0,,3.6888794898986816,15.014571189880371,,3.4339871406555176,,0,,0,,,9.719564437866211,,,,
1988,419449.0,55,3692000.0,16640.0,,,30,0,0,0,1,55,30.0,,4.007333278656006,15.121679306030273,,3.4339871406555176,,0,,0,0.3184537887573242,0.10710811614990234,9.719564437866211,0.0,0,0.0,0.0
1989,419449.0,65,3252000.0,16640.0,,,30,0,0,1,0,15,6.92307710647583,,4.174387454986572,14.994780540466309,,2.069779634475708,,0,,0,0.1670541763305664,-0.12689876556396484,9.719564437866211,0.0,0,-23.076923370361328,-1.3642075061798096
1987,419450.0,175,12500000.0,9360.0,,,0,0,0,0,0,0,0.0,,5.164785861968994,16.34123992919922,,0.0,,0,,0,,,9.144200325012207,,,,
1988,419450.0,225,12500000.0,10400.0,,,0,0,0,0,1,0,0.0,,5.41610050201416,16.34123992919922,,0.0,,0,,0,0.251314640045166,0.0,9.249561309814453,0.1053609848022461,0,0.0,0.0
1989,419450.0,275,18200000.0,11440.0,,,3,0,0,1,0,200,2.1818182468414307,,5.616771221160889,16.71693229675293,,1.1574528217315674,,0,,0,0.20067071914672852,0.37569236755371094,9.344871520996094,0.09531021118164062,0,2.1818182468414307,1.1574528217315674
1987,419459.0,110,15100000.0,21000.0,1.6699999570846558,0.20999999344348907,20,1,0,0,0,35,6.363636493682861,0.5128235816955566,4.7004804611206055,16.53020477294922,-1.56064772605896,1.996553897857666,,0,,0,,,9.952278137207031,,,,
1988,419459.0,125,16000000.0,21000.0,2.5,0.23000000417232513,20,1,0,0,1,40,6.400000095367432,0.9162907600402832,4.828313827514648,16.588098526000977,-1.469675898551941,2.0014801025390625,0.5128235816955566,0,0.40346717834472656,0,0.12783336639404297,0.05789375305175781,9.952278137207031,0.0,0,0.03636360168457031,0.004926204681396484
1989,419459.0,225,28900000.0,21000.0,1.1200000047683716,0.15000000596046448,20,1,0,1,0,160,14.222222328186035,0.11332868784666061,5.41610050201416,17.179351806640625,-1.8971199989318848,2.7227563858032227,0.9162907600402832,0,-0.802962064743042,0,0.5877866744995117,0.5912532806396484,9.952278137207031,0.0,0,7.8222222328186035,0.7212762832641602
1987,419461.0,24,,14800.0,,,0,0,0,0,0,0,0.0,,3.178053855895996,,,0.0,,0,,0,,,9.60238265991211,,,,
1988,419461.0,23,,15200.0,,,0,0,0,0,1,0,0.0,,3.1354942321777344,,,0.0,,0,,0,-0.04255962371826172,,9.629050254821777,0.02666759490966797,0,0.0,0.0
1989,419461.0,36,,15800.0,,,40,0,1,1,0,30,33.33333206176758,,3.5835189819335938,,,3.536116600036621,,0,,1,0.4480247497558594,,9.667765617370605,0.038715362548828125,0,33.33333206176758,3.536116600036621
1987,419467.0,4,1494764.0,30000.0,,,80,0,0,0,0,4,80.0,,1.3862943649291992,14.21747875213623,,4.394449234008789,,0,,0,,,10.308952331542969,,,,
1988,419467.0,5,2566104.0,31000.0,,,100,0,0,0,1,5,100.0,,1.6094379425048828,14.757899284362793,,4.6151204109191895,,0,,0,0.2231435775756836,0.5404205322265625,10.341742515563965,0.032790184020996094,0,20.0,0.2206711769104004
1989,419467.0,10,2191680.0,35000.0,,,100,0,0,1,0,10,100.0,,2.3025851249694824,14.600178718566895,,4.6151204109191895,,0,,0,0.6931471824645996,-0.15772056579589844,10.463103294372559,0.12136077880859375,0,0.0,0.0
1987,419472.0,120,,13000.0,,,20,0,0,0,0,25,4.166666507720947,,4.787491798400879,,,1.6422276496887207,,0,,0,,,9.472704887390137,,,,
1988,419472.0,100,,13500.0,,,20,0,0,0,1,25,5.0,,4.605170249938965,,,1.7917594909667969,,0,,0,-0.18232154846191406,,9.510444641113281,0.03773975372314453,0,0.8333334922790527,0.14953184127807617
1989,419472.0,100,,14000.0,,,60,0,1,1,0,100,60.0,,4.605170249938965,,,4.110873699188232,,0,,1,0.0,,9.546813011169434,0.036368370056152344,0,55.0,2.3191142082214355
1987,419473.0,18,,,,,0,1,0,0,0,0,0.0,,2.890371799468994,,,0.0,,0,,0,,,,,,,
1988,419473.0,18,,,,,3,1,0,0,1,18,3.0,,2.890371799468994,,,1.3862943649291992,,0,,0,0.0,,,,0,3.0,1.3862943649291992
1989,419473.0,18,,,,,35,1,1,1,0,18,35.0,,2.890371799468994,,,3.5835189819335938,,0,,1,0.0,,,,0,32.0,2.1972246170043945
1987,419479.0,,,,,,0,0,0,0,0,0,,,,,,,,0,,0,,,,,,,
1988,419479.0,30,1503906.0,15500.0,,,0,0,0,0,1,0,0.0,,3.4011974334716797,14.223576545715332,,0.0,,0,,0,,,9.648594856262207,,0,,
1989,419479.0,30,1360372.0,16500.0,,,20,0,0,1,0,13,8.666666984558105,,3.4011974334716797,14.123269081115723,,2.268683671951294,,0,,0,0.0,-0.10030746459960938,9.711115837097168,0.06252098083496094,0,8.666666984558105,2.268683671951294
1987,419482.0,15,,,2.700000047683716,,0,0,0,0,0,0,0.0,0.9932518005371094,2.70805025100708,,,0.0,,0,,0,,,,,,,
1988,419482.0,15,1000000.0,10000.0,2.5899999141693115,,0,0,0,0,1,0,0.0,0.9516578316688538,2.70805025100708,13.815510749816895,,0.0,0.9932518005371094,0,-0.041593968868255615,0,0.0,,9.21034049987793,,0,0.0,0.0
1989,419482.0,18,1000000.0,10000.0,2.799999952316284,,24,0,0,1,0,18,24.0,1.0296194553375244,2.890371799468994,13.815510749816895,,3.2188758850097656,0.9516578316688538,0,0.07796162366867065,0,0.18232154846191406,0.0,9.21034049987793,0.0,0,24.0,3.2188758850097656
1987,419483.0,133,11000000.0,13957.0,20.0,,0,1,0,0,0,0,0.0,2.995732307434082,4.8903489112854,16.21340560913086,,0.0,,0,,0,,,9.543736457824707,,,,
1988,419483.0,108,11500000.0,14810.0,25.0,,0,1,0,0,1,0,0.0,3.2188758850097656,4.682131290435791,16.257858276367188,,0.0,2.995732307434082,0,0.2231435775756836,0,-0.20821762084960938,0.044452667236328125,9.603057861328125,0.05932140350341797,0,0.0,0.0
1989,419483.0,129,12000000.0,14227.0,30.0,,20,1,0,1,0,20,3.1007752418518066,3.4011974334716797,4.859812259674072,16.300416946411133,,1.411176085472107,3.2188758850097656,0,0.18232154846191406,0,0.17768096923828125,0.04255867004394531,9.562896728515625,-0.0401611328125,0,3.1007752418518066,1.411176085472107
1987,419486.0,80,7000000.0,16000.0,,,0,0,0,0,0,0,0.0,,4.382026672363281,15.761420249938965,,0.0,,0,,0,,,9.680343627929688,,,,
1988,419486.0,90,8500000.0,17000.0,,,0,0,0,0,1,0,0.0,,4.499809741973877,15.95557689666748,,0.0,,0,,0,0.1177830696105957,0.19415664672851562,9.740968704223633,0.06062507629394531,0,0.0,0.0
1989,419486.0,100,9900000.0,18000.0,,,40,0,1,1,0,90,36.0,,4.605170249938965,16.10804557800293,,3.610917806625366,,0,,1,0.10536050796508789,0.15246868133544922,9.798127174377441,0.057158470153808594,0,36.0,3.610917806625366
