marr,wage,exper,age,coll,games,minutes,guard,forward,center,points,rebounds,assists,draft,allstar,avgmin,lwage,black,children,expersq,agesq,marrblck
1,1002.5,4,27,4,77,2867,1,0,0,15.5,3.9000000953674316,4.5,19,0,37.233760833740234,6.910252094268799,1,0,16,729,1
1,2030.0,5,28,4,78,2789,1,0,0,13.300000190734863,2.5,8.800000190734863,28,0,35.75640869140625,7.615790843963623,1,1,25,784,1
0,650.0,1,25,4,74,1149,0,0,1,5.5,3.299999952316284,0.20000000298023224,19,0,15.527029991149902,6.476973056793213,1,0,1,625,0
0,2030.0,5,28,4,47,1178,0,1,0,7.300000190734863,5.099999904632568,1.5,1,0,25.06382942199707,7.615790843963623,1,0,25,784,0
0,755.0,3,24,4,82,2096,1,0,0,10.800000190734863,4.300000190734863,2.5999999046325684,24,0,25.56097984313965,6.626718044281006,1,0,9,576,0
0,2014.5,9,31,4,82,1971,0,1,0,11.300000190734863,4.900000095367432,1.5,4,0,24.036579132080078,7.608126163482666,1,0,81,961,0
1,1065.0,1,28,0,80,2303,0,1,0,15.100000381469727,7.199999809265137,1.399999976158142,40,0,28.787500381469727,6.970729827880859,0,0,1,784,0
0,420.0,3,27,3,67,1131,0,1,0,6.599999904632568,4.199999809265137,0.699999988079071,47,0,16.880599975585938,6.040255069732666,1,0,9,729,0
1,150.0,1,25,4,60,542,1,0,0,3.0999999046325684,0.699999988079071,2.0,,0,9.033333778381348,5.010634899139404,1,0,1,625,1
1,3050.0,12,35,3,74,2700,0,1,0,26.0,6.5,2.299999952316284,3,1,36.486488342285156,8.022896766662598,1,1,144,1225,1
1,1030.9000244140625,9,31,4,70,2337,1,0,0,12.100000381469727,2.5999999046325684,6.900000095367432,66,0,33.385719299316406,6.938188076019287,1,1,81,961,1
0,182.0,2,25,4,74,983,1,0,0,3.4000000953674316,1.2000000476837158,2.200000047683716,35,0,13.283780097961426,5.204007148742676,0,0,4,625,0
1,900.0,7,29,4,77,2746,1,0,0,10.800000190734863,4.099999904632568,10.100000381469727,12,0,35.66233825683594,6.802394866943359,1,1,49,841,1
0,850.0,1,23,4,51,767,0,1,0,4.800000190734863,2.5999999046325684,1.2000000476837158,20,0,15.039219856262207,6.745235919952393,1,0,1,529,0
1,1004.0,8,30,4,82,2173,1,0,0,16.299999237060547,3.200000047683716,2.700000047683716,15,0,26.5,6.911746978759766,1,1,64,900,1
1,2040.0,6,28,4,82,2648,1,0,0,14.399999618530273,4.599999904632568,2.5999999046325684,6,0,32.29267883300781,7.6207051277160645,1,1,36,784,1
1,3125.0,3,25,4,51,1757,0,1,0,16.399999618530273,8.800000190734863,3.5999999046325684,1,1,34.45098114013672,8.047189712524414,1,0,9,625,1
0,3120.0,2,24,4,60,2018,0,0,1,21.5,10.199999809265137,1.399999976158142,2,1,33.633338928222656,8.045587539672852,1,0,4,576,0
0,4000.0,18,41,4,74,1987,0,0,1,11.699999809265137,7.300000190734863,1.100000023841858,8,0,26.851350784301758,8.294049263000488,1,0,324,1681,0
0,570.0,8,30,4,50,1005,1,0,0,6.199999809265137,2.700000047683716,2.0999999046325684,44,0,20.100000381469727,6.345635890960693,1,0,64,900,0
0,620.0,6,27,4,82,2770,1,0,0,14.800000190734863,2.0999999046325684,4.0,18,1,33.78049087524414,6.429718971252441,1,0,36,729,0
0,150.0,3,25,4,36,419,1,0,0,3.5999999046325684,1.2999999523162842,1.0,,0,11.638890266418457,5.010634899139404,1,0,9,625,0
1,4000.0,8,31,0,75,2856,1,0,0,20.100000381469727,6.099999904632568,4.599999904632568,8,0,38.08000183105469,8.294049263000488,1,1,64,961,1
0,150.0,8,30,4,34,682,0,1,0,5.099999904632568,3.5999999046325684,1.0,28,0,20.058820724487305,5.010634899139404,0,0,64,900,0
1,1007.5,1,26,0,75,1808,0,1,0,10.899999618530273,4.0,3.4000000953674316,29,0,24.106670379638672,6.915226936340332,0,1,1,676,0
1,1059.0,4,26,4,76,1502,0,0,1,6.900000095367432,5.699999809265137,1.399999976158142,7,0,19.763160705566406,6.9650797843933105,0,1,16,676,0
1,1020.0,7,29,4,43,397,0,0,1,2.700000047683716,2.9000000953674316,0.800000011920929,11,0,9.232558250427246,6.927557945251465,0,0,49,841,0
1,3007.5,8,29,4,72,2759,1,0,0,22.0,8.699999809265137,5.599999904632568,5,1,38.31943893432617,8.008864402770996,1,1,64,841,1
1,150.0,8,31,4,76,1371,0,0,1,7.099999904632568,4.599999904632568,0.8999999761581421,16,0,18.039470672607422,5.010634899139404,0,1,64,961,0
1,1120.0,9,31,4,51,814,1,0,0,6.599999904632568,0.800000011920929,1.600000023841858,84,0,15.960780143737793,7.021083831787109,1,0,81,961,1
0,840.0,3,24,3,73,1548,1,0,0,8.300000190734863,2.200000047683716,3.799999952316284,11,0,21.205480575561523,6.733401775360107,1,0,9,576,0
0,1050.199951171875,10,32,4,82,1708,0,1,0,4.599999904632568,5.400000095367432,0.5,14,0,20.829269409179688,6.956736087799072,1,0,100,1024,0
1,3541.0,8,28,4,50,1838,0,0,1,17.0,10.199999809265137,3.0,1,0,36.7599983215332,8.172164916992188,1,1,64,784,1
0,3543.0,4,27,4,70,965,0,1,0,5.0,2.0,1.100000023841858,2,0,13.785710334777832,8.172728538513184,0,0,16,729,0
0,1075.0,4,26,4,57,1447,0,1,0,10.600000381469727,8.800000190734863,0.800000011920929,11,0,25.385969161987305,6.980075836181641,1,0,16,676,0
1,475.0,1,25,4,22,149,1,0,0,1.600000023841858,0.5,0.8999999761581421,,0,6.772727012634277,6.1633148193359375,1,0,1,625,1
0,850.0,1,24,4,79,2022,0,1,0,9.399999618530273,5.099999904632568,1.600000023841858,22,0,25.594940185546875,6.745235919952393,1,0,1,576,0
1,312.0,3,24,4,72,1531,1,0,0,8.300000190734863,2.9000000953674316,1.7999999523162842,45,0,21.26388931274414,5.743002891540527,1,1,9,576,1
1,2850.0,8,30,4,76,2386,1,0,0,17.299999237060547,3.0,7.800000190734863,25,1,31.394739151000977,7.955073833465576,0,1,64,900,0
1,2278.0,9,31,4,82,2768,1,0,0,14.300000190734863,3.700000047683716,3.0999999046325684,47,0,33.756099700927734,7.731052875518799,1,1,81,961,1
1,4570.0,8,32,4,76,2660,0,1,0,13.699999809265137,7.599999904632568,2.5,45,0,35.0,8.427268028259277,1,0,64,1024,1
0,1200.0,6,27,4,15,286,0,1,0,3.700000047683716,4.900000095367432,0.4000000059604645,,0,19.066669464111328,7.090076923370361,1,0,36,729,0
0,350.0,2,24,4,77,1165,1,0,0,5.400000095367432,2.0,1.399999976158142,28,0,15.129870414733887,5.857933044433594,1,0,4,576,0
0,844.9998779296875,4,25,3,50,428,0,0,1,2.700000047683716,1.899999976158142,0.6000000238418579,33,0,8.5600004196167,6.739336013793945,1,0,16,625,0
0,2000.0,3,24,3,82,3066,1,0,0,19.200000762939453,4.699999809265137,4.599999904632568,4,0,37.39023971557617,7.600903034210205,1,0,9,576,0
0,275.0,2,24,4,81,1773,0,1,0,5.800000190734863,7.5,1.2000000476837158,41,0,21.88888931274414,5.616771221160889,1,0,4,576,0
0,2033.0,2,22,3,79,2896,0,1,0,19.200000762939453,4.5,3.4000000953674316,4,1,36.65822982788086,7.617268085479736,1,0,4,484,0
0,488.0,3,24,4,47,1255,0,0,1,11.399999618530273,5.5,1.0,30,0,26.702129364013672,6.190314769744873,1,0,9,576,0
0,1065.0,4,25,4,79,1684,0,1,0,8.800000190734863,4.400000095367432,1.5,6,0,21.31645965576172,6.970729827880859,1,0,16,625,0
0,250.0,7,28,4,16,158,1,0,0,1.2999999523162842,0.6000000238418579,1.399999976158142,46,0,9.875,5.521461009979248,1,0,49,784,0
0,1082.5,3,25,2,80,2617,1,0,0,18.0,2.0999999046325684,4.5,3,0,32.712501525878906,6.987029075622559,1,1,9,625,0
1,2161.0,2,24,4,79,2699,0,1,0,15.399999618530273,8.699999809265137,2.0999999046325684,5,0,34.16455841064453,7.67832612991333,1,0,4,576,1
1,600.0,5,27,4,74,877,0,1,0,4.099999904632568,2.700000047683716,0.5,,0,11.851349830627441,6.39693021774292,1,0,25,729,1
0,150.0,1,23,4,38,285,1,0,0,1.899999976158142,0.8999999761581421,0.4000000059604645,34,0,7.5,5.010634899139404,1,0,1,529,0
0,3000.0,3,28,4,82,2853,0,0,1,12.0,11.899999618530273,1.5,4,0,34.79267883300781,8.006367683410645,1,0,9,784,0
1,1200.0,1,23,3,79,1406,0,1,0,8.100000381469727,2.9000000953674316,1.2999999523162842,9,0,17.797470092773438,7.090076923370361,1,0,1,529,1
0,1100.0,1,24,4,82,2853,1,0,0,12.5,4.199999809265137,2.4000000953674316,13,0,34.79267883300781,7.003066062927246,1,0,1,576,0
0,1244.0,2,25,3,80,1507,0,1,0,8.0,5.599999904632568,0.6000000238418579,10,0,18.837499618530273,7.126087188720703,1,1,4,625,0
1,1280.0,9,31,4,69,2591,1,0,0,20.399999618530273,2.200000047683716,3.799999952316284,18,0,37.55072021484375,7.1546149253845215,1,1,81,961,1
0,735.0,1,23,4,79,1519,1,0,0,8.5,1.5,1.2999999523162842,11,0,19.22784996032715,6.5998711585998535,1,0,1,529,0
0,902.0001220703125,1,24,4,82,2172,1,0,0,10.300000190734863,2.299999952316284,4.800000190734863,10,0,26.48780059814453,6.804615020751953,1,0,1,576,0
0,300.0,5,28,4,71,1163,0,0,1,5.099999904632568,4.0,1.2000000476837158,17,0,16.380279541015625,5.70378303527832,0,0,25,784,0
0,1498.0,3,24,4,42,496,1,0,0,3.9000000953674316,1.0,1.2000000476837158,8,0,11.80951976776123,7.311885833740234,1,0,9,576,0
1,672.0,2,24,4,69,1786,0,0,1,9.199999809265137,6.900000095367432,3.5,22,0,25.88405990600586,6.510258197784424,1,1,4,576,1
0,1617.0,4,27,4,80,2773,0,1,0,17.299999237060547,8.399999618530273,1.5,16,0,34.662498474121094,7.3883280754089355,1,0,16,729,0
1,1000.0,11,34,4,82,1230,0,0,1,4.699999809265137,3.5999999046325684,0.4000000059604645,30,0,15.0,6.907754898071289,1,0,121,1156,1
1,1160.0,4,24,4,69,1318,0,1,0,8.699999809265137,4.5,1.0,17,0,19.101449966430664,7.056175231933594,1,1,16,576,1
0,1120.0,4,27,4,82,1296,0,1,0,8.199999809265137,4.900000095367432,0.5,16,0,15.804880142211914,7.021083831787109,1,0,16,729,0
0,250.0,3,26,4,76,1097,1,0,0,5.699999809265137,1.2000000476837158,2.9000000953674316,,0,14.434209823608398,5.521461009979248,1,0,9,676,0
1,2844.0,10,31,4,62,2324,0,1,0,16.799999237060547,5.599999904632568,5.099999904632568,7,1,37.48387145996094,7.952967166900635,0,1,100,961,0
1,2414.0,4,25,3,79,2738,0,1,0,15.0,8.100000381469727,4.099999904632568,3,0,34.65822982788086,7.789041042327881,1,1,16,625,1
1,2100.0,13,35,4,51,1022,1,0,0,14.5,1.600000023841858,1.7999999523162842,18,0,20.039220809936523,7.649693012237549,1,1,169,1225,1
1,700.0,3,24,4,82,3533,1,0,0,21.0,4.900000095367432,4.699999809265137,24,1,43.08536911010742,6.551080226898193,1,0,9,576,1
0,1600.0,2,21,2,76,2438,0,1,0,17.5,9.100000381469727,3.5999999046325684,1,1,32.078948974609375,7.377758979797363,1,0,4,441,0
1,525.0,7,29,4,73,1225,1,0,0,5.199999809265137,1.399999976158142,2.0,,0,16.780820846557617,6.263398170471191,0,0,49,841,0
0,650.0,2,24,4,66,1122,1,0,0,6.699999809265137,2.0,2.9000000953674316,24,0,17.0,6.476973056793213,1,0,4,576,0
0,790.0,5,31,4,67,1606,1,0,0,9.300000190734863,2.700000047683716,3.0999999046325684,,0,23.970149993896484,6.672032833099365,1,0,25,961,0
0,1100.0,4,28,3,75,1292,0,1,0,4.699999809265137,3.799999952316284,0.5,,0,17.226669311523438,7.003066062927246,1,0,16,784,0
0,1200.0,3,24,4,81,2370,0,1,0,9.899999618530273,5.400000095367432,2.9000000953674316,11,0,29.259260177612305,7.090076923370361,1,0,9,576,0
0,1544.0,7,29,4,75,2571,1,0,0,13.600000381469727,5.099999904632568,5.099999904632568,47,0,34.279998779296875,7.342132091522217,1,1,49,841,0
0,3170.0,11,31,4,80,3277,0,0,1,27.299999237060547,11.899999618530273,3.5999999046325684,1,1,40.962501525878906,8.061487197875977,1,0,121,961,0
0,225.0,2,24,4,47,219,0,0,1,1.899999976158142,1.2999999523162842,0.20000000298023224,,0,4.65957498550415,5.416100978851318,1,0,4,576,0
1,2283.0,8,29,4,78,2209,1,0,0,11.600000381469727,4.199999809265137,4.199999809265137,6,0,28.320510864257812,7.733245849609375,1,1,64,841,1
0,2428.0,11,32,4,82,2909,0,1,0,14.0,10.600000381469727,2.299999952316284,9,0,35.475608825683594,7.794823169708252,1,0,121,1024,0
0,1050.0,1,23,4,64,759,1,0,0,5.300000190734863,1.100000023841858,1.2000000476837158,13,0,11.859379768371582,6.956544876098633,1,0,1,529,0
0,150.0,1,24,4,49,923,0,1,0,8.699999809265137,3.0999999046325684,0.6000000238418579,,0,18.836729049682617,5.010634899139404,1,0,1,576,0
0,1100.0,6,29,4,78,1533,1,0,0,7.5,1.7999999523162842,3.700000047683716,15,0,19.653850555419922,7.003066062927246,1,0,36,841,0
0,1694.0,5,28,4,37,1022,1,0,0,10.0,3.0,6.400000095367432,10,0,27.621620178222656,7.434847831726074,1,0,25,784,0
0,2840.0,3,24,4,14,350,0,0,1,7.400000095367432,6.599999904632568,0.800000011920929,23,0,25.0,7.951560020446777,1,1,9,576,0
0,1023.0,2,24,4,43,623,0,1,0,6.599999904632568,2.700000047683716,1.100000023841858,14,0,14.488369941711426,6.930494785308838,1,1,4,576,0
1,569.0,2,25,4,76,1930,0,0,1,8.899999618530273,5.5,1.0,25,0,25.394739151000977,6.343881130218506,1,0,4,625,1
0,1225.0,4,26,4,75,2118,0,1,0,11.699999809265137,8.699999809265137,1.0,13,0,28.239999771118164,7.110695838928223,1,1,16,676,0
0,650.0,2,24,4,40,352,1,0,0,3.5999999046325684,0.699999988079071,1.7999999523162842,16,0,8.800000190734863,6.476973056793213,1,0,4,576,0
0,150.0,1,25,4,53,535,0,0,1,2.0999999046325684,2.200000047683716,0.30000001192092896,,0,10.094340324401855,5.010634899139404,0,0,1,625,0
1,3200.0,9,33,4,25,556,0,0,1,8.899999618530273,5.199999809265137,1.899999976158142,2,0,22.239999771118164,8.070905685424805,0,0,81,1089,0
0,1700.0,4,26,4,76,2253,0,1,0,12.300000190734863,6.800000190734863,1.100000023841858,27,0,29.644739151000977,7.438384056091309,1,1,16,676,0
0,1445.0,2,24,4,65,1515,1,0,0,10.300000190734863,3.5999999046325684,2.0999999046325684,17,0,23.307689666748047,7.275865077972412,0,0,4,576,0
1,4133.0,5,26,0,79,2685,0,0,1,14.199999809265137,10.800000190734863,3.9000000953674316,26,0,33.98733901977539,8.326759338378906,0,0,25,676,0
0,150.0,1,24,4,27,247,0,1,0,2.5999999046325684,2.200000047683716,0.20000000298023224,,0,9.148148536682129,5.010634899139404,1,1,1,576,0
0,1100.0,1,24,4,71,1762,0,1,0,9.5,5.800000190734863,1.2999999523162842,12,0,24.8169002532959,7.003066062927246,1,0,1,576,0
0,910.0,2,25,4,30,923,1,0,0,14.100000381469727,3.5999999046325684,3.0999999046325684,15,0,30.76667022705078,6.813445091247559,1,0,4,625,0
0,800.0,4,26,4,73,1617,1,0,0,8.800000190734863,2.700000047683716,2.0,51,0,22.150680541992188,6.684611797332764,1,0,16,676,0
0,2400.0,11,33,4,81,2278,1,0,0,11.899999618530273,1.899999976158142,4.199999809265137,139,0,28.12346076965332,7.783224105834961,1,0,121,1089,0
0,150.0,1,23,4,81,2700,1,0,0,13.600000381469727,2.9000000953674316,5.699999809265137,37,1,33.33332824707031,5.010634899139404,1,0,1,529,0
1,1850.0,12,33,3,80,1597,0,1,0,10.199999809265137,2.299999952316284,1.899999976158142,1,0,19.962499618530273,7.5229411125183105,1,0,144,1089,1
0,2000.0,4,25,4,53,1601,0,1,0,19.100000381469727,6.5,1.7000000476837158,48,0,30.207550048828125,7.600903034210205,1,1,16,625,0
0,312.0,4,27,4,37,319,1,0,0,2.299999952316284,2.200000047683716,0.30000001192092896,,0,8.621622085571289,5.743002891540527,1,0,16,729,0
0,1002.0,4,26,4,53,697,1,0,0,7.0,2.5999999046325684,0.699999988079071,9,0,13.15093994140625,6.90975284576416,1,0,16,676,0
1,150.0,4,26,4,76,1726,1,0,0,7.699999809265137,2.0999999046325684,3.5,40,0,22.710529327392578,5.010634899139404,1,0,16,676,1
1,1100.0,7,29,4,75,1880,0,1,0,11.5,2.200000047683716,2.0,63,0,25.066669464111328,7.003066062927246,0,0,49,841,0
0,250.0,2,25,4,72,1199,0,0,1,7.199999809265137,4.199999809265137,0.4000000059604645,42,0,16.652780532836914,5.521461009979248,0,0,4,625,0
1,922.0001220703125,4,27,4,15,66,0,1,0,2.200000047683716,0.699999988079071,0.10000000149011612,12,0,4.400000095367432,6.826544761657715,1,0,16,729,1
1,1410.0,6,28,4,69,2201,0,1,0,11.399999618530273,7.199999809265137,2.5,33,0,31.898550033569336,7.251345157623291,1,1,36,784,1
0,1186.0,2,23,3,63,1358,1,0,0,10.5,2.5,1.5,12,0,21.555559158325195,7.078341007232666,1,1,4,529,0
1,2002.0,5,27,4,81,2999,1,0,0,21.100000381469727,5.400000095367432,2.299999952316284,4,0,37.024688720703125,7.601902008056641,1,0,25,729,1
1,2452.0,8,30,4,76,1910,0,1,0,7.699999809265137,5.400000095367432,1.7000000476837158,11,0,25.131580352783203,7.804658889770508,0,0,64,900,0
0,3057.0,6,29,4,72,2410,0,0,1,15.100000381469727,10.199999809265137,1.899999976158142,9,0,33.47222137451172,8.025189399719238,1,0,36,841,0
0,2252.0,3,25,4,78,2776,1,0,0,17.299999237060547,4.5,5.0,5,0,35.58974075317383,7.719573974609375,1,0,9,625,0
0,866.0,2,23,4,82,2560,0,1,0,13.5,7.599999904632568,2.0,8,0,31.21950912475586,6.763885021209717,1,0,4,529,0
0,650.0,3,25,4,72,1242,1,0,0,6.199999809265137,2.0,2.299999952316284,21,0,17.25,6.476973056793213,0,0,9,625,0
0,150.0,4,26,4,30,579,0,1,0,7.800000190734863,4.599999904632568,1.100000023841858,,0,19.299999237060547,5.010634899139404,0,0,16,676,0
0,1722.0,2,24,4,76,2127,1,0,0,12.699999809265137,4.099999904632568,1.7999999523162842,8,0,27.986839294433594,7.4512410163879395,1,0,4,576,0
1,669.9998779296875,3,24,4,82,1472,1,0,0,5.300000190734863,1.2999999523162842,2.5999999046325684,23,0,17.95121955871582,6.507277011871338,1,0,9,576,1
0,800.0,4,26,4,82,2533,1,0,0,15.300000190734863,3.200000047683716,6.699999809265137,21,0,30.890239715576172,6.684611797332764,1,1,16,676,0
1,1470.0,10,31,4,76,1524,0,1,0,9.600000381469727,8.399999618530273,0.699999988079071,10,0,20.052629470825195,7.293017864227295,1,0,100,961,1
0,1375.0,8,31,4,82,1921,0,0,1,3.5999999046325684,5.400000095367432,0.800000011920929,69,0,23.426830291748047,7.2262091636657715,1,1,64,961,0
0,150.0,1,26,0,5,33,0,1,0,3.0,3.200000047683716,0.4000000059604645,,0,6.599999904632568,5.010634899139404,1,1,1,676,0
1,1600.0,5,27,4,49,1053,0,1,0,7.900000095367432,4.900000095367432,1.2000000476837158,6,0,21.48979949951172,7.377758979797363,1,0,25,729,1
0,2730.0,2,25,4,70,2428,0,1,0,16.799999237060547,8.600000381469727,4.400000095367432,3,0,34.68571090698242,7.912056922912598,0,1,4,625,0
0,375.0,2,25,4,55,626,0,1,0,4.5,3.5999999046325684,0.20000000298023224,28,0,11.381819725036621,5.926926136016846,1,0,4,625,0
0,2000.0,1,23,4,79,2415,1,0,0,16.600000381469727,4.0,2.5999999046325684,5,1,30.56962013244629,7.600903034210205,1,0,1,529,0
0,270.0,2,24,4,80,1617,1,0,0,5.900000095367432,1.5,3.5999999046325684,34,0,20.212499618530273,5.598422050476074,1,0,4,576,0
1,1275.0,5,27,4,72,2182,1,0,0,14.699999809265137,3.200000047683716,2.4000000953674316,38,0,30.305559158325195,7.150701999664307,1,0,25,729,1
1,2075.0,6,28,4,71,2206,1,0,0,13.699999809265137,3.0999999046325684,7.199999809265137,48,0,31.070419311523438,7.637715816497803,1,0,36,784,1
1,2925.0,3,24,2,82,3135,1,0,0,18.799999237060547,3.9000000953674316,9.600000381469727,2,1,38.23170852661133,7.98105001449585,1,0,9,576,1
1,3575.0,9,30,3,77,1817,0,0,1,9.300000190734863,6.5,0.6000000238418579,3,0,23.597400665283203,8.181720733642578,1,0,81,900,1
1,600.0,1,25,4,79,1950,0,1,0,5.699999809265137,6.199999809265137,1.2000000476837158,29,0,24.68354034423828,6.39693021774292,1,0,1,625,1
0,3440.0,4,27,3,77,2778,0,1,0,20.200000762939453,11.300000190734863,3.4000000953674316,1,1,36.077919006347656,8.143226623535156,1,1,16,729,0
1,1200.0,6,29,4,82,2727,1,0,0,14.0,3.4000000953674316,2.799999952316284,,0,33.256099700927734,7.090076923370361,1,0,36,841,1
0,1200.0,7,30,4,82,1969,0,1,0,11.800000190734863,6.099999904632568,0.8999999761581421,2,0,24.01219940185547,7.090076923370361,1,0,49,900,0
0,150.0,3,26,3,29,591,1,0,0,8.300000190734863,2.299999952316284,2.299999952316284,34,0,20.379310607910156,5.010634899139404,1,0,9,676,0
1,650.0,13,36,4,28,226,0,1,0,2.0999999046325684,1.899999976158142,0.20000000298023224,,0,8.071428298950195,6.476973056793213,1,1,169,1296,1
1,1960.0,6,28,4,50,1349,0,1,0,10.899999618530273,4.599999904632568,1.600000023841858,4,0,26.979999542236328,7.580699920654297,1,1,36,784,1
1,921.0,4,26,4,30,319,0,0,1,2.299999952316284,3.0,0.4000000059604645,,0,10.633330345153809,6.825459957122803,0,0,16,676,0
0,650.0,1,24,4,48,386,1,0,0,3.4000000953674316,0.800000011920929,1.5,16,0,8.041666984558105,6.476973056793213,0,0,1,576,0
0,950.0,4,26,4,70,877,0,1,0,4.599999904632568,3.5999999046325684,0.4000000059604645,,0,12.528570175170898,6.856462001800537,1,1,16,676,0
1,1269.0,3,26,4,80,1994,1,0,0,7.900000095367432,2.4000000953674316,4.599999904632568,12,0,24.924999237060547,7.145984172821045,1,0,9,676,1
0,650.0,4,26,4,73,1402,0,1,0,5.099999904632568,4.699999809265137,1.2000000476837158,23,0,19.205480575561523,6.476973056793213,1,0,16,676,0
0,764.0,2,24,4,56,1333,1,0,0,11.0,1.2000000476837158,3.0,20,0,23.803569793701172,6.638567924499512,1,0,4,576,0
1,3625.0,9,32,4,79,2972,0,0,1,24.5,11.199999809265137,2.299999952316284,1,1,37.6202507019043,8.195609092712402,1,0,81,1024,1
1,2234.0,11,33,3,82,2204,1,0,0,9.600000381469727,1.7000000476837158,4.099999904632568,11,0,26.878049850463867,7.711548805236816,1,1,121,1089,1
0,1100.0,5,27,4,73,1903,0,1,0,7.199999809265137,5.800000190734863,2.0999999046325684,,0,26.06848907470703,7.003066062927246,1,1,25,729,0
0,2000.0,9,30,4,82,2932,0,1,0,11.800000190734863,11.800000190734863,2.700000047683716,9,0,35.756099700927734,7.600903034210205,1,1,81,900,0
1,1100.0,11,33,3,19,499,1,0,0,7.5,2.0,5.300000190734863,31,0,26.263160705566406,7.003066062927246,1,0,121,1089,1
1,2557.0,6,29,4,43,1105,0,1,0,10.399999618530273,3.799999952316284,1.2000000476837158,3,0,25.697669982910156,7.846590042114258,1,1,36,841,1
1,1120.0,5,29,4,59,2057,1,0,0,19.0,3.0999999046325684,5.900000095367432,,0,34.864410400390625,7.021083831787109,1,1,25,841,1
1,1600.0,13,36,4,70,774,0,0,1,3.299999952316284,2.5999999046325684,0.4000000059604645,14,0,11.057140350341797,7.377758979797363,1,1,169,1296,1
0,1445.0,2,24,4,65,1515,1,0,0,10.300000190734863,3.5999999046325684,2.0999999046325684,17,0,23.307689666748047,7.275865077972412,0,1,4,576,0
0,2670.0,5,26,3,81,2811,1,0,0,15.800000190734863,5.900000095367432,3.5999999046325684,11,0,34.70370101928711,7.889833927154541,1,0,25,676,0
0,650.0,2,24,4,74,1371,0,1,0,5.300000190734863,4.599999904632568,0.8999999761581421,15,0,18.52703094482422,6.476973056793213,1,1,4,576,0
1,900.0,5,30,4,70,948,1,0,0,4.599999904632568,1.7000000476837158,1.5,66,0,13.54286003112793,6.802394866943359,1,0,25,900,1
0,1965.0,7,29,4,70,2570,0,1,0,15.100000381469727,11.0,3.4000000953674316,10,1,36.714290618896484,7.583248138427734,1,1,49,841,0
0,1244.0,1,23,3,82,3015,1,0,0,16.0,5.400000095367432,6.599999904632568,2,1,36.76829147338867,7.126087188720703,1,1,1,529,0
1,985.0,11,33,4,29,309,0,0,1,1.2000000476837158,2.4000000953674316,0.10000000149011612,21,0,10.655170440673828,6.892642021179199,0,0,121,1089,0
0,3900.0,2,22,3,81,3224,0,0,1,29.299999237060547,13.199999809265137,2.0999999046325684,1,1,39.80247116088867,8.268732070922852,1,1,4,484,0
1,150.0,17,39,4,45,384,0,0,1,1.7000000476837158,2.0999999046325684,0.20000000298023224,14,0,8.533333778381348,5.010634899139404,1,0,289,1521,1
1,890.0,4,28,4,74,1357,0,1,0,7.400000095367432,3.4000000953674316,0.800000011920929,52,0,18.337839126586914,6.791222095489502,1,1,16,784,1
0,2820.0,4,26,3,82,2283,0,1,0,12.800000190734863,2.700000047683716,2.5999999046325684,4,0,27.841459274291992,7.944491863250732,1,1,16,676,0
0,1512.0,5,28,4,77,2037,1,0,0,9.0,4.599999904632568,5.0,24,0,26.45454978942871,7.321187973022461,1,0,25,784,0
1,900.0,8,32,4,68,1536,0,1,0,6.599999904632568,4.0,0.8999999761581421,17,0,22.588239669799805,6.802394866943359,1,0,64,1024,1
1,2700.0,1,22,1,49,1385,0,0,1,10.199999809265137,6.199999809265137,2.0,2,0,28.265310287475586,7.901007175445557,1,0,1,484,1
1,182.0,2,27,0,65,980,1,0,0,5.699999809265137,1.7000000476837158,0.4000000059604645,,0,15.076919555664062,5.204007148742676,1,1,4,729,1
1,2380.0,11,33,4,77,1750,1,0,0,16.799999237060547,3.0999999046325684,2.200000047683716,10,0,22.727270126342773,7.774856090545654,1,0,121,1089,1
0,1650.0,6,30,4,80,2336,0,1,0,9.0,5.0,1.2000000476837158,7,0,29.200000762939453,7.408531188964844,1,0,36,900,0
1,1040.0,2,24,4,82,3147,0,1,0,18.299999237060547,10.100000381469727,2.299999952316284,9,0,38.3780517578125,6.946976184844971,1,1,4,576,1
0,613.0001220703125,5,26,4,38,638,0,1,0,7.599999904632568,4.800000190734863,1.0,,0,16.789470672607422,6.418365001678467,1,0,25,676,0
1,1690.0,13,35,4,68,1555,1,0,0,8.899999618530273,1.899999976158142,2.799999952316284,31,0,22.86764907836914,7.432484149932861,0,1,169,1225,0
1,3250.0,10,31,3,65,2298,0,1,0,21.600000381469727,11.199999809265137,4.5,5,1,35.353851318359375,8.086411476135254,1,1,100,961,1
0,2300.0,7,28,4,67,2449,1,0,0,20.0,2.5,9.5,7,1,36.55223846435547,7.740664005279541,1,0,49,784,0
1,650.0,9,32,4,74,848,0,0,1,3.9000000953674316,2.5999999046325684,0.6000000238418579,6,0,11.459460258483887,6.476973056793213,0,1,81,1024,0
0,2975.0,6,29,4,80,3207,1,0,0,16.5,4.400000095367432,3.4000000953674316,14,0,40.087501525878906,7.99799919128418,0,0,36,841,0
1,3250.0,6,28,4,68,2520,0,1,0,20.600000381469727,6.800000190734863,3.799999952316284,1,1,37.05881881713867,8.086411476135254,1,0,36,784,1
1,2333.0,9,30,4,79,2557,0,1,0,16.700000762939453,7.099999904632568,1.7000000476837158,2,0,32.367088317871094,7.754909992218018,1,0,81,900,1
1,1300.0,6,29,4,79,1441,0,1,0,5.599999904632568,4.0,0.5,21,0,18.240510940551758,7.170119762420654,1,0,36,841,1
1,1578.0,11,32,3,68,2334,1,0,0,19.200000762939453,6.5,4.900000095367432,14,1,34.32352828979492,7.3639140129089355,0,1,121,1024,0
0,790.0,7,29,4,6,86,0,0,1,2.299999952316284,4.0,0.800000011920929,75,0,14.333330154418945,6.672032833099365,1,0,49,841,0
1,2429.0,6,29,4,77,2112,0,1,0,10.399999618530273,4.599999904632568,1.399999976158142,12,0,27.428569793701172,7.7952351570129395,1,1,36,841,1
0,2940.0,10,32,4,78,1276,0,1,0,6.5,4.199999809265137,1.0,46,0,16.358970642089844,7.9861650466918945,1,0,100,1024,0
0,942.0001220703125,2,23,3,65,820,0,1,0,6.699999809265137,1.7000000476837158,0.5,18,0,12.615389823913574,6.8480048179626465,1,0,4,529,0
1,2500.0,9,31,4,77,2074,1,0,0,13.100000381469727,2.799999952316284,5.199999809265137,24,0,26.935060501098633,7.8240461349487305,1,1,81,961,1
0,2336.0,5,28,4,82,2853,0,1,0,20.100000381469727,6.699999809265137,1.899999976158142,36,1,34.79267883300781,7.756196022033691,1,0,25,784,0
0,650.0,1,24,3,58,673,1,0,0,4.800000190734863,1.2999999523162842,1.2000000476837158,21,0,11.603449821472168,6.476973056793213,1,0,1,576,0
0,1560.0,6,28,3,82,2889,1,0,0,17.200000762939453,4.5,9.199999809265137,19,0,35.23170852661133,7.35244083404541,1,0,36,784,0
1,2500.0,13,34,3,81,2636,0,1,0,9.699999809265137,10.399999618530273,1.0,10,0,32.543209075927734,7.8240461349487305,1,0,169,1156,1
1,1850.0,10,35,4,71,2094,0,1,0,13.199999809265137,5.699999809265137,3.0999999046325684,57,0,29.49295997619629,7.5229411125183105,0,0,100,1225,0
1,550.0,3,26,4,61,1041,1,0,0,4.5,1.7999999523162842,2.200000047683716,31,0,17.065570831298828,6.30991792678833,1,1,9,676,1
1,1260.0,4,26,4,41,674,0,0,1,4.400000095367432,4.5,0.30000001192092896,18,0,16.43902015686035,7.138866901397705,1,1,16,676,1
0,1616.0,1,23,4,19,499,1,0,0,7.099999904632568,1.7999999523162842,6.099999904632568,7,0,26.263160705566406,7.387709140777588,0,0,1,529,0
0,150.0,1,24,4,55,667,0,0,1,3.200000047683716,3.0999999046325684,0.4000000059604645,52,0,12.127269744873047,5.010634899139404,0,1,1,576,0
0,850.0,7,29,3,68,2402,0,1,0,11.600000381469727,11.899999618530273,0.6000000238418579,8,0,35.32352828979492,6.745235919952393,1,1,49,841,0
1,2500.0,6,29,4,78,2897,1,0,0,23.399999618530273,3.700000047683716,4.0,5,1,37.141029357910156,7.8240461349487305,1,0,36,841,1
0,1743.0,4,25,4,75,2702,0,1,0,15.100000381469727,7.5,4.099999904632568,7,0,36.026668548583984,7.463363170623779,1,0,16,625,0
0,939.9998779296875,3,25,4,66,877,1,0,0,4.400000095367432,1.2999999523162842,1.7999999523162842,19,0,13.287879943847656,6.845880031585693,1,1,9,625,0
0,1462.0,9,31,4,79,2567,1,0,0,12.699999809265137,2.799999952316284,6.699999809265137,87,0,32.49367141723633,7.287559986114502,1,0,81,961,0
0,1658.0,2,24,4,57,1356,0,1,0,11.199999809265137,4.099999904632568,2.299999952316284,7,0,23.789470672607422,7.413366794586182,1,0,4,576,0
0,200.0,2,26,4,57,1221,0,1,0,8.0,4.699999809265137,1.2000000476837158,36,0,21.421049118041992,5.298316955566406,0,0,4,676,0
0,2075.0,6,27,4,80,2488,1,0,0,11.899999618530273,3.0,4.300000190734863,10,0,31.100000381469727,7.637715816497803,1,1,36,729,0
0,2407.0,12,33,3,59,1133,0,1,0,7.300000190734863,5.0,0.800000011920929,2,0,19.20339012145996,7.786137104034424,1,1,144,1089,0
1,1195.0,4,28,4,77,1949,1,0,0,10.0,2.0999999046325684,4.199999809265137,29,0,25.311689376831055,7.085900783538818,0,0,16,784,0
1,1807.0,5,24,4,73,2409,0,1,0,12.100000381469727,3.5999999046325684,2.700000047683716,3,0,33.0,7.499423027038574,1,0,25,576,1
1,150.0,5,30,4,28,94,0,0,1,2.0999999046325684,0.8999999761581421,0.20000000298023224,79,0,3.357142925262451,5.010634899139404,0,1,25,900,0
1,2156.0,8,30,4,77,2029,0,1,0,11.600000381469727,3.299999952316284,2.4000000953674316,4,0,26.350650787353516,7.6760101318359375,1,1,64,900,1
1,1818.0,5,26,3,70,1344,0,1,0,9.0,3.0999999046325684,1.0,5,0,19.200000762939453,7.505492210388184,1,1,25,676,1
1,5740.0,5,29,4,80,3241,0,0,1,29.799999237060547,10.699999809265137,4.800000190734863,1,1,40.51250076293945,8.655214309692383,1,1,25,841,1
0,2450.0,8,33,4,79,2989,0,1,0,4.699999809265137,17.299999237060547,2.299999952316284,27,0,37.83544158935547,7.803843021392822,1,1,64,1089,0
0,150.0,1,23,4,40,339,1,0,0,1.7999999523162842,0.699999988079071,1.2999999523162842,47,0,8.475000381469727,5.010634899139404,1,0,1,529,0
0,525.0,6,29,3,80,1690,1,0,0,9.100000381469727,2.4000000953674316,2.4000000953674316,39,0,21.125,6.263398170471191,1,0,36,841,0
0,2000.0,5,26,4,79,2435,1,0,0,14.100000381469727,3.4000000953674316,3.5,5,0,30.82278060913086,7.600903034210205,1,0,25,676,0
0,600.0,3,25,4,71,866,0,1,0,2.799999952316284,2.700000047683716,0.4000000059604645,27,0,12.197179794311523,6.39693021774292,1,0,9,625,0
0,617.0,2,27,4,45,280,0,0,1,2.5999999046325684,2.5999999046325684,0.20000000298023224,23,0,6.222221851348877,6.424869060516357,1,0,4,729,0
0,800.0,6,25,2,79,2597,0,1,0,18.100000381469727,10.800000190734863,2.5999999046325684,17,1,32.87342071533203,6.684611797332764,1,0,36,625,0
1,150.0,2,25,4,15,86,0,1,0,3.700000047683716,1.0,0.6000000238418579,45,0,5.733333110809326,5.010634899139404,1,0,4,625,1
0,700.0,4,25,4,27,78,0,0,1,1.5,0.800000011920929,0.30000001192092896,14,0,2.8888890743255615,6.551080226898193,0,0,16,625,0
1,890.0,9,30,4,73,1887,1,0,0,6.0,3.9000000953674316,5.300000190734863,30,0,25.849319458007812,6.791222095489502,1,1,81,900,1
0,2383.0,5,26,4,81,2881,1,0,0,16.5,3.299999952316284,6.0,2,1,35.567901611328125,7.7761149406433105,1,1,25,676,0
0,3587.0,11,33,4,81,2170,0,1,0,12.300000190734863,4.5,1.399999976158142,4,0,26.790119171142578,8.18507194519043,1,0,121,1089,0
0,170.0,5,27,4,35,152,0,0,1,2.0999999046325684,0.699999988079071,0.20000000298023224,39,0,4.3428568840026855,5.13579797744751,0,0,25,729,0
1,1151.0,10,31,4,81,2728,0,1,0,15.0,5.599999904632568,3.4000000953674316,8,0,33.67900848388672,7.048387050628662,0,1,100,961,0
1,810.0001220703125,3,26,4,55,1070,0,1,0,6.5,4.699999809265137,0.4000000059604645,,0,19.45454978942871,6.697033882141113,1,1,9,676,1
1,150.0,2,25,4,56,559,1,0,0,3.0999999046325684,1.100000023841858,0.5,,0,9.982142448425293,5.010634899139404,1,0,4,625,1
0,200.0,2,25,4,45,313,1,0,0,2.9000000953674316,0.6000000238418579,1.7000000476837158,,0,6.955554962158203,5.298316955566406,0,0,4,625,0
1,1771.0,8,31,4,80,2820,1,0,0,15.899999618530273,5.199999809265137,3.9000000953674316,46,0,35.25,7.479300022125244,0,1,64,961,0
1,1800.0,10,32,4,75,1619,1,0,0,7.5,1.7000000476837158,2.9000000953674316,13,0,21.586669921875,7.495542049407959,1,1,100,1024,1
0,1200.0,2,24,4,63,763,0,1,0,4.300000190734863,3.200000047683716,0.5,10,0,12.111109733581543,7.090076923370361,0,0,4,576,0
1,3081.0,9,31,3,82,3329,0,1,0,25.200000762939453,11.5,4.0,13,1,40.59756088256836,8.03300952911377,1,1,81,961,1
1,150.0,1,24,4,67,1121,0,1,0,5.0,2.700000047683716,0.800000011920929,45,0,16.731340408325195,5.010634899139404,1,0,1,576,1
0,1581.0,4,26,4,79,2210,0,0,1,8.600000381469727,8.300000190734863,0.5,6,0,27.974679946899414,7.3658127784729,1,0,16,676,0
1,2400.0,10,32,4,82,2969,1,0,0,15.100000381469727,3.0,12.600000381469727,16,1,36.20732116699219,7.783224105834961,0,1,100,1024,0
0,650.0,1,23,3,15,92,0,0,1,1.2999999523162842,0.699999988079071,0.0,18,0,6.133333206176758,6.476973056793213,1,0,1,529,0
0,150.0,1,24,4,75,1321,1,0,0,6.900000095367432,3.0,1.0,,0,17.613330841064453,5.010634899139404,1,0,1,576,0
1,2004.0,6,27,4,60,2025,1,0,0,18.200000762939453,2.4000000953674316,3.0999999046325684,8,0,33.75,7.602900981903076,0,1,36,729,0
0,2000.0,1,23,4,65,1604,1,0,0,12.0,2.9000000953674316,1.899999976158142,6,0,24.67691993713379,7.600903034210205,1,0,1,529,0
0,2312.0,8,30,4,69,1485,0,0,1,6.599999904632568,4.699999809265137,0.800000011920929,33,0,21.521739959716797,7.74586820602417,1,0,64,900,0
1,1650.0,2,25,4,78,2795,0,1,0,17.100000381469727,9.300000190734863,3.5,6,0,35.83332824707031,7.408531188964844,0,0,4,625,0
0,601.0,2,24,4,75,2487,0,1,0,18.200000762939453,6.0,2.0999999046325684,19,0,33.15999984741211,6.398594856262207,0,0,4,576,0
0,500.0,1,23,0,54,650,0,0,1,5.599999904632568,3.5999999046325684,0.30000001192092896,30,0,12.037039756774902,6.214608192443848,0,0,1,529,0
1,500.0,2,25,4,61,749,1,0,0,3.5999999046325684,1.100000023841858,1.5,40,0,12.278690338134766,6.214608192443848,1,0,4,625,1
1,283.0,2,26,4,65,1035,1,0,0,6.199999809265137,1.399999976158142,3.299999952316284,32,0,15.923080444335938,5.64544677734375,0,0,4,676,0
0,1722.0,8,30,4,82,2303,1,0,0,9.899999618530273,2.299999952316284,6.099999904632568,22,0,28.085369110107422,7.4512410163879395,0,0,64,900,0
1,600.0,3,26,4,3,35,0,1,0,4.300000190734863,2.299999952316284,0.699999988079071,,0,11.666669845581055,6.39693021774292,1,1,9,676,1
1,400.0,6,30,4,73,1397,0,1,0,4.800000190734863,4.0,0.5,5,0,19.13698959350586,5.991465091705322,1,0,36,900,1
0,1400.0,3,26,4,82,2605,1,0,0,14.800000190734863,4.800000190734863,2.299999952316284,9,0,31.76828956604004,7.244226932525635,1,1,9,676,0
1,1630.0,5,27,4,81,2915,1,0,0,13.800000190734863,5.199999809265137,9.699999809265137,12,0,35.9876594543457,7.396335124969482,1,1,25,729,1
1,1400.0,9,31,4,82,2149,0,1,0,8.0,4.699999809265137,1.5,35,0,26.207319259643555,7.244226932525635,1,1,81,961,1
0,650.0,1,23,4,16,107,0,1,0,2.700000047683716,1.100000023841858,0.5,15,0,6.6875,6.476973056793213,1,1,1,529,0
1,1200.0,11,33,4,82,2147,1,0,0,10.0,3.4000000953674316,3.299999952316284,48,0,26.18292999267578,7.090076923370361,0,1,121,1089,0
0,1228.0,6,28,4,82,1608,0,0,1,6.099999904632568,3.799999952316284,0.699999988079071,28,0,19.609760284423828,7.113142013549805,1,1,36,784,0
0,1510.0,7,30,3,82,2539,0,1,0,11.899999618530273,6.099999904632568,2.700000047683716,19,0,30.963420867919922,7.3198652267456055,1,0,49,900,0
0,2625.0,10,31,4,80,2867,0,1,0,19.100000381469727,12.0,1.899999976158142,11,0,35.837501525878906,7.872836112976074,1,0,100,961,0
1,565.0,1,26,4,81,1732,0,1,0,7.699999809265137,6.199999809265137,0.6000000238418579,45,0,21.382720947265625,6.336825847625732,1,0,1,676,1
0,688.0,3,25,4,66,2292,0,1,0,11.699999809265137,10.899999618530273,0.699999988079071,13,0,34.72726821899414,6.533789157867432,1,0,9,625,0
1,833.0,1,24,4,27,186,0,1,0,2.0,2.0,0.30000001192092896,14,0,6.888888835906982,6.725034236907959,0,0,1,576,0
1,2000.0,7,28,4,79,2711,1,0,0,10.899999618530273,4.400000095367432,8.600000381469727,18,0,34.31645965576172,7.600903034210205,1,1,49,784,1
0,1262.0,7,28,3,76,2613,0,1,0,12.0,5.300000190734863,4.300000190734863,9,0,34.3815803527832,7.140452861785889,1,0,49,784,0
1,3210.0,7,29,4,79,2638,1,0,0,19.899999618530273,2.700000047683716,3.0999999046325684,11,1,33.39241027832031,8.074026107788086,1,0,49,841,1
1,715.0001220703125,5,31,4,75,1084,0,1,0,4.800000190734863,2.5,0.800000011920929,54,0,14.453330039978027,6.572282791137695,1,1,25,961,1
1,600.0,11,33,3,67,1197,1,0,0,10.399999618530273,1.600000023841858,2.0,4,0,17.86566925048828,6.39693021774292,1,1,121,1089,1
0,2500.0,6,28,4,78,2113,0,0,1,15.699999809265137,6.199999809265137,1.7999999523162842,2,0,27.089740753173828,7.8240461349487305,0,0,36,784,0
0,2000.0,12,33,3,30,282,0,1,0,2.299999952316284,2.5,0.5,5,0,9.399999618530273,7.600903034210205,1,0,144,1089,0
