educ,cigpric,white,age,income,cigs,restaurn,lincome,agesq,lcigpric
16.0,60.50600051879883,1,46,20000,0,0,9.903487205505371,2116,4.102742671966553
16.0,57.882999420166016,1,40,30000,0,0,10.308952331542969,1600,4.0584235191345215
12.0,57.66400146484375,1,58,30000,3,0,10.308952331542969,3364,4.054633140563965
13.5,57.882999420166016,1,30,20000,0,0,9.903487205505371,900,4.0584235191345215
10.0,58.31999969482422,1,17,20000,0,0,9.903487205505371,289,4.065945148468018
6.0,59.34000015258789,1,86,6500,0,0,8.779557228088379,7396,4.083283424377441
12.0,57.882999420166016,1,35,20000,0,0,9.903487205505371,1225,4.0584235191345215
15.0,57.882999420166016,1,48,30000,0,0,10.308952331542969,2304,4.0584235191345215
12.0,59.19499969482422,1,48,20000,0,0,9.903487205505371,2304,4.080837249755859
12.0,58.02799987792969,1,31,20000,0,0,9.903487205505371,961,4.060925483703613
13.5,57.882999420166016,1,27,30000,10,0,10.308952331542969,729,4.0584235191345215
12.0,60.28799819946289,1,24,20000,20,0,9.903487205505371,576,4.099133014678955
10.0,57.882999420166016,1,71,8500,30,0,9.047821044921875,5041,4.0584235191345215
6.0,58.02799987792969,1,44,30000,0,0,10.308952331542969,1936,4.060925483703613
16.0,60.74599838256836,1,22,30000,0,0,10.308952331542969,484,4.106701374053955
12.0,60.07099914550781,1,29,20000,20,0,9.903487205505371,841,4.095527172088623
12.0,60.28200149536133,1,33,20000,0,0,9.903487205505371,1089,4.099033355712891
12.0,60.70399856567383,1,34,20000,30,0,9.903487205505371,1156,4.106009483337402
13.5,59.86000061035156,1,30,8500,0,0,9.047821044921875,900,4.092008590698242
10.0,60.32400131225586,0,48,30000,20,0,10.308952331542969,2304,4.099730014801025
6.0,59.04499816894531,1,61,5500,0,0,8.612503051757812,3721,4.0782999992370605
18.0,60.29399871826172,1,49,30000,0,0,10.308952331542969,2401,4.0992326736450195
12.0,59.04499816894531,1,33,20000,0,0,9.903487205505371,1089,4.0782999992370605
16.0,60.63199996948242,1,24,30000,0,1,10.308952331542969,576,4.104822635650635
16.0,61.74399948120117,1,36,30000,0,1,10.308952331542969,1296,4.122996807098389
15.0,60.86199951171875,1,39,20000,12,1,9.903487205505371,1521,4.108609199523926
18.0,61.39899826049805,1,38,30000,0,1,10.308952331542969,1444,4.117393493652344
12.0,60.823001861572266,1,29,30000,30,1,10.308952331542969,841,4.107967853546143
18.0,62.012001037597656,1,23,12500,0,1,9.433484077453613,529,4.127327919006348
16.0,61.321998596191406,0,51,20000,0,1,9.903487205505371,2601,4.116138458251953
13.5,62.0890007019043,1,28,20000,0,1,9.903487205505371,784,4.128568649291992
10.0,61.01499938964844,1,47,12500,30,1,9.433484077453613,2209,4.111119747161865
10.0,62.48899841308594,1,80,12500,0,1,9.433484077453613,6400,4.134990692138672
10.0,61.66699981689453,1,62,30000,2,1,10.308952331542969,3844,4.121748924255371
10.0,62.012001037597656,1,51,12500,0,1,9.433484077453613,2601,4.127327919006348
10.0,61.66699981689453,1,51,20000,35,1,9.903487205505371,2601,4.121748924255371
12.0,61.053001403808594,1,69,12500,0,1,9.433484077453613,4761,4.1117424964904785
12.0,61.09199905395508,1,28,8500,0,1,9.047821044921875,784,4.1123809814453125
18.0,61.9739990234375,1,38,20000,0,1,9.903487205505371,1444,4.126714706420898
15.0,61.167999267578125,1,30,30000,0,1,10.308952331542969,900,4.113624095916748
18.0,60.86199951171875,1,32,30000,25,1,10.308952331542969,1024,4.108609199523926
8.0,61.62900161743164,0,71,12500,0,1,9.433484077453613,5041,4.1211323738098145
10.0,62.48899841308594,1,18,20000,0,1,9.903487205505371,324,4.134990692138672
13.5,62.0890007019043,1,26,8500,15,1,9.047821044921875,676,4.128568649291992
10.0,61.74399948120117,1,30,20000,20,1,9.903487205505371,900,4.122996807098389
12.0,60.66999816894531,1,19,3500,0,1,8.160518646240234,361,4.105449199676514
12.0,61.167999267578125,1,19,6500,20,1,8.779557228088379,361,4.113624095916748
13.5,61.244998931884766,1,21,1500,0,1,7.313220500946045,441,4.114881992340088
16.0,62.0890007019043,1,44,20000,0,1,9.903487205505371,1936,4.128568649291992
10.0,60.55500030517578,1,69,30000,30,1,10.308952331542969,4761,4.103551864624023
16.0,60.55500030517578,1,53,20000,0,1,9.903487205505371,2809,4.103551864624023
8.0,62.24100112915039,1,53,12500,20,1,9.433484077453613,2809,4.131013870239258
6.0,61.70500183105469,1,38,6500,10,1,8.779557228088379,1444,4.1223649978637695
10.0,60.55500030517578,1,49,30000,20,1,10.308952331542969,2401,4.103551864624023
18.0,61.4370002746582,1,24,20000,0,1,9.903487205505371,576,4.118012428283691
16.0,61.321998596191406,1,57,8500,0,1,9.047821044921875,3249,4.116138458251953
15.0,61.167999267578125,1,28,20000,0,1,9.903487205505371,784,4.113624095916748
12.0,61.207000732421875,1,32,20000,20,1,9.903487205505371,1024,4.114261627197266
13.5,60.823001861572266,1,55,20000,0,1,9.903487205505371,3025,4.107967853546143
13.5,60.63199996948242,1,47,30000,0,1,10.308952331542969,2209,4.104822635650635
13.5,60.78499984741211,1,26,20000,0,1,9.903487205505371,676,4.1073431968688965
10.0,60.55500030517578,1,26,6500,20,1,8.779557228088379,676,4.103551864624023
16.0,60.70800018310547,0,61,30000,0,1,10.308952331542969,3721,4.106075286865234
10.0,60.66999816894531,1,48,20000,0,1,9.903487205505371,2304,4.105449199676514
18.0,62.736000061035156,1,32,30000,0,1,10.308952331542969,1024,4.138935565948486
16.0,62.0890007019043,1,29,12500,0,1,9.433484077453613,841,4.128568649291992
18.0,62.57099914550781,0,47,30000,0,1,10.308952331542969,2209,4.1363019943237305
10.0,60.70800018310547,0,62,20000,0,1,9.903487205505371,3844,4.106075286865234
16.0,62.159000396728516,0,30,8500,0,1,9.047821044921875,900,4.129695415496826
13.5,61.66699981689453,1,21,20000,0,1,9.903487205505371,441,4.121748924255371
12.0,61.207000732421875,1,28,2500,0,1,7.8240461349487305,784,4.114261627197266
12.0,61.053001403808594,1,50,30000,20,1,10.308952331542969,2500,4.1117424964904785
12.0,61.474998474121094,1,69,6500,0,1,8.779557228088379,4761,4.118630409240723
13.5,61.62900161743164,1,37,20000,60,1,9.903487205505371,1369,4.1211323738098145
12.0,61.74399948120117,0,40,30000,20,1,10.308952331542969,1600,4.122996807098389
6.0,61.4370002746582,1,47,20000,3,1,9.903487205505371,2209,4.118012428283691
10.0,61.93600082397461,1,78,2500,0,1,7.8240461349487305,6084,4.126101493835449
18.0,61.74399948120117,1,38,30000,0,1,10.308952331542969,1444,4.122996807098389
13.5,62.48899841308594,1,25,30000,0,1,10.308952331542969,625,4.134990692138672
12.0,61.321998596191406,1,67,8500,0,1,9.047821044921875,4489,4.116138458251953
13.5,60.900001525878906,1,50,30000,12,1,10.308952331542969,2500,4.109233379364014
13.5,61.551998138427734,1,47,30000,0,1,10.308952331542969,2209,4.119882106781006
8.0,62.48899841308594,1,76,6500,0,1,8.779557228088379,5776,4.134990692138672
8.0,60.78499984741211,1,28,30000,0,1,10.308952331542969,784,4.1073431968688965
12.0,61.513999938964844,0,32,20000,0,1,9.903487205505371,1024,4.119264602661133
12.0,61.89699935913086,0,28,20000,0,1,9.903487205505371,784,4.125471591949463
12.0,61.167999267578125,1,53,30000,20,1,10.308952331542969,2809,4.113624095916748
12.0,60.823001861572266,1,57,20000,0,1,9.903487205505371,3249,4.107967853546143
18.0,61.59000015258789,1,42,30000,0,1,10.308952331542969,1764,4.120499610900879
15.0,61.09199905395508,1,49,12500,0,1,9.433484077453613,2401,4.1123809814453125
18.0,61.78200149536133,1,31,20000,25,1,9.903487205505371,961,4.123611927032471
12.0,61.4370002746582,1,20,8500,0,1,9.047821044921875,400,4.118012428283691
18.0,61.89699935913086,1,45,20000,40,1,9.903487205505371,2025,4.125471591949463
18.0,60.55500030517578,0,63,30000,0,1,10.308952331542969,3969,4.103551864624023
15.0,61.70500183105469,1,61,30000,0,1,10.308952331542969,3721,4.1223649978637695
13.5,61.85900115966797,0,35,12500,30,1,9.433484077453613,1225,4.124857425689697
6.0,61.70500183105469,1,59,12500,0,1,9.433484077453613,3481,4.1223649978637695
10.0,62.65399932861328,0,17,8500,0,1,9.047821044921875,289,4.137627601623535
18.0,62.736000061035156,1,38,30000,0,1,10.308952331542969,1444,4.138935565948486
13.5,61.244998931884766,1,41,30000,0,1,10.308952331542969,1681,4.114881992340088
12.0,61.89699935913086,1,35,30000,0,1,10.308952331542969,1225,4.125471591949463
12.0,61.59000015258789,0,40,30000,0,1,10.308952331542969,1600,4.120499610900879
13.5,62.57099914550781,1,37,30000,0,1,10.308952331542969,1369,4.1363019943237305
12.0,62.40599822998047,0,27,5500,13,1,8.612503051757812,729,4.133661270141602
12.0,60.86199951171875,1,48,20000,0,1,9.903487205505371,2304,4.108609199523926
12.0,62.0890007019043,0,18,30000,0,1,10.308952331542969,324,4.128568649291992
12.0,60.86199951171875,0,43,20000,0,1,9.903487205505371,1849,4.108609199523926
10.0,62.012001037597656,1,20,3500,0,1,8.160518646240234,400,4.127327919006348
8.0,60.823001861572266,1,19,12500,1,1,9.433484077453613,361,4.107967853546143
13.5,60.70800018310547,1,22,12500,0,1,9.433484077453613,484,4.106075286865234
16.0,60.70800018310547,1,60,20000,0,1,9.903487205505371,3600,4.106075286865234
13.5,61.74399948120117,1,47,30000,0,1,10.308952331542969,2209,4.122996807098389
10.0,61.62900161743164,0,77,20000,0,1,9.903487205505371,5929,4.1211323738098145
13.5,61.36000061035156,1,26,20000,0,1,9.903487205505371,676,4.116758346557617
12.0,62.65399932861328,0,37,20000,20,1,9.903487205505371,1369,4.137627601623535
13.5,62.159000396728516,0,40,30000,15,1,10.308952331542969,1600,4.129695415496826
6.0,61.284000396728516,0,44,8500,0,1,9.047821044921875,1936,4.115518569946289
6.0,62.012001037597656,1,65,2500,0,1,7.8240461349487305,4225,4.127327919006348
16.0,60.900001525878906,1,26,30000,0,1,10.308952331542969,676,4.109233379364014
8.0,60.86199951171875,0,77,20000,0,1,9.903487205505371,5929,4.108609199523926
12.0,61.207000732421875,0,73,12500,0,1,9.433484077453613,5329,4.114261627197266
10.0,60.9379997253418,1,64,30000,0,1,10.308952331542969,4096,4.109857082366943
13.5,61.62900161743164,1,28,30000,0,1,10.308952331542969,784,4.1211323738098145
13.5,60.86199951171875,1,26,30000,20,1,10.308952331542969,676,4.108609199523926
10.0,61.09199905395508,1,64,20000,20,1,9.903487205505371,4096,4.1123809814453125
12.0,61.66699981689453,1,29,6500,0,1,8.779557228088379,841,4.121748924255371
12.0,61.9739990234375,1,55,20000,40,1,9.903487205505371,3025,4.126714706420898
12.0,62.736000061035156,1,54,30000,0,1,10.308952331542969,2916,4.138935565948486
15.0,61.207000732421875,1,42,20000,10,1,9.903487205505371,1764,4.114261627197266
13.5,62.736000061035156,0,70,12500,0,1,9.433484077453613,4900,4.138935565948486
16.0,61.284000396728516,1,71,20000,0,1,9.903487205505371,5041,4.115518569946289
12.0,61.74399948120117,1,24,30000,0,1,10.308952331542969,576,4.122996807098389
10.0,61.85900115966797,1,38,20000,20,1,9.903487205505371,1444,4.124857425689697
15.0,61.93600082397461,1,73,6500,0,1,8.779557228088379,5329,4.126101493835449
18.0,60.823001861572266,1,29,30000,0,1,10.308952331542969,841,4.107967853546143
13.5,60.55500030517578,1,24,20000,0,1,9.903487205505371,576,4.103551864624023
12.0,61.4370002746582,1,25,8500,0,1,9.047821044921875,625,4.118012428283691
15.0,62.0890007019043,1,22,20000,0,1,9.903487205505371,484,4.128568649291992
12.0,61.474998474121094,1,36,12500,5,1,9.433484077453613,1296,4.118630409240723
12.0,53.624000549316406,1,28,20000,0,0,9.903487205505371,784,3.981996774673462
13.5,53.3129997253418,1,27,6500,40,0,8.779557228088379,729,3.9761803150177
13.5,55.185001373291016,1,28,4500,8,0,8.411832809448242,784,4.010691165924072
12.0,53.38199996948242,1,53,20000,0,0,9.903487205505371,2809,3.977473497390747
13.5,54.98400115966797,1,23,30000,15,0,10.308952331542969,529,4.007042407989502
12.0,53.96900177001953,1,19,12500,15,0,9.433484077453613,361,3.9884097576141357
15.0,54.31399917602539,0,25,20000,0,0,9.903487205505371,625,3.994781970977783
13.5,54.64799880981445,0,34,12500,20,0,9.433484077453613,1156,4.000912666320801
13.5,54.14099884033203,1,20,30000,0,0,10.308952331542969,400,3.991591691970825
10.0,54.31399917602539,1,17,20000,0,0,9.903487205505371,289,3.994781970977783
16.0,66.58699798583984,1,51,30000,20,1,10.308952331542969,2601,4.198509216308594
12.0,65.29000091552734,1,44,30000,30,1,10.308952331542969,1936,4.178838729858398
12.0,65.29000091552734,1,29,20000,60,1,9.903487205505371,841,4.178838729858398
8.0,66.08799743652344,1,65,30000,0,1,10.308952331542969,4225,4.1909871101379395
12.0,65.29000091552734,1,53,30000,0,1,10.308952331542969,2809,4.178838729858398
8.0,67.93299865722656,0,46,20000,0,1,9.903487205505371,2116,4.218522071838379
18.0,65.29000091552734,1,51,30000,0,1,10.308952331542969,2601,4.178838729858398
18.0,65.54000091552734,1,66,30000,0,1,10.308952331542969,4356,4.1826605796813965
8.0,64.99099731445312,0,42,20000,0,1,9.903487205505371,1764,4.174248695373535
16.0,65.14099884033203,1,32,8500,40,1,9.047821044921875,1024,4.176554203033447
13.5,66.43699645996094,1,53,30000,25,1,10.308952331542969,2809,4.196254253387451
8.0,66.03800201416016,1,70,30000,0,1,10.308952331542969,4900,4.190230369567871
10.0,65.88899993896484,1,30,20000,30,1,9.903487205505371,900,4.187971591949463
18.0,65.88899993896484,1,42,30000,0,1,10.308952331542969,1764,4.187971591949463
12.0,66.53700256347656,1,69,30000,0,1,10.308952331542969,4761,4.197758197784424
10.0,66.43699645996094,1,18,5500,0,1,8.612503051757812,324,4.196254253387451
12.0,68.18399810791016,1,22,12500,10,1,9.433484077453613,484,4.222209930419922
6.0,66.68699645996094,0,38,20000,40,1,9.903487205505371,1444,4.200009822845459
10.0,66.43699645996094,1,52,20000,20,1,9.903487205505371,2704,4.196254253387451
10.0,65.14099884033203,0,17,30000,0,1,10.308952331542969,289,4.176554203033447
12.0,65.04100036621094,1,46,20000,0,1,9.903487205505371,2116,4.175017833709717
16.0,66.58699798583984,1,46,30000,0,1,10.308952331542969,2116,4.198509216308594
12.0,66.03800201416016,0,35,30000,0,1,10.308952331542969,1225,4.190230369567871
12.0,66.33799743652344,1,22,30000,16,1,10.308952331542969,484,4.194762706756592
12.0,61.54600143432617,1,54,20000,20,0,9.903487205505371,2916,4.119784832000732
12.0,61.183998107910156,1,58,12500,40,0,9.433484077453613,3364,4.113885879516602
10.0,62.012001037597656,1,27,12500,15,0,9.433484077453613,729,4.127327919006348
18.0,61.183998107910156,1,47,20000,40,0,9.903487205505371,2209,4.113885879516602
16.0,62.012001037597656,1,53,30000,40,0,10.308952331542969,2809,4.127327919006348
12.0,65.08200073242188,1,29,8500,10,0,9.047821044921875,841,4.175648212432861
13.5,67.81999969482422,1,29,8500,0,0,9.047821044921875,841,4.216856956481934
13.5,68.19999694824219,1,47,30000,0,0,10.308952331542969,2209,4.222444534301758
8.0,69.4020004272461,0,67,30000,10,0,10.308952331542969,4489,4.23991584777832
18.0,69.4020004272461,0,31,30000,0,0,10.308952331542969,961,4.23991584777832
12.0,67.1240005493164,1,27,8500,0,0,9.047821044921875,729,4.206541538238525
12.0,68.26300048828125,1,34,3500,0,0,8.160518646240234,1156,4.223367691040039
10.0,68.51599884033203,1,25,20000,0,0,9.903487205505371,625,4.227067470550537
12.0,67.81999969482422,1,46,20000,30,0,9.903487205505371,2116,4.216856956481934
16.0,67.81999969482422,0,50,12500,50,0,9.433484077453613,2500,4.216856956481934
6.0,67.75700378417969,1,69,8500,0,0,9.047821044921875,4761,4.215927600860596
13.5,67.81999969482422,1,32,12500,0,0,9.433484077453613,1024,4.216856956481934
12.0,67.69300079345703,1,64,8500,0,0,9.047821044921875,4096,4.214982986450195
15.0,67.9469985961914,1,30,20000,0,0,9.903487205505371,900,4.218728065490723
8.0,68.072998046875,1,78,12500,0,0,9.433484077453613,6084,4.220580577850342
13.5,69.14900207519531,1,46,12500,0,0,9.433484077453613,2116,4.236263751983643
13.5,69.52899932861328,1,49,30000,60,0,10.308952331542969,2401,4.241744041442871
12.0,70.01399993896484,1,30,12500,0,0,9.433484077453613,900,4.248695373535156
10.0,68.83300018310547,0,23,2500,20,0,7.8240461349487305,529,4.231683254241943
12.0,69.4020004272461,1,27,20000,15,0,9.903487205505371,729,4.23991584777832
18.0,68.38999938964844,1,28,30000,20,0,10.308952331542969,784,4.225226402282715
10.0,69.59200286865234,1,26,5500,30,0,8.612503051757812,676,4.242649555206299
6.0,67.69300079345703,1,44,12500,0,0,9.433484077453613,1936,4.214982986450195
13.5,69.4020004272461,1,54,30000,30,0,10.308952331542969,2916,4.23991584777832
12.0,69.84100341796875,1,54,8500,0,0,9.047821044921875,2916,4.24622106552124
12.0,69.89900207519531,1,66,6500,13,0,8.779557228088379,4356,4.247051239013672
18.0,67.88300323486328,1,49,30000,0,0,10.308952331542969,2401,4.217785835266113
16.0,67.44000244140625,0,77,6500,0,0,8.779557228088379,5929,4.211238384246826
12.0,68.89600372314453,1,74,12500,0,0,9.433484077453613,5476,4.232598304748535
18.0,69.46499633789062,0,69,30000,0,0,10.308952331542969,4761,4.240822792053223
13.5,68.64299774169922,1,78,30000,0,0,10.308952331542969,6084,4.22891902923584
13.5,68.38999938964844,1,57,30000,20,0,10.308952331542969,3249,4.225226402282715
8.0,70.12899780273438,1,53,8500,0,0,9.047821044921875,2809,4.250336170196533
16.0,67.31400299072266,1,88,30000,0,0,10.308952331542969,7744,4.2093682289123535
12.0,67.18699645996094,1,79,20000,0,0,9.903487205505371,6241,4.207479953765869
12.0,57.472999572753906,1,21,8500,0,0,9.047821044921875,441,4.0513153076171875
18.0,58.09400177001953,1,30,8500,0,0,9.047821044921875,900,4.0620622634887695
18.0,57.472999572753906,1,39,30000,0,0,10.308952331542969,1521,4.0513153076171875
15.0,59.85200119018555,1,25,500,9,0,6.214608192443848,625,4.091875076293945
10.0,59.130001068115234,1,58,20000,0,0,9.903487205505371,3364,4.079738616943359
13.5,59.130001068115234,1,23,30000,15,0,10.308952331542969,529,4.079738616943359
16.0,59.233001708984375,1,30,20000,28,0,9.903487205505371,900,4.081479072570801
10.0,57.93899917602539,1,31,8500,40,0,9.047821044921875,961,4.059390544891357
16.0,57.472999572753906,1,31,20000,0,0,9.903487205505371,961,4.0513153076171875
16.0,58.09400177001953,1,50,20000,0,0,9.903487205505371,2500,4.0620622634887695
8.0,58.507999420166016,1,20,12500,0,0,9.433484077453613,400,4.0691633224487305
13.5,57.11000061035156,0,24,12500,0,0,9.433484077453613,576,4.044979095458984
12.0,61.987998962402344,1,33,20000,0,0,9.903487205505371,1089,4.126940727233887
16.0,63.555999755859375,1,39,30000,0,0,10.308952331542969,1521,4.151921272277832
13.5,57.465999603271484,0,19,30000,0,0,10.308952331542969,361,4.0511932373046875
12.0,59.43000030517578,1,31,20000,20,0,9.903487205505371,961,4.084799289703369
13.5,60.04199981689453,1,40,30000,50,0,10.308952331542969,1600,4.095044136047363
16.0,59.492000579833984,1,39,12500,0,0,9.433484077453613,1521,4.085841655731201
15.0,59.67599868774414,1,23,5500,7,0,8.612503051757812,529,4.088930130004883
8.0,58.63199996948242,0,71,8500,0,0,9.047821044921875,5041,4.071280479431152
6.0,58.08000183105469,1,54,6500,0,0,8.779557228088379,2916,4.061821460723877
10.0,58.5099983215332,0,33,12500,20,0,9.433484077453613,1089,4.069197654724121
18.0,60.22100067138672,1,30,30000,0,0,10.308952331542969,900,4.098021030426025
12.0,57.834999084472656,1,31,8500,20,0,9.047821044921875,961,4.057594299316406
18.0,60.518001556396484,1,46,30000,0,0,10.308952331542969,2116,4.102941036224365
12.0,59.92100143432617,1,75,20000,0,0,9.903487205505371,5625,4.093027114868164
8.0,58.263999938964844,1,40,30000,20,0,10.308952331542969,1600,4.064984321594238
12.0,59.43000030517578,1,66,12500,0,0,9.433484077453613,4356,4.084799289703369
18.0,59.492000579833984,1,45,30000,40,0,10.308952331542969,2025,4.085841655731201
8.0,59.24599838256836,1,73,8500,0,0,9.047821044921875,5329,4.081698417663574
12.0,57.71200180053711,1,31,20000,30,0,9.903487205505371,961,4.055465221405029
13.5,58.263999938964844,1,27,30000,0,0,10.308952331542969,729,4.064984321594238
10.0,58.63199996948242,0,50,20000,0,0,9.903487205505371,2500,4.071280479431152
12.0,57.71200180053711,1,45,30000,0,0,10.308952331542969,2025,4.055465221405029
12.0,58.263999938964844,0,22,30000,30,0,10.308952331542969,484,4.064984321594238
13.5,59.24599838256836,0,44,30000,0,0,10.308952331542969,1936,4.081698417663574
10.0,58.5099983215332,1,51,30000,5,0,10.308952331542969,2601,4.069197654724121
6.0,58.816001892089844,1,59,3500,0,0,8.160518646240234,3481,4.074413776397705
10.0,58.448001861572266,1,59,20000,0,0,9.903487205505371,3481,4.0681376457214355
12.0,57.650001525878906,1,66,8500,0,0,9.047821044921875,4356,4.0543904304504395
13.5,59.24599838256836,1,35,30000,3,0,10.308952331542969,1225,4.081698417663574
10.0,57.650001525878906,0,17,20000,15,0,9.903487205505371,289,4.0543904304504395
12.0,59.553001403808594,1,35,20000,0,0,9.903487205505371,1225,4.086866855621338
16.0,59.61399841308594,1,30,30000,0,0,10.308952331542969,900,4.087890625
12.0,59.43000030517578,1,23,30000,0,0,10.308952331542969,529,4.084799289703369
8.0,58.14099884033203,1,60,8500,0,0,9.047821044921875,3600,4.062870979309082
18.0,59.24599838256836,1,27,20000,0,0,9.903487205505371,729,4.081698417663574
16.0,57.650001525878906,1,37,20000,0,0,9.903487205505371,1369,4.0543904304504395
15.0,57.957000732421875,0,42,20000,0,0,9.903487205505371,1764,4.059701442718506
8.0,59.92100143432617,1,87,3500,0,0,8.160518646240234,7569,4.093027114868164
13.5,59.61399841308594,1,26,20000,20,0,9.903487205505371,676,4.087890625
12.0,57.404998779296875,1,20,12500,15,0,9.433484077453613,400,4.050131320953369
10.0,58.87799835205078,1,65,12500,0,0,9.433484077453613,4225,4.075467586517334
12.0,59.61399841308594,1,35,30000,20,0,10.308952331542969,1225,4.087890625
18.0,59.000999450683594,0,38,30000,0,0,10.308952331542969,1444,4.077554225921631
10.0,59.185001373291016,1,64,20000,20,0,9.903487205505371,4096,4.080667972564697
10.0,58.263999938964844,1,62,8500,0,0,9.047821044921875,3844,4.064984321594238
12.0,58.694000244140625,1,47,20000,1,0,9.903487205505371,2209,4.072337627410889
10.0,58.08000183105469,1,52,30000,20,0,10.308952331542969,2704,4.061821460723877
13.5,58.57099914550781,0,32,12500,0,0,9.433484077453613,1024,4.070239543914795
16.0,58.448001861572266,1,26,20000,15,0,9.903487205505371,676,4.0681376457214355
18.0,59.553001403808594,1,35,20000,0,0,9.903487205505371,1225,4.086866855621338
16.0,57.71200180053711,1,35,30000,0,0,10.308952331542969,1225,4.055465221405029
10.0,59.0620002746582,1,24,12500,0,0,9.433484077453613,576,4.078587532043457
8.0,59.43000030517578,1,77,20000,1,0,9.903487205505371,5929,4.084799289703369
13.5,58.14099884033203,1,24,4500,20,0,8.411832809448242,576,4.062870979309082
8.0,53.32500076293945,1,63,20000,20,0,9.903487205505371,3969,3.976405382156372
18.0,53.04899978637695,0,58,20000,0,0,9.903487205505371,3364,3.9712159633636475
10.0,52.88800048828125,1,69,3500,0,0,8.160518646240234,4761,3.9681763648986816
13.5,54.38100051879883,0,62,12500,50,0,9.433484077453613,3844,3.9960148334503174
12.0,53.66999816894531,1,27,12500,0,0,9.433484077453613,729,3.982854127883911
13.5,53.04899978637695,1,30,20000,20,0,9.903487205505371,900,3.9712159633636475
10.0,52.79600143432617,1,51,30000,0,0,10.308952331542969,2601,3.966435432434082
12.0,53.11800003051758,1,32,12500,0,0,9.433484077453613,1024,3.972515821456909
10.0,52.819000244140625,1,51,30000,20,0,10.308952331542969,2601,3.9668710231781006
6.0,53.64699935913086,1,53,20000,0,0,9.903487205505371,2809,3.9824254512786865
13.5,53.50899887084961,0,20,20000,0,0,9.903487205505371,400,3.9798498153686523
13.5,53.27899932861328,0,22,12500,40,0,9.433484077453613,484,3.9755423069000244
16.0,52.819000244140625,1,24,30000,0,0,10.308952331542969,576,3.9668710231781006
12.0,53.25600051879883,1,23,6500,0,0,8.779557228088379,529,3.9751105308532715
12.0,52.819000244140625,1,65,30000,0,0,10.308952331542969,4225,3.9668710231781006
8.0,53.233001708984375,1,21,20000,20,0,9.903487205505371,441,3.9746785163879395
8.0,52.97999954223633,1,19,1500,0,0,7.313220500946045,361,3.969914436340332
10.0,53.50899887084961,1,24,12500,20,0,9.433484077453613,576,3.9798498153686523
12.0,53.32500076293945,1,34,20000,30,0,9.903487205505371,1156,3.976405382156372
10.0,52.819000244140625,1,54,8500,6,0,9.047821044921875,2916,3.9668710231781006
18.0,58.141998291015625,1,50,20000,15,0,9.903487205505371,2500,4.062888145446777
13.5,57.9119987487793,1,65,8500,20,0,9.047821044921875,4225,4.058924674987793
12.0,56.900001525878906,1,33,20000,20,0,9.903487205505371,1089,4.041295528411865
8.0,57.68199920654297,1,69,8500,0,0,9.047821044921875,4761,4.05494499206543
15.0,59.23500061035156,1,26,12500,30,0,9.433484077453613,676,4.081512451171875
8.0,57.68199920654297,1,69,8500,0,0,9.047821044921875,4761,4.05494499206543
12.0,56.900001525878906,1,59,30000,20,0,10.308952331542969,3481,4.041295528411865
12.0,57.676998138427734,1,35,12500,20,0,9.433484077453613,1225,4.054858684539795
6.0,58.37799835205078,1,54,8500,0,0,9.047821044921875,2916,4.066938877105713
13.5,55.59600067138672,0,28,12500,0,0,9.433484077453613,784,4.018111228942871
12.0,55.59600067138672,0,28,20000,15,0,9.903487205505371,784,4.018111228942871
10.0,45.28300094604492,1,77,3500,30,0,8.160518646240234,5929,3.812931776046753
12.0,44.058998107910156,1,64,20000,0,0,9.903487205505371,4096,3.785529613494873
10.0,45.56100082397461,1,52,4500,40,0,8.411832809448242,2704,3.819052219390869
10.0,45.28300094604492,1,21,1500,30,0,7.313220500946045,441,3.812931776046753
10.0,45.8390007019043,1,46,30000,0,0,10.308952331542969,2116,3.8251352310180664
12.0,45.22700119018555,1,24,20000,0,0,9.903487205505371,576,3.811694383621216
12.0,45.8390007019043,1,31,8500,30,0,9.047821044921875,961,3.8251352310180664
12.0,44.00400161743164,1,26,8500,0,0,9.047821044921875,676,3.78428053855896
10.0,45.784000396728516,1,79,4500,0,0,8.411832809448242,6241,3.82393479347229
12.0,46.520999908447266,1,53,30000,30,0,10.308952331542969,2809,3.8399038314819336
12.0,58.14899826049805,1,32,12500,40,0,9.433484077453613,1024,4.063008785247803
15.0,60.23500061035156,1,21,5500,0,0,8.612503051757812,441,4.0982537269592285
15.0,58.983001708984375,1,18,20000,0,0,9.903487205505371,324,4.077249526977539
13.5,59.428001403808594,1,30,12500,0,0,9.433484077453613,900,4.084765434265137
12.0,59.37200164794922,1,20,20000,15,0,9.903487205505371,400,4.083822727203369
8.0,56.90399932861328,1,69,12500,40,0,9.433484077453613,4761,4.041365623474121
8.0,58.053001403808594,1,59,30000,20,0,10.308952331542969,3481,4.061356544494629
12.0,57.069000244140625,1,56,30000,30,0,10.308952331542969,3136,4.0442609786987305
18.0,57.17900085449219,1,43,30000,0,0,10.308952331542969,1849,4.046186923980713
10.0,57.433998107910156,1,40,30000,40,0,10.308952331542969,1600,4.050636291503906
16.0,58.79499816894531,1,37,30000,0,0,10.308952331542969,1369,4.074056625366211
10.0,58.255001068115234,1,36,12500,0,0,9.433484077453613,1296,4.0648298263549805
13.5,58.79499816894531,1,28,30000,40,0,10.308952331542969,784,4.074056625366211
12.0,57.87099838256836,1,33,30000,0,0,10.308952331542969,1089,4.058216571807861
16.0,57.28799819946289,1,63,20000,0,0,9.903487205505371,3969,4.048090934753418
8.0,57.834999084472656,1,51,1500,20,0,7.313220500946045,2601,4.057594299316406
12.0,58.79499816894531,1,33,30000,10,0,10.308952331542969,1089,4.074056625366211
13.5,57.069000244140625,1,39,30000,0,0,10.308952331542969,1521,4.0442609786987305
12.0,57.762001037597656,1,21,20000,20,0,9.903487205505371,441,4.056331157684326
13.5,58.255001068115234,1,37,30000,0,0,10.308952331542969,1369,4.0648298263549805
18.0,58.8849983215332,1,70,30000,0,0,10.308952331542969,4900,4.075586318969727
12.0,57.87099838256836,1,20,30000,0,0,10.308952331542969,400,4.058216571807861
16.0,57.069000244140625,1,27,12500,0,0,9.433484077453613,729,4.0442609786987305
16.0,58.8849983215332,1,28,20000,4,0,9.903487205505371,784,4.075586318969727
16.0,66.76100158691406,1,30,20000,0,0,9.903487205505371,900,4.2011189460754395
13.5,65.76699829101562,1,52,20000,20,0,9.903487205505371,2704,4.186118125915527
18.0,65.1989974975586,1,24,12500,0,0,9.433484077453613,576,4.177443981170654
12.0,65.76699829101562,1,71,12500,0,0,9.433484077453613,5041,4.186118125915527
12.0,67.11499786376953,1,39,20000,50,0,9.903487205505371,1521,4.20640754699707
12.0,68.33499908447266,1,19,8500,10,0,9.047821044921875,361,4.224421977996826
13.5,66.9729995727539,1,21,20000,0,0,9.903487205505371,441,4.204289436340332
16.0,67.39900207519531,1,33,3500,0,0,8.160518646240234,1089,4.210630416870117
13.5,66.12200164794922,1,51,20000,0,0,9.903487205505371,2601,4.191501617431641
8.0,65.76699829101562,1,54,30000,20,0,10.308952331542969,2916,4.186118125915527
13.5,67.54100036621094,1,44,20000,25,0,9.903487205505371,1936,4.212734699249268
12.0,67.11499786376953,1,43,30000,0,0,10.308952331542969,1849,4.20640754699707
6.0,65.76699829101562,1,68,5500,0,0,8.612503051757812,4624,4.186118125915527
12.0,66.76100158691406,1,22,20000,0,0,9.903487205505371,484,4.2011189460754395
10.0,65.83799743652344,1,54,30000,40,0,10.308952331542969,2916,4.187197208404541
16.0,67.82499694824219,1,37,30000,30,0,10.308952331542969,1369,4.216930866241455
13.5,66.5479965209961,1,22,30000,15,0,10.308952331542969,484,4.19792366027832
18.0,58.38100051879883,1,65,30000,0,1,10.308952331542969,4225,4.066990375518799
12.0,60.2239990234375,1,30,30000,30,1,10.308952331542969,900,4.098071098327637
12.0,60.2239990234375,1,19,30000,2,1,10.308952331542969,361,4.098071098327637
15.0,60.3489990234375,1,35,30000,0,1,10.308952331542969,1225,4.100144386291504
10.0,59.986000061035156,1,59,30000,0,1,10.308952331542969,3481,4.09411096572876
12.0,58.20199966430664,1,18,1500,0,1,7.313220500946045,324,4.063919544219971
12.0,58.262001037597656,1,44,20000,20,1,9.903487205505371,1936,4.064949989318848
16.0,58.85599899291992,1,37,20000,0,1,9.903487205505371,1369,4.075093746185303
12.0,60.52199935913086,1,37,12500,20,1,9.433484077453613,1369,4.103006839752197
12.0,58.20199966430664,1,19,500,0,1,6.214608192443848,361,4.063919544219971
12.0,58.974998474121094,1,25,20000,0,1,9.903487205505371,625,4.077113628387451
16.0,58.91600036621094,0,31,12500,20,1,9.433484077453613,961,4.076112747192383
12.0,59.986000061035156,1,19,30000,0,1,10.308952331542969,361,4.09411096572876
10.0,58.499000549316406,1,18,30000,0,1,10.308952331542969,324,4.069009780883789
16.0,59.867000579833984,1,28,20000,20,1,9.903487205505371,784,4.092125415802002
18.0,58.38100051879883,1,46,30000,0,1,10.308952331542969,2116,4.066990375518799
12.0,58.262001037597656,1,27,20000,0,1,9.903487205505371,729,4.064949989318848
12.0,57.845001220703125,1,58,20000,0,1,9.903487205505371,3364,4.057766914367676
12.0,60.52199935913086,1,19,30000,0,1,10.308952331542969,361,4.103006839752197
13.5,60.28300094604492,1,30,20000,3,1,9.903487205505371,900,4.099050045013428
13.5,58.73699951171875,1,58,30000,30,1,10.308952331542969,3364,4.073070049285889
6.0,58.02399826049805,1,42,20000,10,1,9.903487205505371,1764,4.060856819152832
13.5,58.08300018310547,1,45,30000,0,1,10.308952331542969,2025,4.061872959136963
10.0,60.43600082397461,1,18,12500,14,1,9.433484077453613,324,4.1015849113464355
12.0,60.55099868774414,0,40,30000,20,1,10.308952331542969,1600,4.103486061096191
13.5,59.986000061035156,1,66,8500,0,1,9.047821044921875,4356,4.09411096572876
12.0,60.2239990234375,1,64,8500,20,1,9.047821044921875,4096,4.098071098327637
12.0,59.986000061035156,0,43,30000,20,1,10.308952331542969,1849,4.09411096572876
10.0,60.55099868774414,1,53,30000,0,1,10.308952331542969,2809,4.103486061096191
16.0,58.797000885009766,1,36,30000,30,1,10.308952331542969,1296,4.074090957641602
13.5,60.49300003051758,1,43,20000,20,1,9.903487205505371,1849,4.102527618408203
18.0,59.56999969482422,1,25,12500,0,1,9.433484077453613,625,4.087152004241943
12.0,60.4640007019043,1,35,30000,0,1,10.308952331542969,1225,4.102047920227051
16.0,62.10200119018555,1,29,30000,0,1,10.308952331542969,841,4.128777980804443
12.0,62.46500015258789,1,18,3500,0,1,8.160518646240234,324,4.13460636138916
12.0,63.19900131225586,1,20,12500,0,1,9.433484077453613,400,4.1462883949279785
12.0,62.34400177001953,1,19,30000,0,1,10.308952331542969,361,4.132667541503906
10.0,62.948001861572266,1,17,30000,0,1,10.308952331542969,289,4.142309188842773
18.0,61.49800109863281,0,29,30000,20,1,10.308952331542969,841,4.119004726409912
8.0,61.45800018310547,1,65,12500,0,1,9.433484077453613,4225,4.118353843688965
12.0,61.49800109863281,1,42,20000,0,1,9.903487205505371,1764,4.119004726409912
16.0,63.25299835205078,1,32,30000,0,1,10.308952331542969,1024,4.14714241027832
18.0,62.948001861572266,1,36,30000,0,1,10.308952331542969,1296,4.142309188842773
16.0,63.25299835205078,1,57,30000,0,1,10.308952331542969,3249,4.14714241027832
12.0,62.46500015258789,1,31,12500,0,1,9.433484077453613,961,4.13460636138916
10.0,62.263999938964844,1,17,20000,0,1,9.903487205505371,289,4.131383419036865
10.0,62.948001861572266,0,17,20000,0,1,9.903487205505371,289,4.142309188842773
8.0,59.375999450683594,1,45,20000,8,0,9.903487205505371,2025,4.083889961242676
12.0,59.62099838256836,1,19,30000,10,0,10.308952331542969,361,4.088007926940918
8.0,54.3380012512207,1,74,5500,0,0,8.612503051757812,5476,3.9952237606048584
12.0,53.65299987792969,1,46,30000,25,0,10.308952331542969,2116,3.982537269592285
13.5,54.92499923706055,1,27,30000,0,0,10.308952331542969,729,4.0059685707092285
12.0,56.29399871826172,1,66,20000,0,0,9.903487205505371,4356,4.030588150024414
16.0,54.92499923706055,1,44,30000,0,0,10.308952331542969,1936,4.0059685707092285
12.0,55.02199935913086,1,33,30000,0,0,10.308952331542969,1089,4.00773286819458
12.0,54.141998291015625,1,64,20000,0,0,9.903487205505371,4096,3.991610288619995
13.5,57.48500061035156,1,54,30000,1,0,10.308952331542969,2916,4.0515241622924805
10.0,57.584999084472656,0,27,12500,30,0,9.433484077453613,729,4.053262233734131
6.0,57.48500061035156,1,75,4500,0,0,8.411832809448242,5625,4.0515241622924805
10.0,53.262001037597656,1,19,8500,0,0,9.047821044921875,361,3.9752230644226074
6.0,56.979000091552734,1,69,2500,20,0,7.8240461349487305,4761,4.042682647705078
12.0,55.707000732421875,1,30,8500,0,0,9.047821044921875,900,4.020105838775635
12.0,56.097999572753906,1,64,12500,0,0,9.433484077453613,4096,4.027100086212158
13.5,57.33599853515625,1,37,30000,0,0,10.308952331542969,1369,4.048928737640381
12.0,54.43600082397461,1,31,30000,0,0,10.308952331542969,961,3.997025728225708
12.0,57.584999084472656,1,30,20000,2,0,9.903487205505371,900,4.053262233734131
6.0,55.01499938964844,1,38,30000,0,1,10.308952331542969,1444,4.007606029510498
12.0,59.65299987792969,1,20,30000,0,1,10.308952331542969,400,4.0885443687438965
12.0,59.65299987792969,1,21,3500,20,1,8.160518646240234,441,4.0885443687438965
12.0,56.80400085449219,1,19,12500,0,1,9.433484077453613,361,4.03960657119751
18.0,58.4640007019043,1,71,12500,0,0,9.433484077453613,5041,4.068411350250244
10.0,63.10300064086914,1,49,20000,18,0,9.903487205505371,2401,4.144768238067627
10.0,55.167999267578125,1,42,8500,0,0,9.047821044921875,1764,4.010383129119873
8.0,55.00699996948242,1,54,12500,10,0,9.433484077453613,2916,4.007460594177246
13.5,55.167999267578125,1,24,20000,20,0,9.903487205505371,576,4.010383129119873
12.0,54.321998596191406,1,60,30000,0,0,10.308952331542969,3600,3.994929313659668
12.0,55.167999267578125,1,54,20000,0,0,9.903487205505371,2916,4.010383129119873
10.0,53.87900161743164,1,28,8500,20,0,9.047821044921875,784,3.986740827560425
8.0,64.99400329589844,1,67,12500,0,0,9.433484077453613,4489,4.174294948577881
12.0,65.55000305175781,1,56,20000,40,0,9.903487205505371,3136,4.1828131675720215
16.0,64.0479965209961,1,36,30000,0,0,10.308952331542969,1296,4.159632682800293
12.0,64.43800354003906,0,25,30000,0,0,10.308952331542969,625,4.165703773498535
13.5,65.8280029296875,1,34,20000,0,0,9.903487205505371,1156,4.187045097351074
10.0,65.6050033569336,1,20,20000,5,0,9.903487205505371,400,4.183651924133301
13.5,64.49299621582031,1,21,30000,10,0,10.308952331542969,441,4.1665568351745605
12.0,64.93800354003906,1,42,8500,0,0,9.047821044921875,1764,4.17343282699585
13.5,64.54900360107422,1,28,12500,20,0,9.433484077453613,784,4.16742467880249
18.0,65.43900299072266,1,29,20000,0,0,9.903487205505371,841,4.181118488311768
8.0,64.99400329589844,1,70,5500,20,0,8.612503051757812,4900,4.174294948577881
12.0,66.3280029296875,1,32,12500,30,0,9.433484077453613,1024,4.1946120262146
13.5,65.77200317382812,0,42,30000,40,0,10.308952331542969,1764,4.18619441986084
10.0,65.16100311279297,1,17,30000,30,0,10.308952331542969,289,4.17686128616333
12.0,66.78399658203125,1,24,20000,0,0,9.903487205505371,576,4.20146369934082
15.0,66.3280029296875,0,64,20000,0,0,9.903487205505371,4096,4.1946120262146
12.0,65.71700286865234,1,57,30000,60,0,10.308952331542969,3249,4.185357570648193
16.0,64.10399627685547,1,51,30000,0,0,10.308952331542969,2601,4.160506725311279
13.5,65.71700286865234,1,29,12500,18,0,9.433484077453613,841,4.185357570648193
10.0,64.43800354003906,1,66,6500,20,0,8.779557228088379,4356,4.165703773498535
13.5,64.38200378417969,1,62,30000,15,0,10.308952331542969,3844,4.164834022521973
16.0,66.3280029296875,1,29,30000,40,0,10.308952331542969,841,4.1946120262146
6.0,65.6050033569336,1,58,8500,0,0,9.047821044921875,3364,4.183651924133301
15.0,65.16100311279297,0,53,20000,0,0,9.903487205505371,2809,4.17686128616333
13.5,65.43900299072266,1,38,30000,0,0,10.308952331542969,1444,4.181118488311768
12.0,64.10399627685547,1,24,20000,0,0,9.903487205505371,576,4.160506725311279
8.0,66.38400268554688,1,59,20000,0,0,9.903487205505371,3481,4.195456027984619
16.0,66.21700286865234,1,30,30000,0,0,10.308952331542969,900,4.19293737411499
8.0,64.38200378417969,1,37,20000,0,0,9.903487205505371,1369,4.164834022521973
12.0,65.99500274658203,1,43,20000,0,0,9.903487205505371,1849,4.189579010009766
12.0,66.16200256347656,0,60,20000,0,0,9.903487205505371,3600,4.192106246948242
10.0,64.99400329589844,1,24,12500,40,0,9.433484077453613,576,4.174294948577881
12.0,64.54900360107422,1,60,12500,0,0,9.433484077453613,3600,4.16742467880249
8.0,62.040000915527344,1,82,4500,0,0,8.411832809448242,6724,4.127779483795166
12.0,64.19200134277344,1,61,20000,0,0,9.903487205505371,3721,4.16187858581543
10.0,64.50700378417969,1,66,30000,0,0,10.308952331542969,4356,4.166773796081543
15.0,61.849998474121094,1,33,30000,0,0,10.308952331542969,1089,4.124711990356445
10.0,64.56400299072266,1,26,20000,19,0,9.903487205505371,676,4.167656898498535
8.0,64.19200134277344,0,85,20000,20,0,9.903487205505371,7225,4.16187858581543
13.5,62.104000091552734,1,32,20000,0,0,9.903487205505371,1024,4.128810405731201
10.0,63.36899948120117,1,27,8500,0,0,9.047821044921875,729,4.148974895477295
12.0,64.12899780273438,1,30,30000,20,0,10.308952331542969,900,4.1608967781066895
12.0,62.67300033569336,1,30,5500,0,0,8.612503051757812,900,4.137930870056152
13.5,63.17900085449219,1,47,30000,0,0,10.308952331542969,2209,4.145971775054932
12.0,61.849998474121094,1,18,6500,0,0,8.779557228088379,324,4.124711990356445
12.0,62.41999816894531,0,20,6500,0,0,8.779557228088379,400,4.133885860443115
18.0,62.547000885009766,1,32,30000,0,0,10.308952331542969,1024,4.135918140411377
18.0,61.97700119018555,1,30,20000,0,0,9.903487205505371,900,4.126763343811035
10.0,63.68600082397461,1,17,20000,0,0,9.903487205505371,289,4.153964996337891
12.0,62.61000061035156,1,22,12500,10,0,9.433484077453613,484,4.136925220489502
13.5,61.7869987487793,1,43,30000,0,0,10.308952331542969,1849,4.123692989349365
10.0,63.305999755859375,1,56,20000,40,0,9.903487205505371,3136,4.147980213165283
6.0,61.97700119018555,1,64,6500,0,0,8.779557228088379,4096,4.126763343811035
6.0,62.92599868774414,1,76,12500,0,0,9.433484077453613,5776,4.141959190368652
12.0,64.00199890136719,1,28,12500,30,0,9.433484077453613,784,4.158914089202881
18.0,64.6510009765625,1,37,30000,0,0,10.308952331542969,1369,4.169003486633301
15.0,63.62200164794922,1,38,20000,0,0,9.903487205505371,1444,4.15295934677124
16.0,62.104000091552734,1,52,20000,20,0,9.903487205505371,2704,4.128810405731201
8.0,63.11600112915039,1,68,12500,0,0,9.433484077453613,4624,4.144974231719971
12.0,62.92599868774414,1,75,12500,0,0,9.433484077453613,5625,4.141959190368652
13.5,61.849998474121094,1,54,30000,20,0,10.308952331542969,2916,4.124711990356445
18.0,61.849998474121094,1,36,30000,40,0,10.308952331542969,1296,4.124711990356445
6.0,62.356998443603516,1,37,4500,0,0,8.411832809448242,1369,4.132875919342041
13.5,62.41999816894531,0,23,12500,28,0,9.433484077453613,529,4.133885860443115
6.0,64.19200134277344,1,36,6500,5,0,8.779557228088379,1296,4.16187858581543
10.0,63.11600112915039,1,44,30000,0,0,10.308952331542969,1936,4.144974231719971
18.0,64.19200134277344,0,56,20000,0,0,9.903487205505371,3136,4.16187858581543
10.0,64.31900024414062,1,64,12500,0,0,9.433484077453613,4096,4.163855075836182
13.5,62.9900016784668,1,45,30000,28,0,10.308952331542969,2025,4.142975807189941
12.0,61.7869987487793,1,56,30000,30,0,10.308952331542969,3136,4.123692989349365
8.0,63.17900085449219,1,62,30000,0,0,10.308952331542969,3844,4.145971775054932
15.0,62.79999923706055,1,62,12500,0,0,9.433484077453613,3844,4.139955043792725
16.0,64.56400299072266,1,52,30000,0,0,10.308952331542969,2704,4.167656898498535
10.0,63.11600112915039,1,18,30000,0,0,10.308952331542969,324,4.144974231719971
12.0,64.06500244140625,1,47,500,0,0,6.214608192443848,2209,4.159898281097412
18.0,63.17900085449219,1,52,30000,0,0,10.308952331542969,2704,4.145971775054932
12.0,64.12899780273438,1,18,20000,0,0,9.903487205505371,324,4.1608967781066895
13.5,64.06500244140625,1,26,12500,20,0,9.433484077453613,676,4.159898281097412
15.0,64.62200164794922,1,22,30000,0,0,10.308952331542969,484,4.168554782867432
6.0,63.11600112915039,1,65,6500,0,0,8.779557228088379,4225,4.144974231719971
12.0,63.875999450683594,1,38,20000,20,0,9.903487205505371,1444,4.1569437980651855
13.5,63.053001403808594,1,20,20000,0,0,9.903487205505371,400,4.143975734710693
16.0,62.040000915527344,1,41,20000,60,0,9.903487205505371,1681,4.127779483795166
16.0,63.305999755859375,1,28,20000,20,0,9.903487205505371,784,4.147980213165283
16.0,62.92599868774414,1,57,20000,0,0,9.903487205505371,3249,4.141959190368652
10.0,63.17900085449219,1,44,8500,7,0,9.047821044921875,1936,4.145971775054932
13.5,64.47799682617188,1,32,20000,0,0,9.903487205505371,1024,4.166324138641357
13.5,64.12899780273438,1,22,8500,15,0,9.047821044921875,484,4.1608967781066895
16.0,64.38200378417969,1,30,30000,0,0,10.308952331542969,900,4.164834022521973
16.0,62.41999816894531,1,30,12500,0,0,9.433484077453613,900,4.133885860443115
10.0,63.053001403808594,1,59,20000,40,0,9.903487205505371,3481,4.143975734710693
6.0,64.00199890136719,1,42,8500,0,0,9.047821044921875,1764,4.158914089202881
10.0,63.43299865722656,1,31,12500,20,0,9.433484077453613,961,4.149984359741211
12.0,63.36899948120117,1,39,20000,0,0,9.903487205505371,1521,4.148974895477295
8.0,63.68600082397461,1,65,12500,0,0,9.433484077453613,4225,4.153964996337891
10.0,62.104000091552734,0,78,12500,10,0,9.433484077453613,6084,4.128810405731201
10.0,63.62200164794922,0,17,4500,0,0,8.411832809448242,289,4.15295934677124
18.0,63.558998107910156,1,34,30000,0,0,10.308952331542969,1156,4.151968479156494
16.0,64.6510009765625,1,39,30000,0,0,10.308952331542969,1521,4.169003486633301
10.0,62.79999923706055,1,49,12500,0,0,9.433484077453613,2401,4.139955043792725
12.0,64.19200134277344,1,51,30000,0,0,10.308952331542969,2601,4.16187858581543
12.0,61.849998474121094,1,19,20000,0,0,9.903487205505371,361,4.124711990356445
12.0,63.558998107910156,1,26,20000,30,0,9.903487205505371,676,4.151968479156494
12.0,62.292999267578125,1,82,6500,0,0,8.779557228088379,6724,4.1318488121032715
12.0,64.12899780273438,1,38,3500,10,0,8.160518646240234,1444,4.1608967781066895
12.0,62.79999923706055,1,32,20000,30,0,9.903487205505371,1024,4.139955043792725
10.0,61.7239990234375,1,27,3500,30,0,8.160518646240234,729,4.122673034667969
12.0,64.56400299072266,1,35,20000,0,0,9.903487205505371,1225,4.167656898498535
10.0,63.749000549316406,1,54,20000,0,0,9.903487205505371,2916,4.154953479766846
12.0,61.97700119018555,1,37,30000,20,0,10.308952331542969,1369,4.126763343811035
10.0,64.6510009765625,0,60,12500,10,0,9.433484077453613,3600,4.169003486633301
10.0,63.43299865722656,1,17,30000,11,0,10.308952331542969,289,4.149984359741211
16.0,64.56400299072266,1,28,20000,40,0,9.903487205505371,784,4.167656898498535
8.0,62.16699981689453,1,35,12500,40,0,9.433484077453613,1225,4.129824161529541
10.0,64.00199890136719,1,40,8500,20,0,9.047821044921875,1600,4.158914089202881
6.0,64.12899780273438,1,24,3500,0,0,8.160518646240234,576,4.1608967781066895
18.0,63.749000549316406,1,41,30000,0,0,10.308952331542969,1681,4.154953479766846
8.0,61.7869987487793,0,47,20000,0,0,9.903487205505371,2209,4.123692989349365
13.5,46.31399917602539,1,22,6500,0,0,8.779557228088379,484,3.835444211959839
18.0,44.72600173950195,1,29,20000,0,0,9.903487205505371,841,3.8005549907684326
10.0,44.38100051879883,1,17,30000,30,0,10.308952331542969,289,3.792811393737793
13.5,47.64799880981445,0,40,30000,40,0,10.308952331542969,1600,3.8638405799865723
13.5,46.31399917602539,1,32,8500,10,0,9.047821044921875,1024,3.835444211959839
13.5,47.00400161743164,1,47,30000,0,0,10.308952331542969,2209,3.8502328395843506
10.0,46.659000396728516,1,58,20000,20,0,9.903487205505371,3364,3.8428659439086914
18.0,44.45000076293945,1,74,30000,0,0,10.308952331542969,5476,3.7943649291992188
12.0,47.492000579833984,1,49,30000,20,0,10.308952331542969,2401,3.8605613708496094
6.0,47.21099853515625,1,69,5500,0,0,8.612503051757812,4761,3.8546268939971924
16.0,47.21099853515625,1,25,12500,0,0,9.433484077453613,625,3.8546268939971924
6.0,45.27799987792969,1,71,1500,0,0,7.313220500946045,5041,3.81282114982605
12.0,57.35200119018555,1,66,6500,1,0,8.779557228088379,4356,4.04920768737793
10.0,57.4900016784668,1,25,12500,20,0,9.433484077453613,625,4.051610946655273
10.0,59.1510009765625,1,50,20000,0,0,9.903487205505371,2500,4.0800933837890625
13.5,57.029998779296875,1,19,2500,0,0,7.8240461349487305,361,4.043577194213867
6.0,57.167999267578125,1,28,3500,3,0,8.160518646240234,784,4.045994281768799
15.0,58.99599838256836,1,22,12500,0,0,9.433484077453613,484,4.077469825744629
13.5,58.0880012512207,1,49,30000,20,0,10.308952331542969,2401,4.061959266662598
12.0,57.5359992980957,1,39,20000,20,0,9.903487205505371,1521,4.05241060256958
10.0,58.64099884033203,1,19,3500,9,0,8.160518646240234,361,4.071434020996094
12.0,57.8120002746582,1,60,30000,0,0,10.308952331542969,3600,4.057196140289307
18.0,58.180999755859375,1,37,20000,18,0,9.903487205505371,1369,4.063559055328369
12.0,58.0880012512207,1,62,12500,0,0,9.433484077453613,3844,4.061959266662598
12.0,58.891998291015625,1,20,1500,0,0,7.313220500946045,400,4.075705051422119
16.0,58.1349983215332,1,23,4500,1,0,8.411832809448242,529,4.06276798248291
10.0,56.84600067138672,1,45,20000,60,0,9.903487205505371,2025,4.040345668792725
12.0,57.39799880981445,1,28,30000,40,0,10.308952331542969,784,4.050009250640869
12.0,59.1510009765625,1,20,30000,6,0,10.308952331542969,400,4.0800933837890625
12.0,58.319000244140625,1,51,20000,0,0,9.903487205505371,2601,4.065927982330322
12.0,57.39799880981445,1,62,6500,0,0,8.779557228088379,3844,4.050009250640869
12.0,59.04800033569336,1,55,30000,0,0,10.308952331542969,3025,4.07835054397583
16.0,58.180999755859375,1,26,12500,0,0,9.433484077453613,676,4.063559055328369
12.0,58.0880012512207,0,41,20000,10,0,9.903487205505371,1681,4.061959266662598
13.5,58.22700119018555,1,67,12500,0,0,9.433484077453613,4489,4.064349174499512
10.0,57.39799880981445,1,19,30000,20,0,10.308952331542969,361,4.050009250640869
18.0,56.75400161743164,1,33,20000,0,0,9.903487205505371,1089,4.038726329803467
18.0,57.39799880981445,1,29,12500,0,0,9.433484077453613,841,4.050009250640869
12.0,57.444000244140625,1,49,20000,20,0,9.903487205505371,2401,4.05081033706665
12.0,59.04800033569336,1,29,3500,20,0,8.160518646240234,841,4.07835054397583
15.0,58.840999603271484,1,32,20000,0,0,9.903487205505371,1024,4.074839115142822
16.0,57.8120002746582,1,31,30000,60,0,10.308952331542969,961,4.057196140289307
10.0,57.90399932861328,1,17,20000,50,0,9.903487205505371,289,4.058786392211914
13.5,57.5359992980957,1,33,20000,0,0,9.903487205505371,1089,4.05241060256958
12.0,58.73699951171875,1,21,12500,0,0,9.433484077453613,441,4.073070049285889
10.0,58.319000244140625,1,59,20000,30,0,9.903487205505371,3481,4.065927982330322
13.5,56.98400115966797,1,25,30000,20,0,10.308952331542969,625,4.0427703857421875
8.0,57.39799880981445,1,32,30000,60,0,10.308952331542969,1024,4.050009250640869
12.0,58.4109992980957,1,25,20000,0,0,9.903487205505371,625,4.067504405975342
13.5,58.73699951171875,1,61,6500,40,0,8.779557228088379,3721,4.073070049285889
18.0,58.891998291015625,1,66,30000,0,0,10.308952331542969,4356,4.075705051422119
10.0,57.39799880981445,1,22,12500,25,0,9.433484077453613,484,4.050009250640869
12.0,57.4900016784668,1,24,6500,10,0,8.779557228088379,576,4.051610946655273
18.0,58.1349983215332,1,43,30000,0,0,10.308952331542969,1849,4.06276798248291
12.0,59.04800033569336,1,51,20000,0,0,9.903487205505371,2601,4.07835054397583
16.0,57.8120002746582,1,45,30000,0,0,10.308952331542969,2025,4.057196140289307
12.0,58.840999603271484,1,45,20000,0,0,9.903487205505371,2025,4.074839115142822
18.0,57.39799880981445,1,66,8500,0,0,9.047821044921875,4356,4.050009250640869
12.0,58.891998291015625,0,38,30000,0,0,10.308952331542969,1444,4.075705051422119
10.0,56.84600067138672,1,49,20000,30,0,9.903487205505371,2401,4.040345668792725
13.5,57.444000244140625,1,29,8500,1,0,9.047821044921875,841,4.05081033706665
16.0,56.84600067138672,1,45,30000,33,0,10.308952331542969,2025,4.040345668792725
18.0,60.87300109863281,1,43,30000,80,0,10.308952331542969,1849,4.108789920806885
12.0,61.15599822998047,1,49,30000,0,0,10.308952331542969,2401,4.113428115844727
13.5,62.71799850463867,1,20,30000,0,0,10.308952331542969,400,4.138648509979248
13.5,63.27299880981445,1,41,20000,20,0,9.903487205505371,1681,4.147458553314209
12.0,58.459999084472656,1,31,20000,0,0,9.903487205505371,961,4.068342685699463
13.5,60.020999908447266,1,28,12500,0,0,9.433484077453613,784,4.0946946144104
12.0,59.02799987792969,1,36,12500,0,0,9.433484077453613,1296,4.078011989593506
18.0,54.42900085449219,0,37,20000,0,0,9.903487205505371,1369,3.9968972206115723
12.0,53.34400177001953,1,18,500,0,0,6.214608192443848,324,3.97676157951355
15.0,52.57899856567383,1,22,2500,0,0,7.8240461349487305,484,3.9623167514801025
18.0,52.70000076293945,1,33,20000,0,0,9.903487205505371,1089,3.9646155834198
10.0,53.143001556396484,1,76,4500,0,0,8.411832809448242,5776,3.9729864597320557
13.5,52.70000076293945,1,34,20000,0,0,9.903487205505371,1156,3.9646155834198
13.5,60.7859992980957,0,78,2500,0,0,7.8240461349487305,6084,4.107359409332275
12.0,60.9739990234375,1,31,3500,15,0,8.160518646240234,961,4.110447406768799
10.0,61.26900100708008,1,42,12500,0,0,9.433484077453613,1764,4.115273952484131
18.0,61.215999603271484,1,32,5500,10,0,8.612503051757812,1024,4.114408493041992
8.0,60.74599838256836,1,80,12500,0,0,9.433484077453613,6400,4.106701374053955
12.0,61.750999450683594,1,40,8500,10,0,9.047821044921875,1600,4.123110294342041
16.0,61.242000579833984,1,53,30000,0,0,10.308952331542969,2809,4.114833354949951
6.0,60.82600021362305,0,82,12500,0,0,9.433484077453613,6724,4.108017444610596
6.0,61.05500030517578,1,18,8500,11,0,9.047821044921875,324,4.111774921417236
8.0,61.08100128173828,0,46,12500,10,0,9.433484077453613,2116,4.112200736999512
12.0,61.20199966430664,1,60,20000,0,0,9.903487205505371,3600,4.114180088043213
8.0,61.683998107910156,1,78,6500,0,0,8.779557228088379,6084,4.1220245361328125
12.0,60.946998596191406,1,47,30000,0,0,10.308952331542969,2209,4.110004425048828
10.0,60.8129997253418,1,17,30000,0,0,10.308952331542969,289,4.1078033447265625
12.0,60.75899887084961,1,27,20000,2,0,9.903487205505371,729,4.10691499710083
18.0,61.242000579833984,1,48,30000,0,0,10.308952331542969,2304,4.114833354949951
18.0,61.02799987792969,1,39,30000,0,0,10.308952331542969,1521,4.111332893371582
12.0,61.229000091552734,1,25,30000,0,0,10.308952331542969,625,4.114621162414551
12.0,61.8849983215332,1,30,3500,10,0,8.160518646240234,900,4.125277996063232
18.0,60.74599838256836,1,59,20000,0,0,9.903487205505371,3481,4.106701374053955
16.0,61.04100036621094,1,47,30000,0,0,10.308952331542969,2209,4.111545562744141
12.0,61.18899917602539,1,32,8500,20,0,9.047821044921875,1024,4.113967418670654
10.0,61.18899917602539,1,17,20000,20,0,9.903487205505371,289,4.113967418670654
13.5,60.7859992980957,1,23,30000,0,0,10.308952331542969,529,4.107359409332275
12.0,61.25600051879883,1,20,12500,0,0,9.433484077453613,400,4.1150617599487305
13.5,60.9739990234375,1,32,20000,0,0,9.903487205505371,1024,4.110447406768799
13.5,61.000999450683594,1,19,30000,10,0,10.308952331542969,361,4.1108903884887695
12.0,61.095001220703125,1,23,20000,0,0,9.903487205505371,529,4.112430095672607
10.0,61.229000091552734,1,18,6500,0,0,8.779557228088379,324,4.114621162414551
12.0,61.229000091552734,1,54,20000,30,0,9.903487205505371,2916,4.114621162414551
12.0,60.946998596191406,1,65,20000,20,0,9.903487205505371,4225,4.110004425048828
8.0,60.9739990234375,1,55,6500,0,0,8.779557228088379,3025,4.110447406768799
12.0,61.000999450683594,1,29,30000,30,0,10.308952331542969,841,4.1108903884887695
12.0,61.8849983215332,0,19,5500,8,0,8.612503051757812,361,4.125277996063232
16.0,60.7859992980957,1,27,12500,0,0,9.433484077453613,729,4.107359409332275
12.0,61.25600051879883,1,26,12500,35,0,9.433484077453613,676,4.1150617599487305
10.0,61.18899917602539,1,59,30000,20,0,10.308952331542969,3481,4.113967418670654
12.0,60.731998443603516,1,25,20000,0,0,9.903487205505371,625,4.106470584869385
16.0,61.04100036621094,1,78,12500,0,0,9.433484077453613,6084,4.111545562744141
6.0,60.82600021362305,1,69,6500,20,0,8.779557228088379,4761,4.108017444610596
10.0,61.215999603271484,1,58,20000,0,0,9.903487205505371,3364,4.114408493041992
15.0,51.0,1,24,12500,0,0,9.433484077453613,576,3.931825637817383
12.0,51.0,1,54,12500,0,0,9.433484077453613,2916,3.931825637817383
12.0,51.0,1,48,20000,0,0,9.903487205505371,2304,3.931825637817383
12.0,51.040000915527344,1,59,30000,30,0,10.308952331542969,3481,3.9326095581054688
10.0,51.040000915527344,1,38,20000,40,0,9.903487205505371,1444,3.9326095581054688
16.0,50.91899871826172,1,29,30000,0,0,10.308952331542969,841,3.9302361011505127
12.0,51.44300079345703,1,33,12500,50,0,9.433484077453613,1089,3.940474510192871
6.0,51.0,1,32,2500,0,0,7.8240461349487305,1024,3.931825637817383
18.0,57.981998443603516,1,36,30000,0,0,10.308952331542969,1296,4.0601325035095215
6.0,59.99599838256836,0,49,30000,20,0,10.308952331542969,2401,4.094277858734131
16.0,58.040000915527344,1,69,20000,0,0,9.903487205505371,4761,4.061132431030273
12.0,60.86800003051758,0,18,30000,20,0,10.308952331542969,324,4.108707427978516
18.0,57.981998443603516,1,72,20000,0,0,9.903487205505371,5184,4.0601325035095215
18.0,60.803001403808594,1,35,12500,40,0,9.433484077453613,1225,4.107639312744141
8.0,58.78799819946289,0,71,1500,0,0,7.313220500946045,5041,4.073937892913818
13.5,58.6150016784668,1,47,30000,0,0,10.308952331542969,2209,4.070990562438965
12.0,58.44200134277344,1,20,500,0,0,6.214608192443848,400,4.068034648895264
12.0,60.167999267578125,1,43,20000,0,0,9.903487205505371,1849,4.097140789031982
12.0,60.34700012207031,1,65,4500,0,0,8.411832809448242,4225,4.10011100769043
8.0,60.22600173950195,1,23,2500,10,0,7.8240461349487305,529,4.098104000091553
12.0,59.99599838256836,1,44,30000,40,0,10.308952331542969,1936,4.094277858734131
13.5,63.98899841308594,0,28,20000,0,0,9.903487205505371,784,4.158710956573486
18.0,64.23500061035156,1,67,20000,0,0,9.903487205505371,4489,4.162548065185547
13.5,62.858001708984375,1,32,12500,0,0,9.433484077453613,1024,4.140878200531006
8.0,63.51900100708008,1,37,20000,0,0,9.903487205505371,1369,4.151339054107666
13.5,63.928001403808594,1,32,12500,4,0,9.433484077453613,1024,4.15775728225708
6.0,63.57699966430664,1,57,20000,0,0,9.903487205505371,3249,4.152251720428467
10.0,63.14500045776367,1,55,20000,30,0,9.903487205505371,3025,4.1454339027404785
12.0,63.66299819946289,1,31,30000,0,0,10.308952331542969,961,4.153603553771973
12.0,63.0880012512207,1,57,30000,0,0,10.308952331542969,3249,4.144530773162842
13.5,63.74399948120117,0,54,30000,0,0,10.308952331542969,2916,4.1548752784729
16.0,63.98899841308594,0,24,20000,25,0,9.903487205505371,576,4.158710956573486
13.5,63.69200134277344,1,33,12500,0,0,9.433484077453613,1089,4.154058933258057
16.0,62.82899856567383,1,49,30000,0,0,10.308952331542969,2401,4.140416622161865
10.0,63.54800033569336,1,19,12500,0,0,9.433484077453613,361,4.151795387268066
16.0,62.56999969482422,1,50,8500,20,0,9.047821044921875,2500,4.136285781860352
18.0,62.82899856567383,1,58,30000,0,0,10.308952331542969,3364,4.140416622161865
10.0,62.972999572753906,1,65,20000,0,0,9.903487205505371,4225,4.142705917358398
10.0,64.23500061035156,1,18,8500,0,0,9.047821044921875,324,4.162548065185547
12.0,63.231998443603516,1,31,30000,20,0,10.308952331542969,961,4.146810531616211
12.0,62.82899856567383,1,34,20000,0,0,9.903487205505371,1156,4.140416622161865
12.0,63.4900016784668,1,55,30000,0,0,10.308952331542969,3025,4.150882244110107
16.0,63.2599983215332,1,28,12500,0,0,9.433484077453613,784,4.147253036499023
12.0,62.54100036621094,1,65,8500,20,0,9.047821044921875,4225,4.135822296142578
8.0,63.928001403808594,0,68,5500,15,0,8.612503051757812,4624,4.15775728225708
13.5,62.82899856567383,1,29,30000,0,0,10.308952331542969,841,4.140416622161865
12.0,62.65599822998047,0,29,20000,10,0,9.903487205505371,841,4.137659549713135
12.0,62.858001708984375,1,61,8500,0,0,9.047821044921875,3721,4.140878200531006
16.0,63.375,1,45,30000,0,0,10.308952331542969,2025,4.149069309234619
15.0,63.31800079345703,1,66,20000,0,0,9.903487205505371,4356,4.14816951751709
12.0,63.54800033569336,1,18,30000,0,0,10.308952331542969,324,4.151795387268066
16.0,62.685001373291016,1,44,30000,40,0,10.308952331542969,1936,4.138122081756592
12.0,62.742000579833984,1,41,20000,0,0,9.903487205505371,1681,4.139030933380127
6.0,62.82899856567383,1,31,8500,0,0,9.047821044921875,961,4.140416622161865
12.0,63.57699966430664,1,61,4500,40,0,8.411832809448242,3721,4.152251720428467
10.0,63.231998443603516,1,29,20000,0,0,9.903487205505371,841,4.146810531616211
13.5,62.56999969482422,1,70,3500,12,0,8.160518646240234,4900,4.136285781860352
6.0,63.69200134277344,1,49,5500,20,0,8.612503051757812,2401,4.154058933258057
16.0,62.88600158691406,0,35,20000,0,0,9.903487205505371,1225,4.141323566436768
12.0,63.202999114990234,1,28,20000,15,0,9.903487205505371,784,4.1463518142700195
12.0,63.54800033569336,0,30,20000,0,0,9.903487205505371,900,4.151795387268066
13.5,63.98899841308594,0,23,12500,0,0,9.433484077453613,529,4.158710956573486
12.0,62.770999908447266,1,35,20000,0,0,9.903487205505371,1225,4.139492988586426
12.0,63.2599983215332,1,24,8500,0,0,9.047821044921875,576,4.147253036499023
16.0,63.66299819946289,0,22,30000,0,0,10.308952331542969,484,4.153603553771973
10.0,63.66299819946289,1,49,30000,0,0,10.308952331542969,2401,4.153603553771973
12.0,63.231998443603516,1,38,30000,30,0,10.308952331542969,1444,4.146810531616211
12.0,56.17399978637695,0,22,30000,0,1,10.308952331542969,484,4.028453826904297
16.0,56.5099983215332,0,45,20000,0,1,9.903487205505371,2025,4.034417629241943
18.0,56.17399978637695,0,39,30000,0,1,10.308952331542969,1521,4.028453826904297
15.0,54.630001068115234,1,61,12500,0,1,9.433484077453613,3721,4.000583171844482
12.0,54.763999938964844,1,19,30000,0,1,10.308952331542969,361,4.00303316116333
18.0,56.17399978637695,1,36,20000,0,1,9.903487205505371,1296,4.028453826904297
10.0,54.763999938964844,1,21,30000,0,1,10.308952331542969,441,4.00303316116333
16.0,54.630001068115234,1,38,30000,0,1,10.308952331542969,1444,4.000583171844482
12.0,46.93199920654297,1,39,30000,0,0,10.308952331542969,1521,3.8486998081207275
18.0,47.03499984741211,1,29,20000,0,0,9.903487205505371,841,3.8508920669555664
13.5,48.79800033569336,1,44,30000,0,0,10.308952331542969,1936,3.8876893520355225
12.0,46.310001373291016,1,46,30000,10,0,10.308952331542969,2116,3.835357904434204
13.5,47.65700149536133,1,26,30000,0,0,10.308952331542969,676,3.8640296459198
13.5,48.07099914550781,1,30,20000,0,0,9.903487205505371,900,3.8726789951324463
12.0,47.34600067138672,1,47,20000,40,0,9.903487205505371,2209,3.857482433319092
6.0,48.54499816894531,1,64,20000,0,0,9.903487205505371,4096,3.882491111755371
12.0,47.500999450683594,1,18,20000,5,0,9.903487205505371,324,3.860750675201416
12.0,47.34600067138672,1,37,12500,20,0,9.433484077453613,1369,3.857482433319092
10.0,47.60499954223633,0,67,12500,0,0,9.433484077453613,4489,3.8629376888275146
10.0,47.8120002746582,1,29,20000,20,0,9.903487205505371,841,3.867276668548584
18.0,46.465999603271484,1,60,30000,5,0,10.308952331542969,3600,3.8387207984924316
12.0,46.7760009765625,1,39,20000,0,0,9.903487205505371,1521,3.845370292663574
13.5,46.310001373291016,1,59,20000,15,0,9.903487205505371,3481,3.835357904434204
6.0,46.518001556396484,1,75,1500,0,0,7.313220500946045,5625,3.839839458465576
12.0,48.54499816894531,1,19,30000,15,0,10.308952331542969,361,3.882491111755371
13.5,63.45000076293945,1,27,20000,6,0,9.903487205505371,729,4.150252342224121
13.5,62.22700119018555,1,62,20000,0,0,9.903487205505371,3844,4.130788803100586
12.0,63.112998962402344,1,63,30000,20,0,10.308952331542969,3969,4.14492654800415
12.0,63.40800094604492,1,60,30000,0,0,10.308952331542969,3600,4.149590015411377
12.0,62.86000061035156,1,46,30000,20,0,10.308952331542969,2116,4.1409101486206055
12.0,62.22700119018555,1,28,6500,0,0,8.779557228088379,784,4.130788803100586
13.5,62.22700119018555,1,20,20000,15,0,9.903487205505371,400,4.130788803100586
12.0,63.36600112915039,1,50,20000,0,0,9.903487205505371,2500,4.148927688598633
15.0,62.099998474121094,1,43,30000,0,0,10.308952331542969,1849,4.128746032714844
12.0,63.36600112915039,1,45,30000,55,0,10.308952331542969,2025,4.148927688598633
12.0,63.28200149536133,1,62,6500,0,0,8.779557228088379,3844,4.147601127624512
6.0,63.28200149536133,1,70,4500,12,0,8.411832809448242,4900,4.147601127624512
12.0,64.16100311279297,1,58,12500,0,0,9.433484077453613,3364,4.16139554977417
12.0,64.10700225830078,1,21,30000,0,0,10.308952331542969,441,4.160553455352783
13.5,63.02799987792969,1,27,1500,0,0,7.313220500946045,729,4.143579006195068
18.0,64.21399688720703,1,47,30000,0,0,10.308952331542969,2209,4.162221431732178
10.0,63.999000549316406,1,68,12500,0,0,9.433484077453613,4624,4.158867359161377
10.0,63.28200149536133,1,17,30000,2,0,10.308952331542969,289,4.147601127624512
16.0,62.22700119018555,1,35,20000,0,0,9.903487205505371,1225,4.130788803100586
12.0,62.691001892089844,1,37,30000,0,0,10.308952331542969,1369,4.138217926025391
16.0,63.8380012512207,1,30,20000,20,0,9.903487205505371,900,4.156348705291748
10.0,63.40800094604492,1,19,30000,0,0,10.308952331542969,361,4.149590015411377
12.0,63.49300003051758,1,54,12500,30,0,9.433484077453613,2916,4.1509294509887695
12.0,63.8380012512207,1,41,30000,10,0,10.308952331542969,1681,4.156348705291748
12.0,62.22700119018555,1,34,30000,0,0,10.308952331542969,1156,4.130788803100586
13.5,62.691001892089844,1,28,6500,20,0,8.779557228088379,784,4.138217926025391
13.5,62.185001373291016,1,26,20000,30,0,9.903487205505371,676,4.13011360168457
12.0,62.47999954223633,1,18,30000,0,0,10.308952331542969,324,4.1348466873168945
12.0,62.86800003051758,1,19,20000,0,0,9.903487205505371,361,4.141037464141846
6.0,61.250999450683594,1,29,20000,0,0,9.903487205505371,841,4.114980220794678
8.0,59.987998962402344,1,60,12500,15,0,9.433484077453613,3600,4.094144344329834
18.0,61.393001556396484,1,50,20000,0,0,9.903487205505371,2500,4.117295742034912
12.0,60.707000732421875,1,52,20000,40,0,9.903487205505371,2704,4.1060590744018555
15.0,61.250999450683594,1,22,30000,5,0,10.308952331542969,484,4.114980220794678
10.0,60.0359992980957,1,38,20000,40,0,9.903487205505371,1444,4.094944477081299
10.0,60.22700119018555,1,63,12500,0,0,9.433484077453613,3969,4.09812068939209
16.0,60.994998931884766,1,23,12500,0,0,9.433484077453613,529,4.1107916831970215
18.0,61.81800079345703,0,52,30000,20,0,10.308952331542969,2704,4.124194622039795
18.0,61.67599868774414,1,31,12500,0,0,9.433484077453613,961,4.121894836425781
16.0,60.707000732421875,1,30,20000,0,0,9.903487205505371,900,4.1060590744018555
10.0,59.987998962402344,1,18,20000,0,0,9.903487205505371,324,4.094144344329834
10.0,59.652000427246094,1,47,30000,20,0,10.308952331542969,2209,4.088527679443359
