state,district,democ,vote90,vote88,inexp90,chexp90,inexp88,chexp88,prtystr,rptchall,tenure,lawyer,linexp90,lchexp90,linexp88,lchexp88,incshr90,incshr88,cvote,clinexp,clchexp,cincshr,win88,win90,cwin
AL,2,0,51,94,596096.0,163663.0,234923.0,,62,0,26,1,13.29815673828125,12.00556468963623,12.367012977600098,,78.45856475830078,,-43,0.9311437606811523,,,1,1,0
AL,3,1,74,65,176550.0,22989.0,679297.0,443927.0,65,0,1,0,12.08135986328125,10.042771339416504,13.428813934326172,13.00341510772705,88.47894287109375,60.4774284362793,9,-1.3474540710449219,-2.960643768310547,28.001514434814453,1,1,0
AL,7,1,71,68,238446.0,58952.0,328296.0,8737.0,41,0,4,1,12.381897926330566,10.984478950500488,12.70167064666748,9.075322151184082,80.17740631103516,97.40766906738281,3,-0.31977272033691406,1.9091567993164062,-17.230262756347656,1,1,0
AK,1,0,52,62,564759.0,164732.0,626377.0,402477.0,60,0,17,0,13.24415397644043,12.012075424194336,13.347707748413086,12.905393600463867,77.41822814941406,60.881038665771484,-10,-0.10355377197265625,-0.8933181762695312,16.537189483642578,1,1,0
AZ,2,1,66,73,112373.0,1445.0,99607.0,3065.0,55,1,29,1,11.629578590393066,7.275864601135254,11.508987426757812,8.027802467346191,98.73043060302734,97.01476287841797,-7,0.1205911636352539,-0.7519378662109375,1.715667724609375,1,1,0
AZ,3,0,57,69,225149.0,9353.0,319690.0,26281.0,64,0,14,0,12.324517250061035,9.143452644348145,12.6751070022583,10.17660140991211,96.01155090332031,92.40370178222656,-12,-0.3505897521972656,-1.0331487655639648,3.60784912109375,1,1,0
AZ,4,0,61,87,442366.0,38851.0,316476.0,,65,0,4,1,12.999893188476562,10.567488670349121,12.665002822875977,,91.926513671875,,-26,0.33489036560058594,,,1,1,0
AR,3,0,71,75,105354.0,15730.0,159221.0,60054.0,66,0,24,0,11.565081596374512,9.663325309753418,11.978048324584961,11.002999305725098,87.00901794433594,72.61247253417969,-4,-0.4129667282104492,-1.3396739959716797,14.39654541015625,1,1,0
AR,4,1,72,69,480853.0,511.0,570155.0,21393.0,46,0,12,1,13.083316802978516,6.236369609832764,13.253663063049316,9.970819473266602,99.89384460449219,96.38355255126953,3,-0.17034626007080078,-3.734449863433838,3.5102920532226562,1,1,0
CA,2,0,64,59,515020.0,5951.0,696748.0,193915.0,58,0,4,0,13.151961326599121,8.691314697265625,13.454178810119629,12.175175666809082,98.85771179199219,78.22801971435547,5,-0.3022174835205078,-3.483860969543457,20.62969207763672,1,1,0
CA,3,1,60,71,734005.0,4628.0,638688.0,7695.0,49,1,12,1,13.506271362304688,8.43988037109375,13.367171287536621,8.948326110839844,99.3734359741211,98.80953216552734,-11,0.1391000747680664,-0.5084457397460938,0.56390380859375,1,1,0
CA,5,1,77,76,440973.0,154858.0,616936.0,19245.0,71,0,3,0,12.996739387512207,11.950263977050781,13.332520484924316,9.865006446838379,74.0097427368164,96.97491455078125,1,-0.3357810974121094,2.0852575302124023,-22.965171813964844,1,1,0
CA,6,1,68,73,655402.0,32724.0,351687.0,50532.0,64,0,8,0,13.393004417419434,10.395864486694336,12.77049732208252,10.830362319946289,95.24447631835938,87.43669128417969,-5,0.6225070953369141,-0.4344978332519531,7.8077850341796875,1,1,0
CA,7,1,61,68,448026.0,47912.0,269887.0,14710.0,53,0,16,1,13.012606620788574,10.777121543884277,12.505758285522461,9.596282958984375,90.339111328125,94.83129119873047,-7,0.5068483352661133,1.1808385848999023,-4.492179870605469,1,1,0
CA,9,1,58,73,300996.0,210089.0,410540.0,,57,0,18,0,12.614851951599121,12.25528621673584,12.9252290725708,,58.893531799316406,,-15,-0.3103771209716797,,,1,1,0
CA,10,1,63,86,209243.0,2581.0,173537.0,,55,0,28,1,12.251251220703125,7.855932235717773,12.064146041870117,,98.78153228759766,,-23,0.1871051788330078,,,1,1,0
CA,11,1,66,71,620782.0,97030.0,269510.0,95575.0,58,1,10,0,13.338735580444336,11.482775688171387,12.504361152648926,11.467666625976562,86.48253631591797,73.8211669921875,-5,0.8343744277954102,0.015109062194824219,12.661369323730469,1,1,0
CA,12,0,61,52,685135.0,103839.0,1440639.0,1089570.0,49,0,2,1,13.437371253967285,11.550597190856934,14.180597305297852,13.901293754577637,86.83872985839844,56.93754959106445,9,-0.7432260513305664,-2.350696563720703,29.901180267333984,1,1,0
CA,16,1,74,79,272710.0,23849.0,252336.0,69563.0,54,0,14,1,12.51616382598877,10.079497337341309,12.438516616821289,11.149988174438477,91.95809173583984,78.38980865478516,-5,0.07764720916748047,-1.070490837097168,13.568283081054688,1,1,0
CA,17,0,45,72,622184.0,538354.0,206677.0,5227.0,59,0,,,13.340991020202637,13.196271896362305,12.238912582397461,8.561593055725098,53.61168670654297,97.53331756591797,-27,1.1020784378051758,4.634678840637207,-43.921630859375,1,0,-1
CA,19,0,55,50,658365.0,241815.0,1470674.0,1548193.0,54,0,16,1,13.397514343261719,12.395928382873535,14.201231002807617,14.252598762512207,73.13703918457031,48.71609115600586,5,-0.8037166595458984,-1.8566703796386719,24.420948028564453,1,1,0
CA,23,1,62,64,201404.0,360389.0,140486.0,100956.0,56,1,14,1,12.213068008422852,12.794939041137695,11.852863311767578,11.522439956665039,35.850215911865234,58.18622970581055,-2,0.36020469665527344,1.2724990844726562,-22.336013793945312,1,1,0
CA,24,1,69,72,287505.0,1830.0,191334.0,15449.0,65,1,16,1,12.568995475769043,7.512071132659912,12.161775588989258,9.645299911499023,99.36751556396484,92.52888488769531,-3,0.40721988677978516,-2.1332287788391113,6.838630676269531,1,1,0
CA,26,1,61,70,450401.0,82453.0,409233.0,,55,0,8,1,13.01789379119873,11.31998348236084,12.922039985656738,,84.52615356445312,,-9,0.09585380554199219,,,1,1,0
CA,27,1,58,68,587961.0,146206.0,398597.0,15239.0,54,0,8,1,13.284416198730469,11.89277172088623,12.895706176757812,9.631612777709961,80.08545684814453,96.317626953125,-10,0.38871002197265625,2.2611589431762695,-16.23217010498047,1,1,0
CA,28,1,73,76,113669.0,3799.0,114523.0,,73,1,12,1,11.641045570373535,8.242493629455566,11.648530960083008,,96.76593017578125,,-3,-0.007485389709472656,,,1,1,0
CA,30,1,58,60,186130.0,72867.0,460622.0,382111.0,53,0,8,0,12.134201049804688,11.196391105651855,13.040332794189453,12.853466033935547,71.8656997680664,54.658119201660156,-2,-0.9061317443847656,-1.6570749282836914,17.20758056640625,1,1,0
CA,32,1,62,67,462503.0,7579.0,457410.0,20608.0,49,1,22,0,13.044408798217773,8.933136940002441,13.03333568572998,9.93343448638916,98.38772583007812,95.6888656616211,-5,0.011073112487792969,-1.0002975463867188,2.6988601684570312,1,1,0
CA,33,0,64,69,172451.0,29177.0,186183.0,,62,0,10,0,12.057868003845215,10.281135559082031,12.134485244750977,,85.52928924560547,,-5,-0.07661724090576172,,,1,1,0
CA,34,1,61,63,217810.0,75123.0,227098.0,149886.0,50,0,8,0,12.291378021240234,11.226881980895996,12.333136558532715,11.917630195617676,74.35488891601562,60.240753173828125,-2,-0.04175853729248047,-0.6907482147216797,14.1141357421875,1,1,0
CA,36,1,53,54,822686.0,538156.0,532897.0,218696.0,47,0,18,0,13.620329856872559,13.195903778076172,13.186083793640137,12.295437812805176,60.45418930053711,70.90233612060547,-1,0.4342460632324219,0.9004659652709961,-10.44814682006836,1,1,0
CA,37,0,50,64,602444.0,624560.0,122839.0,13558.0,68,0,8,0,13.30875015258789,13.344802856445312,11.718629837036133,9.514732360839844,49.09878158569336,90.05989837646484,-14,1.5901203155517578,3.8300704956054688,-40.961116790771484,1,1,0
CA,40,0,68,67,682365.0,36124.0,1110126.0,47746.0,68,0,2,1,13.433320045471191,10.494712829589844,13.919983863830566,10.773650169372559,94.97222900390625,95.87640380859375,1,-0.486663818359375,-0.27893733978271484,-0.9041748046875,1,1,0
CA,42,0,59,64,398963.0,28350.0,494487.0,11889.0,65,1,2,0,12.896623611450195,10.252382278442383,13.111275672912598,9.383368492126465,93.36551666259766,97.65213775634766,-5,-0.21465206146240234,0.869013786315918,-4.28662109375,1,1,0
CO,1,1,64,70,521500.0,161266.0,217503.0,26040.0,61,0,18,1,13.164464950561523,11.99081039428711,12.28996753692627,10.167388916015625,76.38048553466797,89.30784606933594,-6,0.8744974136352539,1.8234214782714844,-12.927360534667969,1,1,0
CO,2,1,61,63,396017.0,49080.0,721647.0,85095.0,50,0,4,1,12.889212608337402,10.801206588745117,13.489291191101074,11.351523399353027,88.97319030761719,89.45201873779297,-2,-0.6000785827636719,-0.5503168106079102,-0.47882843017578125,1,1,0
CO,3,1,70,78,335760.0,26917.0,482789.0,17936.0,46,0,4,0,12.724151611328125,10.200512886047363,13.087334632873535,9.794565200805664,92.5782470703125,96.4179916381836,-8,-0.36318302154541016,0.4059476852416992,-3.8397445678710938,1,1,0
CO,5,0,66,75,111435.0,15288.0,183229.0,930.0,67,0,4,0,11.621196746826172,9.6348237991333,12.118492126464844,6.835184574127197,87.9358901977539,99.49500274658203,-9,-0.4972953796386719,2.7996392250061035,-11.559112548828125,1,1,0
CO,6,0,65,63,280103.0,2958.0,636204.0,489303.0,57,0,7,0,12.542912483215332,7.9922685623168945,13.363274574279785,13.100737571716309,98.95499420166016,56.52599334716797,2,-0.8203620910644531,-5.108469009399414,42.42900085449219,1,1,0
CT,2,1,60,64,464500.0,112881.0,727919.0,246903.0,49,0,10,0,13.04871654510498,11.634089469909668,13.497944831848145,12.41675090789795,80.44947814941406,74.67198944091797,-4,-0.44922828674316406,-0.7826614379882812,5.777488708496094,1,1,0
CT,4,0,75,72,397417.0,90634.0,372680.0,44410.0,57,0,3,0,12.892741203308105,11.41458511352539,12.828474998474121,10.70121955871582,81.42939758300781,89.3524169921875,3,0.06426620483398438,0.7133655548095703,-7.9230194091796875,1,1,0
CT,6,0,74,26,556718.0,22211.0,399370.0,128853.0,53,0,8,0,13.229814529418945,10.008342742919922,12.89764404296875,11.766427040100098,96.1634292602539,75.6063232421875,48,0.3321704864501953,-1.7580842971801758,20.557106018066406,1,1,0
DE,1,1,66,68,521336.0,49770.0,371747.0,184712.0,43,0,8,0,13.16415023803711,10.815167427062988,12.825968742370605,12.126553535461426,91.28533172607422,66.80581665039062,-2,0.3381814956665039,-1.3113861083984375,24.479515075683594,1,1,0
FL,1,1,52,67,158280.0,182229.0,210940.0,23912.0,27,0,12,0,11.972121238708496,12.113018989562988,12.259328842163086,10.082136154174805,46.48335266113281,89.81826782226562,-15,-0.28720760345458984,2.0308828353881836,-43.33491516113281,1,1,0
FL,4,0,56,50,634891.0,1067366.0,313415.0,1069699.0,36,0,2,1,13.36120891571045,13.880704879760742,12.65528392791748,13.882887840270996,37.29701232910156,22.660099029541016,6,0.7059249877929688,-0.0021829605102539062,14.636913299560547,1,1,0
FL,6,0,59,54,462925.0,26443.0,408292.0,503654.0,61,0,2,0,13.045320510864258,10.182746887207031,12.919737815856934,13.129644393920898,94.59649658203125,44.77151107788086,5,0.12558269500732422,-2.946897506713867,49.82498550415039,1,1,0
FL,14,1,66,55,469101.0,213139.0,971883.0,777988.0,47,0,2,1,13.058573722839355,12.269700050354004,13.786991119384766,13.56446647644043,68.75894165039062,55.54026412963867,11,-0.7284173965454102,-1.2947664260864258,13.218677520751953,1,1,0
FL,18,0,60,53,560847.0,112071.0,1059283.0,886568.0,58,0,1,0,13.237203598022461,11.626888275146484,13.873103141784668,13.695113182067871,83.34552001953125,54.43803405761719,7,-0.635899543762207,-2.0682249069213867,28.907485961914062,1,1,0
FL,19,1,62,72,500117.0,160220.0,337596.0,4907.0,41,0,36,1,13.122597694396973,11.98430347442627,12.729604721069336,8.498417854309082,75.73663330078125,98.56731414794922,-10,0.3929929733276367,3.4858856201171875,-22.83068084716797,1,1,0
GA,1,1,71,67,399035.0,19130.0,337048.0,40461.0,39,1,8,0,12.896804809570312,9.859012603759766,12.727980613708496,10.608094215393066,95.42524719238281,89.28211212158203,4,0.1688241958618164,-0.7490816116333008,6.143135070800781,1,1,0
GA,4,1,52,60,711015.0,696859.0,516737.0,696301.0,41,0,2,0,13.474449157714844,13.454338073730469,13.155289649963379,13.453536987304688,50.502742767333984,42.59858322143555,-8,0.31915950775146484,0.00080108642578125,7.9041595458984375,1,1,0
GA,5,1,76,78,108118.0,7755.0,101540.0,6047.0,68,1,4,0,11.590978622436523,8.956092834472656,11.528207778930664,8.707317352294922,93.30732727050781,94.37943267822266,-2,0.06277084350585938,0.24877548217773438,-1.0721054077148438,1,1,0
GA,6,0,50,59,1538945.0,333873.0,838708.0,358354.0,67,1,12,0,14.246607780456543,12.71851634979248,13.639617919921875,12.789277076721191,82.17269134521484,70.06387329101562,-9,0.606989860534668,-0.07076072692871094,12.108818054199219,1,1,0
GA,7,1,60,65,404874.0,18692.0,382281.0,60694.0,29,0,7,1,12.911331176757812,9.835850715637207,12.853911399841309,11.01360034942627,95.58699035644531,86.29854583740234,-5,0.057419776916503906,-1.1777496337890625,9.288444519042969,1,1,0
GA,9,1,56,63,318247.0,134772.0,405040.0,64400.0,29,1,14,1,12.67058277130127,11.811339378356934,12.911741256713867,11.072869300842285,70.25025177001953,86.28152465820312,-7,-0.24115848541259766,0.7384700775146484,-16.031272888183594,1,1,0
GA,10,1,58,64,937464.0,154326.0,193123.0,6760.0,35,0,14,1,13.750933647155762,11.946822166442871,12.171082496643066,8.818778038024902,85.86486053466797,96.6180191040039,-6,1.5798511505126953,3.1280441284179688,-10.753158569335938,1,1,0
ID,2,1,64,63,406219.0,141681.0,502083.0,206960.0,33,0,6,0,12.914648056030273,11.861332893371582,13.126521110534668,12.240281105041504,74.14108276367188,70.81136322021484,1,-0.21187305450439453,-0.3789482116699219,3.3297195434570312,1,1,0
IL,1,1,94,96,125509.0,42901.0,145905.0,,95,0,7,0,11.740132331848145,10.666650772094727,11.890710830688477,,74.5258560180664,,-2,-0.15057849884033203,,,1,1,0
IL,4,1,59,50,472757.0,642391.0,359942.0,348339.0,44,0,2,1,13.066336631774902,13.372952461242676,12.79369831085205,12.760931015014648,42.39410400390625,50.819095611572266,9,0.27263832092285156,0.6120214462280273,-8.424991607666016,1,1,0
IL,5,1,66,61,171746.0,42218.0,165144.0,48940.0,48,0,8,0,12.05377197265625,10.650602340698242,12.014573097229004,10.79835033416748,80.26864624023438,77.13981628417969,5,0.039198875427246094,-0.14774799346923828,3.1288299560546875,1,1,0
IL,6,0,67,74,270435.0,1055.0,281229.0,26555.0,68,0,16,1,12.507786750793457,6.961296081542969,12.546924591064453,10.186973571777344,99.61140441894531,91.3721923828125,-7,-0.039137840270996094,-3.225677490234375,8.239212036132812,1,1,0
IL,9,1,71,66,839106.0,15164.0,122900.0,28324.0,61,1,26,1,13.640091896057129,9.626679420471191,11.71912670135498,10.25146484375,98.22491455078125,81.27017211914062,5,1.9209651947021484,-0.6247854232788086,16.954742431640625,1,1,0
IL,11,1,54,65,855952.0,407617.0,239158.0,41259.0,46,0,26,0,13.659969329833984,12.918083190917969,12.384880065917969,10.62762451171875,67.7408218383789,85.28655242919922,-11,1.2750892639160156,2.2904586791992188,-17.545730590820312,1,1,0
IL,17,1,67,65,390401.0,115495.0,471233.0,124133.0,53,0,8,1,12.874929428100586,11.656982421875,13.06310749053955,11.729108810424805,77.17021179199219,79.15013885498047,2,-0.18817806243896484,-0.07212638854980469,-1.9799270629882812,1,1,0
IL,19,1,66,64,258093.0,3581.0,193205.0,16241.0,45,1,6,1,12.461074829101562,8.18339729309082,12.171506881713867,9.695294380187988,98.63150024414062,92.24573516845703,2,0.2895679473876953,-1.511897087097168,6.385765075683594,1,1,0
IL,20,1,66,69,209360.0,44861.0,251634.0,57708.0,49,1,8,1,12.251810073852539,10.711323738098145,12.435730934143066,10.963150978088379,82.35354614257812,81.34491729736328,-3,-0.18392086029052734,-0.2518272399902344,1.0086288452148438,1,1,0
IL,21,1,66,53,380559.0,26230.0,394412.0,69486.0,54,1,2,0,12.849396705627441,10.17465877532959,12.885150909423828,11.148880958557129,93.55194091796875,85.02127838134766,13,-0.03575420379638672,-0.9742221832275391,8.530662536621094,1,1,0
IN,1,1,66,77,299280.0,21355.0,141855.0,,59,0,6,1,12.609134674072266,9.969040870666504,11.862560272216797,,93.33977508544922,,-11,0.7465744018554688,,,1,1,0
IN,2,1,59,53,773178.0,595457.0,444422.0,332880.0,35,1,16,0,13.55826473236084,13.29708480834961,13.00452995300293,12.715537071228027,56.492637634277344,57.17494583129883,6,0.5537347793579102,0.581547737121582,-0.6823081970214844,1,1,0
IN,3,0,49,54,745145.0,473055.0,1085140.0,584006.0,59,0,,,13.521333694458008,13.066967010498047,13.89721965789795,13.277666091918945,61.16770553588867,65.01168823242188,-5,-0.3758859634399414,-0.21069908142089844,-3.843982696533203,1,0,-1
IN,4,1,61,51,752362.0,575363.0,415975.0,401811.0,33,0,1,0,13.530972480773926,13.26275634765625,12.938380241394043,12.90373706817627,56.66550064086914,50.865997314453125,10,0.5925922393798828,0.35901927947998047,5.799503326416016,1,1,0
IN,5,1,53,56,652280.0,781224.0,689086.0,244985.0,35,0,4,0,13.388229370117188,13.56861686706543,13.443120956420898,12.408952713012695,45.50248718261719,73.7723388671875,-3,-0.05489158630371094,1.1596641540527344,-28.269851684570312,1,1,0
IN,6,0,63,73,311727.0,41180.0,333723.0,11743.0,69,0,8,0,12.649883270263672,10.625707626342773,12.718066215515137,9.371012687683105,88.3311996459961,96.60082244873047,-10,-0.06818294525146484,1.254694938659668,-8.269622802734375,1,1,0
IN,8,1,55,62,446040.0,146961.0,551484.0,130243.0,42,0,8,1,13.008163452148438,11.89792251586914,13.220368385314941,11.777156829833984,75.21741485595703,80.8951416015625,-7,-0.2122049331665039,0.12076568603515625,-5.677726745605469,1,1,0
IN,10,1,66,61,14816.0,13201.0,35786.0,24919.0,51,0,16,1,9.603463172912598,9.48804759979248,10.485312461853027,10.123385429382324,52.882179260253906,58.95066452026367,5,-0.8818492889404297,-0.6353378295898438,-6.068485260009766,1,1,0
IA,5,0,68,64,418134.0,63591.0,420730.0,115701.0,47,0,6,0,12.943556785583496,11.060227394104004,12.949746131896973,11.658764839172363,86.79931640625,78.43133544921875,4,-0.0061893463134765625,-0.5985374450683594,8.36798095703125,1,1,0
IA,6,0,72,64,322563.0,42597.0,523108.0,175951.0,50,0,4,0,12.684053421020508,10.659539222717285,13.167543411254883,12.077960968017578,88.33470153808594,74.83030700683594,8,-0.483489990234375,-1.418421745300293,13.50439453125,1,1,0
KS,2,1,63,73,504861.0,84568.0,388866.0,119263.0,46,0,8,1,13.132038116455078,11.345311164855957,12.870989799499512,11.689085960388184,85.65255737304688,76.52899169921875,-10,0.2610483169555664,-0.34377479553222656,9.123565673828125,1,1,0
KS,3,0,60,74,209986.0,76007.0,234583.0,13483.0,54,0,6,0,12.254796028137207,11.238580703735352,12.365564346313477,9.509184837341309,73.42347717285156,94.56475067138672,-14,-0.11076831817626953,1.729395866394043,-21.141273498535156,1,1,0
KS,4,1,71,64,355581.0,4317.0,545755.0,149035.0,43,0,14,1,12.781508445739746,8.370315551757812,13.209925651550293,11.91193675994873,98.80049133300781,78.54963684082031,7,-0.4284172058105469,-3.541621208190918,20.2508544921875,1,1,0
KY,2,1,66,61,6768.0,144315.0,8397.0,84102.0,41,1,37,1,8.819960594177246,11.879754066467285,9.035630226135254,11.3397855758667,4.47965669631958,9.077936172485352,5,-0.2156696319580078,0.5399684906005859,-4.5982794761657715,1,1,0
KY,3,1,61,70,303488.0,327390.0,371431.0,4931.0,53,0,20,1,12.62309741973877,12.698907852172852,12.825118064880371,8.503296852111816,48.105655670166016,98.68982696533203,-9,-0.20202064514160156,4.195611000061035,-50.584171295166016,1,1,0
KY,4,0,69,74,563409.0,76580.0,468870.0,23636.0,65,0,4,0,13.241761207580566,11.24609088897705,13.058080673217773,10.070526123046875,88.03417205810547,95.20087432861328,-5,0.18368053436279297,1.1755647659301758,-7.1667022705078125,1,1,0
KY,7,1,51,59,344561.0,172257.0,411699.0,432403.0,55,1,6,1,12.75002670288086,12.056742668151855,12.928048133850098,12.977113723754883,66.6697006225586,48.77360916137695,-8,-0.17802143096923828,-0.9203710556030273,17.89609146118164,1,1,0
ME,2,0,51,66,306289.0,228344.0,202317.0,68390.0,55,0,12,0,12.632284164428711,12.338608741760254,12.217591285705566,11.13298225402832,57.289581298828125,74.73652648925781,-15,0.41469287872314453,1.2056264877319336,-17.446945190429688,1,1,0
MD,1,1,43,50,771809.0,264932.0,684204.0,118568.0,36,1,,,13.556492805480957,12.487228393554688,13.43601131439209,11.683241844177246,74.44569396972656,85.23017883300781,-7,0.12048149108886719,0.8039865493774414,-10.78448486328125,1,0,-1
MD,3,1,70,73,363847.0,4234.0,354701.0,18893.0,54,0,4,1,12.804489135742188,8.350902557373047,12.779030799865723,9.84654712677002,98.8497085571289,94.94290924072266,-3,0.025458335876464844,-1.4956445693969727,3.90679931640625,1,1,0
MD,4,1,59,68,560909.0,41129.0,599881.0,,42,0,4,0,13.237314224243164,10.624468803405762,13.304486274719238,,93.16837310791016,,-9,-0.06717205047607422,,,1,1,0
MD,5,1,81,79,716469.0,8709.0,416187.0,,59,0,9,1,13.48208999633789,9.072112083435059,12.938889503479004,,98.79905700683594,,2,0.5432004928588867,,,1,1,0
MD,6,1,65,75,325997.0,3557.0,213554.0,,34,0,12,0,12.694643020629883,8.17667293548584,12.271644592285156,,98.92066192626953,,-10,0.42299842834472656,,,1,1,0
MA,4,1,66,60,718160.0,31903.0,343097.0,34368.0,57,0,10,1,13.484447479248047,10.370455741882324,12.745768547058105,10.444881439208984,95.74662017822266,90.89505004882812,6,0.7386789321899414,-0.07442569732666016,4.851570129394531,1,1,0
MA,5,1,52,84,861333.0,236851.0,344930.0,15396.0,47,0,6,0,13.666236877441406,12.375186920166016,12.751096725463867,9.641862869262695,78.43248748779297,95.72720336914062,-32,0.9151401519775391,2.7333240509033203,-17.294715881347656,1,1,0
MA,6,1,65,70,333912.0,19771.0,337199.0,63013.0,50,0,12,0,12.718632698059082,9.891971588134766,12.728428840637207,11.051095962524414,94.40996551513672,84.25509643554688,-5,-0.009796142578125,-1.1591243743896484,10.154869079589844,1,1,0
MA,10,1,53,67,620387.0,271902.0,235946.0,121056.0,51,1,18,0,13.338098526000977,12.51319694519043,12.371357917785645,11.704008102416992,69.527587890625,66.09095001220703,-14,0.966740608215332,0.8091888427734375,3.4366378784179688,1,1,0
MI,1,1,89,91,288906.0,545.0,124823.0,,89,0,26,1,12.573856353759766,6.300786018371582,11.734651565551758,,99.81171417236328,,-2,0.8392047882080078,,,1,1,0
MI,2,0,64,54,135801.0,9573.0,876779.0,750493.0,58,0,14,0,11.81894588470459,9.166702270507812,13.68401050567627,13.528485298156738,93.4149169921875,53.88029861450195,10,-1.8650646209716797,-4.361783027648926,39.53461837768555,1,1,0
MI,3,1,58,57,815244.0,274106.0,600940.0,164856.0,45,0,12,0,13.611242294311523,12.521269798278809,13.30625057220459,12.01282787322998,74.83765411376953,78.47259521484375,1,0.3049917221069336,0.5084419250488281,-3.6349411010742188,1,1,0
MI,4,0,58,71,503164.0,78392.0,323829.0,8577.0,63,0,4,0,13.128671646118164,11.269476890563965,12.687971115112305,9.056839942932129,86.52030181884766,97.41972351074219,-13,0.4407005310058594,2.212636947631836,-10.899421691894531,1,1,0
MI,7,1,68,76,222531.0,6382.0,150594.0,1310.0,55,0,14,0,12.312821388244629,8.761237144470215,11.922342300415039,7.1777825355529785,97.21204376220703,99.13761138916016,-8,0.39047908782958984,1.5834546089172363,-1.925567626953125,1,1,0
MI,8,1,69,72,176815.0,433.0,128400.0,2188.0,50,0,16,1,12.08285903930664,6.070737838745117,11.762906074523926,7.6907429695129395,99.75570678710938,98.32450103759766,-3,0.31995296478271484,-1.6200051307678223,1.4312057495117188,1,1,0
MI,9,0,55,70,452960.0,22155.0,450801.0,14866.0,62,0,24,1,13.0235595703125,10.005818367004395,13.018781661987305,9.606831550598145,95.33692169189453,96.80758666992188,-15,0.0047779083251953125,0.39898681640625,-1.4706649780273438,1,1,0
MI,11,0,61,60,325232.0,4072.0,680819.0,415660.0,52,0,12,0,12.692294120788574,8.3118896484375,13.431052207946777,12.937623023986816,98.7634506225586,62.09138488769531,1,-0.7387580871582031,-4.625733375549316,36.67206573486328,1,1,0
MI,12,1,63,54,1188905.0,295184.0,434200.0,143886.0,39,0,14,0,13.988543510437012,12.595354080200195,12.981260299682617,11.876776695251465,80.1100845336914,75.10993194580078,9,1.0072832107543945,0.7185773849487305,5.000152587890625,1,1,0
MI,14,1,64,63,187545.0,1068.0,137560.0,3537.0,44,1,10,1,12.14177417755127,6.973543167114258,11.831815719604492,8.17103385925293,99.43376159667969,97.49321746826172,1,0.30995845794677734,-1.1974906921386719,1.9405441284179688,1,1,0
MI,15,1,61,64,354964.0,42834.0,234435.0,7993.0,45,1,26,1,12.77977180480957,10.665087699890137,12.364933967590332,8.986321449279785,89.23222351074219,96.70294189453125,-3,0.4148378372192383,1.6787662506103516,-7.4707183837890625,1,1,0
MI,16,1,67,97,602952.0,3774.0,462180.0,,46,0,35,1,13.309593200683594,8.23589038848877,13.043709754943848,,99.37797546386719,,-30,0.2658834457397461,,,1,1,0
MI,18,0,66,77,78205.0,78205.0,77103.0,9459.0,70,0,34,0,11.267088890075684,11.267088890075684,11.252897262573242,9.154722213745117,50.0,89.07257080078125,-11,0.014191627502441406,2.1123666763305664,-39.07257080078125,1,1,0
MN,2,0,62,38,670606.0,17778.0,623776.0,152295.0,51,0,10,0,13.415937423706055,9.785717010498047,13.343546867370605,11.933574676513672,97.41742706298828,80.37615203857422,24,0.07239055633544922,-2.147857666015625,17.041275024414062,1,1,0
MN,4,1,65,72,266699.0,57415.0,216172.0,35789.0,61,1,14,0,12.493875503540039,10.958061218261719,12.283829689025879,10.485395431518555,82.28555297851562,85.79581451416016,-7,0.21004581451416016,0.47266578674316406,-3.5102615356445312,1,1,0
MN,5,1,73,72,321644.0,9497.0,281455.0,16915.0,65,1,12,0,12.681200981140137,9.158731460571289,12.547727584838867,9.735956192016602,97.13203430175781,94.33086395263672,1,0.13347339630126953,-0.5772247314453125,2.8011703491210938,1,1,0
MN,6,1,65,65,378087.0,16219.0,320219.0,100941.0,51,0,8,1,12.842879295349121,9.693938255310059,12.67676067352295,11.52229118347168,95.8866958618164,76.03262329101562,0,0.16611862182617188,-1.828352928161621,19.85407257080078,1,1,0
MN,7,0,55,46,487224.0,242364.0,288782.0,320437.0,51,0,,,13.096479415893555,12.39819622039795,12.573427200317383,12.677440643310547,66.78070068359375,47.402000427246094,9,0.5230522155761719,-0.27924442291259766,19.378700256347656,1,1,0
MN,8,1,73,75,229262.0,16681.0,157802.0,7743.0,60,1,16,0,12.342620849609375,9.722025871276855,11.969096183776855,8.954544067382812,93.21753692626953,95.32272338867188,-2,0.37352466583251953,0.767481803894043,-2.1051864624023438,1,1,0
MS,1,1,65,78,96254.0,14750.0,58370.0,,40,0,49,1,11.474745750427246,9.598998069763184,10.974556922912598,,86.71218872070312,,-13,0.5001888275146484,,,1,1,0
MO,1,1,61,72,196909.0,12666.0,134200.0,,72,0,22,0,12.190497398376465,9.446676254272461,11.807086944580078,,93.95633697509766,,-11,0.3834104537963867,,,1,1,0
MO,2,0,50,66,670758.0,340390.0,693066.0,254492.0,61,0,,,13.416163444519043,12.737847328186035,13.448880195617676,12.44702434539795,66.3362808227539,73.14232635498047,-16,-0.03271675109863281,0.29082298278808594,-6.8060455322265625,1,1,0
MO,3,1,57,63,1455794.0,82077.0,512206.0,202524.0,47,0,14,1,14.191061973571777,11.315413475036621,13.146482467651367,12.218613624572754,94.66294860839844,71.66426849365234,-6,1.0445795059204102,-0.9032001495361328,22.998680114746094,1,1,0
MO,4,1,62,72,306485.0,7137.0,273316.0,,40,1,14,1,12.63292407989502,8.873047828674316,12.518383979797363,,97.72432708740234,,-10,0.11454010009765625,,,1,1,0
MO,6,0,52,59,315922.0,22428.0,341344.0,198617.0,50,0,14,1,12.663250923156738,10.018065452575684,12.740646362304688,12.19913387298584,93.3713607788086,63.2164192199707,-7,-0.07739543914794922,-2.1810684204101562,30.15494155883789,1,1,0
MO,7,0,52,53,182474.0,203265.0,338125.0,215064.0,61,0,2,0,12.114362716674805,12.22226619720459,12.731170654296875,12.278691291809082,47.3050422668457,61.12287139892578,-1,-0.6168079376220703,-0.05642509460449219,-13.817829132080078,1,1,0
MO,8,0,57,58,704447.0,246595.0,768792.0,516239.0,55,0,10,1,13.465167999267578,12.415502548217773,13.552576065063477,13.154325485229492,74.0710678100586,59.82672882080078,-1,-0.08740806579589844,-0.7388229370117188,14.244338989257812,1,1,0
MO,9,1,57,68,238679.0,36045.0,210841.0,9565.0,45,0,14,1,12.382874488830566,10.492523193359375,12.258859634399414,9.165865898132324,86.87956237792969,95.6602783203125,-11,0.12401485443115234,1.3266572952270508,-8.780715942382812,1,1,0
MT,1,1,61,61,345258.0,90238.0,250276.0,58204.0,48,0,12,0,12.752047538757324,11.410205841064453,12.430319786071777,10.971709251403809,79.27925872802734,81.13200378417969,0,0.3217277526855469,0.43849658966064453,-1.8527450561523438,1,1,0
MT,2,0,63,55,310981.0,33883.0,380928.0,394102.0,54,0,14,0,12.647486686706543,10.430668830871582,12.85036563873291,12.88436508178711,90.17496490478516,49.15009689331055,8,-0.2028789520263672,-2.4536962509155273,41.02486801147461,1,1,0
NE,1,0,65,67,223898.0,65064.0,221530.0,96278.0,56,0,12,0,12.31894588470459,11.08312702178955,12.308313369750977,11.474994659423828,77.4835433959961,69.70561218261719,-2,0.010632514953613281,-0.39186763763427734,7.777931213378906,1,1,0
NE,2,1,58,51,929247.0,625716.0,858762.0,1158294.0,42,0,2,1,13.742130279541016,13.346652030944824,13.663247108459473,13.962458610534668,59.76007080078125,42.57501983642578,7,0.07888317108154297,-0.6158065795898438,17.18505096435547,1,1,0
NV,1,1,61,64,705037.0,149778.0,652199.0,147891.0,42,0,4,1,13.466005325317383,11.916909217834473,13.388105392456055,11.904231071472168,82.47831726074219,81.51570129394531,-3,0.07789993286132812,0.012678146362304688,0.962615966796875,1,1,0
NH,2,0,47,57,540605.0,465160.0,730803.0,519336.0,61,0,,,13.200444221496582,13.05013656616211,13.501898765563965,13.160305976867676,53.75062942504883,58.457740783691406,-10,-0.3014545440673828,-0.1101694107055664,-4.707111358642578,1,0,-1
NJ,3,1,49,52,634109.0,115202.0,678647.0,981865.0,37,0,2,1,13.359975814819336,11.65444278717041,13.4278564453125,13.797208786010742,84.6256103515625,40.86974334716797,-3,-0.06788063049316406,-2.142765998840332,43.75586700439453,1,0,-1
NJ,4,0,63,66,292826.0,55772.0,252823.0,53964.0,55,0,10,0,12.587333679199219,10.929027557373047,12.440444946289062,10.896072387695312,84.00105285644531,82.40994262695312,-3,0.14688873291015625,0.032955169677734375,1.5911102294921875,1,1,0
NJ,6,1,51,62,147925.0,8887.0,123632.0,38919.0,46,0,10,0,11.904460906982422,9.092345237731934,11.725064277648926,10.56923770904541,94.33270263671875,76.05735778808594,-11,0.1793966293334961,-1.4768924713134766,18.275344848632812,1,1,0
NJ,9,1,53,68,495219.0,34513.0,403059.0,57260.0,46,0,8,1,13.11275577545166,10.449090957641602,12.906838417053223,10.955357551574707,93.48481750488281,87.56079864501953,-15,0.2059173583984375,-0.5062665939331055,5.924018859863281,1,1,0
NJ,11,0,65,70,694735.0,105031.0,490751.0,,64,0,6,0,13.451285362243652,11.562010765075684,13.103692054748535,,86.8672866821289,,-5,0.3475933074951172,,,1,1,0
NJ,13,0,58,69,730989.0,203147.0,411620.0,,61,0,6,0,13.502153396606445,12.221685409545898,12.927855491638184,,78.2529525756836,,-11,0.5742979049682617,,,1,1,0
NM,1,0,70,51,538273.0,123215.0,559134.0,576677.0,54,0,2,1,13.196121215820312,11.721686363220215,13.23414421081543,13.265037536621094,81.37305450439453,49.22773361206055,19,-0.03802299499511719,-1.543351173400879,32.145320892333984,1,1,0
NM,3,1,74,73,420907.0,20902.0,267633.0,41669.0,54,0,8,0,12.950167655944824,9.947600364685059,12.497371673583984,10.637513160705566,95.26899719238281,86.5280532836914,1,0.45279598236083984,-0.6899127960205078,8.740943908691406,1,1,0
NY,3,1,53,57,458759.0,184513.0,364087.0,90892.0,40,1,8,0,13.036280632019043,12.12547492980957,12.805148124694824,11.417427062988281,71.31649017333984,80.02281188964844,-4,0.23113250732421875,0.7080478668212891,-8.706321716308594,1,1,0
NY,5,0,55,65,618882.0,291412.0,337792.0,35627.0,56,0,10,0,13.33566951751709,12.582493782043457,12.730185508728027,10.48085880279541,67.98704528808594,90.45924377441406,-10,0.6054840087890625,2.101634979248047,-22.472198486328125,1,1,0
NY,15,0,61,61,458486.0,19403.0,602942.0,162157.0,33,0,12,1,13.035684585571289,9.873183250427246,13.309576034545898,11.996320724487305,95.93984985351562,78.80574798583984,0,-0.2738914489746094,-2.1231374740600586,17.13410186767578,1,1,0
NY,17,1,80,84,112722.0,431513.0,170567.0,2851.0,78,0,14,1,11.63267993927002,12.975052833557129,12.046883583068848,7.955425262451172,20.71200942993164,98.35599517822266,-4,-0.4142036437988281,5.019627571105957,-77.64398193359375,1,1,0
NY,21,0,71,75,411614.0,729.0,277680.0,,61,0,22,1,12.927841186523438,6.591673851013184,12.534224510192871,,99.82320404052734,,-4,0.3936166763305664,,,1,1,0
NY,22,0,69,71,497635.0,3473.0,411056.0,10427.0,57,0,18,1,13.117622375488281,8.1527738571167,12.926485061645508,9.252154350280762,99.30693817138672,97.52611541748047,-2,0.19113731384277344,-1.0993804931640625,1.78082275390625,1,1,0
NY,23,1,64,62,149204.0,23299.0,273505.0,174790.0,56,0,2,0,11.913069725036621,10.05616569519043,12.519075393676758,12.071340560913086,86.49356842041016,61.010047912597656,2,-0.6060056686401367,-2.0151748657226562,25.4835205078125,1,1,0
NY,24,0,68,72,240615.0,95100.0,151276.0,15936.0,58,0,12,0,12.390953063964844,11.462684631347656,11.926860809326172,9.676336288452148,71.67240142822266,90.4695816040039,-4,0.4640922546386719,1.7863483428955078,-18.79718017578125,1,1,0
NY,27,0,63,57,340553.0,11779.0,594965.0,645123.0,52,0,2,0,12.738326072692871,9.37407398223877,13.296257972717285,13.377196311950684,96.65684509277344,47.97764205932617,6,-0.5579319000244141,-4.003122329711914,48.679203033447266,1,1,0
NY,28,1,65,93,200047.0,23766.0,172905.0,,47,0,16,1,12.206307411193848,10.076011657714844,12.060497283935547,,89.38131713867188,,-28,0.14581012725830078,,,1,1,0
NY,30,1,59,57,322216.0,24712.0,802886.0,310704.0,45,0,4,0,12.682977676391602,10.115044593811035,13.595968246459961,12.64659595489502,92.87690734863281,72.09888458251953,2,-0.9129905700683594,-2.5315513610839844,20.77802276611328,1,1,0
NY,31,0,57,53,506343.0,100353.0,688382.0,453462.0,56,0,2,0,13.134969711303711,11.516448974609375,13.442099571228027,13.024666786193848,83.45909881591797,60.286869049072266,4,-0.3071298599243164,-1.5082178115844727,23.172229766845703,1,1,0
NY,34,0,70,96,178401.0,6462.0,319098.0,,59,0,4,0,12.091789245605469,8.773694038391113,12.673254013061523,,96.50444030761719,,-26,-0.5814647674560547,,,1,1,0
NC,1,1,65,65,111622.0,20463.0,82147.0,16758.0,46,1,24,0,11.622873306274414,9.926373481750488,11.316266059875488,9.726631164550781,84.50770568847656,83.05646514892578,0,0.3066072463989258,0.19974231719970703,1.4512405395507812,1,1,0
NC,4,1,58,58,793291.0,890838.0,1006641.0,745726.0,44,0,4,0,13.583945274353027,13.699917793273926,13.822129249572754,13.522113800048828,47.10393142700195,57.444644927978516,0,-0.23818397521972656,0.17780399322509766,-10.340713500976562,1,1,0
NC,5,1,59,53,647331.0,174574.0,756115.0,718015.0,40,0,16,0,13.380613327026367,12.070103645324707,13.535948753356934,13.484245300292969,78.75983428955078,51.29228591918945,6,-0.1553354263305664,-1.4141416549682617,27.467548370361328,1,1,0
NC,6,0,67,62,572846.0,33135.0,738088.0,583013.0,61,0,6,1,13.25837230682373,10.408345222473145,13.511817932128906,13.275964736938477,94.5320053100586,55.86915588378906,5,-0.2534456253051758,-2.867619514465332,38.66284942626953,1,1,0
NC,7,1,66,67,153315.0,21131.0,185039.0,,48,0,18,1,11.9402494430542,9.95849609375,12.128321647644043,,87.88679504394531,,-1,-0.18807220458984375,,,1,1,0
NC,8,1,55,52,656383.0,300893.0,581888.0,242782.0,38,1,16,0,13.394499778747559,12.614509582519531,13.274033546447754,12.399919509887695,68.56778717041016,70.56010437011719,3,0.12046623229980469,0.21459007263183594,-1.9923171997070312,1,1,0
NC,10,0,62,61,302006.0,37846.0,302215.0,44329.0,65,0,4,0,12.618202209472656,10.541280746459961,12.61889362335205,10.699394226074219,88.86397552490234,87.20825958251953,1,-0.0006914138793945312,-0.1581134796142578,1.6557159423828125,1,1,0
NC,11,1,49,50,499869.0,523867.0,494092.0,503289.0,40,1,,,13.122101783752441,13.16899299621582,13.110477447509766,13.12891960144043,48.827919006347656,49.538944244384766,-1,0.011624336242675781,0.040073394775390625,-0.7110252380371094,1,0,-1
ND,1,1,65,71,504800.0,284855.0,143210.0,1154.0,43,0,10,0,13.131917953491211,12.559735298156738,11.87206745147705,7.050989627838135,63.92665100097656,99.20063018798828,-6,1.2598505020141602,5.5087456703186035,-35.27397918701172,1,1,0
OH,2,0,64,72,124331.0,5350.0,125682.0,13961.0,62,0,16,0,11.73070240020752,8.58485221862793,11.741510391235352,9.544022560119629,95.8744888305664,90.00236511230469,-8,-0.010807991027832031,-0.9591703414916992,5.872123718261719,1,1,0
OH,6,0,71,74,196934.0,11171.0,884754.0,43485.0,64,0,10,0,12.190624237060547,9.321076393127441,13.69306468963623,10.680171012878418,94.63203430175781,95.31532287597656,-3,-1.5024404525756836,-1.3590946197509766,-0.68328857421875,1,1,0
OH,9,1,78,81,211524.0,200.0,244030.0,47945.0,53,0,8,1,12.262093544006348,5.2983174324035645,12.405046463012695,10.777810096740723,99.9055404663086,83.57907104492188,-3,-0.14295291900634766,-5.479492664337158,16.32646942138672,1,1,0
OH,11,1,66,62,453883.0,72686.0,561070.0,860766.0,44,1,10,1,13.025594711303711,11.193903923034668,13.237601280212402,13.66557788848877,86.19630432128906,39.4609489440918,4,-0.2120065689086914,-2.4716739654541016,46.735355377197266,1,1,0
OH,12,0,72,80,278977.0,47815.0,351517.0,,61,0,8,0,12.538884162902832,10.775094985961914,12.770013809204102,,85.36837005615234,,-8,-0.23112964630126953,,,1,1,0
OH,14,1,60,75,264793.0,3021.0,419005.0,13244.0,52,0,4,0,12.486703872680664,8.01334285736084,12.945637702941895,9.491299629211426,98.87197875976562,96.93602752685547,-15,-0.45893383026123047,-1.477956771850586,1.9359512329101562,1,1,0
OH,15,0,59,75,242592.0,15977.0,211963.0,6682.0,62,0,24,1,12.399136543273926,9.678905487060547,12.264166831970215,8.807172775268555,93.82099151611328,96.94390106201172,-16,0.13496971130371094,0.8717327117919922,-3.1229095458984375,1,1,0
OH,16,0,59,79,156205.0,68021.0,94492.0,,57,0,18,1,11.958924293518066,11.127572059631348,11.456270217895508,,69.6640853881836,,-20,0.5026540756225586,,,1,1,0
OH,17,1,78,77,79064.0,1700.0,96003.0,2391.0,62,0,6,0,11.278013229370117,7.43838357925415,11.472134590148926,7.7794671058654785,97.89510345458984,97.56997680664062,1,-0.1941213607788086,-0.3410835266113281,0.32512664794921875,1,1,0
OH,19,1,65,70,229857.0,9508.0,226086.0,522.0,45,0,8,1,12.345212936401367,9.159889221191406,12.328670501708984,6.257667541503906,96.02782440185547,99.76964569091797,-5,0.016542434692382812,2.9022216796875,-3.7418212890625,1,1,0
OK,1,0,56,52,612116.0,406280.0,484585.0,253585.0,61,1,4,0,13.324677467346191,12.91479778289795,13.091048240661621,12.44345474243164,60.105892181396484,65.64680480957031,4,0.2336292266845703,0.4713430404663086,-5.540912628173828,1,1,0
OK,2,1,61,65,631839.0,62793.0,358705.0,81634.0,47,0,12,1,13.356389999389648,11.047598838806152,12.790255546569824,11.310001373291016,90.96025085449219,81.46110534667969,-4,0.5661344528198242,-0.2624025344848633,9.4991455078125,1,1,0
OK,5,0,70,72,373414.0,6277.0,318822.0,302.0,67,0,14,1,12.830443382263184,8.744647026062012,12.672388076782227,5.7104268074035645,98.34681701660156,99.90536499023438,-2,0.15805530548095703,3.0342202186584473,-1.5585479736328125,1,1,0
OR,4,1,86,72,217527.0,3343.0,279809.0,58563.0,54,0,4,0,12.290078163146973,8.1146240234375,12.541862487792969,10.977858543395996,98.48644256591797,82.69271850585938,14,-0.2517843246459961,-2.863234519958496,15.793724060058594,1,1,0
OR,5,0,45,50,884828.0,844797.0,559616.0,351806.0,50,1,,,13.693148612976074,13.646851539611816,13.235006332397461,12.770834922790527,51.1572151184082,61.40031814575195,-5,0.4581422805786133,0.8760166168212891,-10.24310302734375,1,0,-1
PA,1,1,79,76,234057.0,5969.0,234957.0,1643.0,66,0,10,1,12.363320350646973,8.694334983825684,12.367157936096191,7.4042792320251465,97.51318359375,99.30558013916016,3,-0.00383758544921875,1.290055751800537,-1.7923965454101562,1,1,0
PA,2,1,92,94,814125.0,506.0,660456.0,,91,0,12,0,13.609869003295898,6.226536750793457,13.40068531036377,,99.9378890991211,,-2,0.2091836929321289,,,1,1,0
PA,3,1,60,63,277011.0,74417.0,250480.0,23101.0,48,0,8,0,12.53181266784668,11.217439651489258,12.431134223937988,10.04763126373291,78.82439422607422,91.55606842041016,-3,0.1006784439086914,1.1698083877563477,-12.731674194335938,1,1,0
PA,4,1,56,70,132920.0,8837.0,90710.0,,54,1,8,0,11.797502517700195,9.086702346801758,11.415422439575195,,93.7660903930664,,-14,0.382080078125,,,1,1,0
PA,5,0,57,78,672705.0,26396.0,444205.0,,65,0,16,0,13.419062614440918,10.180967330932617,13.00404167175293,,96.22429656982422,,-21,0.4150209426879883,,,1,1,0
PA,6,1,57,63,191512.0,71317.0,121435.0,12002.0,38,0,22,0,12.162705421447754,11.17488956451416,11.707134246826172,9.392828941345215,72.86563110351562,91.0054931640625,-6,0.45557117462158203,1.7820606231689453,-18.139862060546875,1,1,0
PA,7,0,65,68,480165.0,109618.0,507360.0,203582.0,60,0,4,0,13.08188533782959,11.604757308959961,13.13697624206543,12.223824501037598,81.4138412475586,71.36447143554688,-3,-0.055090904235839844,-0.6190671920776367,10.049369812011719,1,1,0
PA,8,1,57,57,826742.0,142957.0,1089612.0,507682.0,38,0,8,0,13.625247955322266,11.870299339294434,13.901331901550293,13.13761043548584,85.2575912475586,68.21611785888672,0,-0.27608394622802734,-1.2673110961914062,17.041473388671875,1,1,0
PA,13,0,60,67,235766.0,39173.0,225412.0,60672.0,56,1,22,1,12.37059497833252,10.575742721557617,12.325685501098633,11.013237953186035,85.75211334228516,78.79224395751953,-7,0.04490947723388672,-0.43749523162841797,6.959869384765625,1,1,0
PA,15,0,61,57,577790.0,102312.0,752332.0,355016.0,55,0,12,0,13.266965866088867,11.535781860351562,13.530933380126953,12.77991771697998,84.95637512207031,67.93997955322266,4,-0.26396751403808594,-1.244135856628418,17.016395568847656,1,1,0
PA,18,1,49,63,717124.0,251496.0,321074.0,16349.0,46,0,,,13.483003616333008,12.435182571411133,12.679427146911621,9.701922416687012,74.03563690185547,95.15474700927734,-14,0.8035764694213867,2.733260154724121,-21.119110107421875,1,0,-1
PA,22,1,63,72,191739.0,3258.0,183335.0,,65,0,14,1,12.16388988494873,8.088869094848633,12.119070053100586,,98.32920837402344,,-9,0.04481983184814453,,,1,1,0
PA,23,0,59,62,338431.0,6765.0,336675.0,106463.0,56,0,12,1,12.732075691223145,8.819517135620117,12.726873397827148,11.575552940368652,98.04024505615234,75.97520446777344,-3,0.005202293395996094,-2.756035804748535,22.065040588378906,1,1,0
