studyid,black,hispanic,female,appyear,mnce,select,choice,selectyrs,choiceyrs,mnce90,selectyrs1,selectyrs2,selectyrs3,selectyrs4,choiceyrs1,choiceyrs2,choiceyrs3,choiceyrs4
21,1,0,1,90,44,1,0,4,1,,0,0,0,1,1,0,0,0
26,1,0,0,90,46,1,1,4,4,,0,0,0,1,0,0,0,1
30,1,0,0,90,20,1,1,4,4,,0,0,0,1,0,0,0,1
31,1,0,1,90,36,1,1,4,4,,0,0,0,1,0,0,0,1
33,1,0,0,90,32,1,1,4,4,,0,0,0,1,0,0,0,1
39,1,0,1,90,76,1,0,4,1,19,0,0,0,1,1,0,0,0
43,1,0,1,90,1,1,1,4,4,,0,0,0,1,0,0,0,1
44,1,0,1,90,17,1,1,4,4,,0,0,0,1,0,0,0,1
45,1,0,1,90,58,1,1,4,4,,0,0,0,1,0,0,0,1
46,1,0,1,90,15,1,1,4,4,20,0,0,0,1,0,0,0,1
47,1,0,1,90,81,1,0,4,1,58,0,0,0,1,1,0,0,0
49,1,0,0,90,10,1,1,4,4,66,0,0,0,1,0,0,0,1
51,1,0,0,90,37,1,0,4,3,52,0,0,0,1,0,0,1,0
53,1,0,0,90,59,1,0,4,1,,0,0,0,1,1,0,0,0
54,1,0,0,90,60,1,0,4,1,46,0,0,0,1,1,0,0,0
55,1,0,0,90,47,1,1,4,4,,0,0,0,1,0,0,0,1
57,1,0,1,90,10,1,1,4,3,28,0,0,0,1,0,0,1,0
60,1,0,0,90,62,1,1,4,3,54,0,0,0,1,0,0,1,0
61,1,0,0,90,10,1,1,4,3,32,0,0,0,1,0,0,1,0
62,1,0,0,90,29,1,0,4,2,44,0,0,0,1,0,1,0,0
63,1,0,0,90,64,1,1,4,4,61,0,0,0,1,0,0,0,1
69,1,0,1,90,63,1,1,4,3,55,0,0,0,1,0,0,1,0
71,1,0,1,90,13,1,1,4,3,,0,0,0,1,0,0,1,0
91,1,0,1,90,57,1,0,4,0,,0,0,0,1,0,0,0,0
132,0,1,1,90,39,1,1,4,3,,0,0,0,1,0,0,1,0
133,0,1,1,90,13,1,1,4,3,,0,0,0,1,0,0,1,0
136,0,1,0,90,66,1,1,4,3,,0,0,0,1,0,0,1,0
138,0,1,0,90,10,1,1,4,3,,0,0,0,1,0,0,1,0
139,0,1,1,90,62,1,1,4,4,58,0,0,0,1,0,0,0,1
179,1,0,0,90,31,1,0,4,0,,0,0,0,1,0,0,0,0
192,1,0,1,90,66,1,0,4,0,54,0,0,0,1,0,0,0,0
194,1,0,1,90,37,1,0,4,0,,0,0,0,1,0,0,0,0
195,0,0,1,90,59,1,0,4,0,61,0,0,0,1,0,0,0,0
199,1,0,1,90,42,1,1,4,4,1,0,0,0,1,0,0,0,1
200,1,0,1,90,47,1,1,4,4,33,0,0,0,1,0,0,0,1
207,1,0,0,90,60,1,0,4,0,58,0,0,0,1,0,0,0,0
212,1,0,0,90,38,1,0,4,0,,0,0,0,1,0,0,0,0
214,1,0,1,90,17,1,1,4,2,,0,0,0,1,0,1,0,0
215,0,0,1,90,41,1,1,4,2,,0,0,0,1,0,1,0,0
221,1,0,1,90,35,1,1,4,3,,0,0,0,1,0,0,1,0
223,0,0,1,90,50,1,1,4,2,,0,0,0,1,0,1,0,0
225,0,0,1,90,66,1,1,4,4,,0,0,0,1,0,0,0,1
226,1,0,0,90,15,1,1,4,4,28,0,0,0,1,0,0,0,1
228,0,0,0,90,58,1,1,4,4,69,0,0,0,1,0,0,0,1
230,0,0,1,90,68,1,1,4,4,,0,0,0,1,0,0,0,1
232,0,0,0,90,38,1,1,4,4,54,0,0,0,1,0,0,0,1
233,0,0,0,90,55,1,1,4,4,,0,0,0,1,0,0,0,1
241,1,0,0,90,68,1,1,4,2,,0,0,0,1,0,1,0,0
245,1,0,1,90,28,1,1,4,3,,0,0,0,1,0,0,1,0
246,1,0,1,90,44,1,1,4,3,,0,0,0,1,0,0,1,0
248,1,0,1,90,52,1,1,4,4,,0,0,0,1,0,0,0,1
251,1,0,0,90,50,1,1,4,4,,0,0,0,1,0,0,0,1
253,1,0,1,90,56,1,1,4,4,,0,0,0,1,0,0,0,1
257,1,0,1,90,48,1,1,4,4,,0,0,0,1,0,0,0,1
258,1,0,0,90,33,1,1,4,4,,0,0,0,1,0,0,0,1
261,1,0,1,90,42,1,1,4,3,32,0,0,0,1,0,0,1,0
263,1,0,1,90,50,1,1,4,4,,0,0,0,1,0,0,0,1
264,1,0,1,90,48,1,1,4,4,,0,0,0,1,0,0,0,1
265,1,0,1,90,23,1,1,4,4,,0,0,0,1,0,0,0,1
268,1,0,0,90,10,1,1,4,3,,0,0,0,1,0,0,1,0
270,1,0,1,90,60,1,1,4,3,,0,0,0,1,0,0,1,0
271,1,0,1,90,42,1,1,4,3,,0,0,0,1,0,0,1,0
272,1,0,0,90,33,1,1,4,4,,0,0,0,1,0,0,0,1
273,1,0,0,90,47,1,1,4,3,58,0,0,0,1,0,0,1,0
274,1,0,0,90,35,1,1,4,3,,0,0,0,1,0,0,1,0
275,1,0,1,90,50,1,0,4,1,42,0,0,0,1,1,0,0,0
276,1,0,0,90,45,1,1,4,3,,0,0,0,1,0,0,1,0
280,1,0,0,90,7,1,1,4,3,,0,0,0,1,0,0,1,0
283,1,0,1,90,20,1,1,4,3,,0,0,0,1,0,0,1,0
288,1,0,1,90,31,1,1,4,4,41,0,0,0,1,0,0,0,1
294,1,0,1,90,54,1,1,4,4,,0,0,0,1,0,0,0,1
295,1,0,1,90,52,1,1,4,4,,0,0,0,1,0,0,0,1
298,1,0,0,90,46,1,1,4,4,15,0,0,0,1,0,0,0,1
301,1,0,0,90,99,1,1,4,4,,0,0,0,1,0,0,0,1
302,1,0,0,90,51,1,1,4,4,31,0,0,0,1,0,0,0,1
306,1,0,0,90,28,1,1,4,4,20,0,0,0,1,0,0,0,1
312,1,0,1,90,51,1,1,4,4,31,0,0,0,1,0,0,0,1
314,1,0,0,90,85,1,1,4,3,,0,0,0,1,0,0,1,0
316,1,0,1,90,50,1,1,4,4,31,0,0,0,1,0,0,0,1
317,1,0,0,90,13,1,1,4,4,,0,0,0,1,0,0,0,1
320,1,0,1,90,48,1,1,4,4,,0,0,0,1,0,0,0,1
321,1,0,1,90,80,1,1,4,3,,0,0,0,1,0,0,1,0
322,1,0,0,90,73,1,1,4,4,,0,0,0,1,0,0,0,1
323,1,0,0,90,59,1,1,4,4,,0,0,0,1,0,0,0,1
324,1,0,0,90,35,1,1,4,4,,0,0,0,1,0,0,0,1
325,1,0,1,90,10,1,0,4,2,32,0,0,0,1,0,1,0,0
340,1,0,1,90,48,1,1,4,4,,0,0,0,1,0,0,0,1
341,0,1,1,90,38,1,1,4,4,,0,0,0,1,0,0,0,1
342,0,1,0,90,67,1,0,4,1,55,0,0,0,1,1,0,0,0
353,0,1,1,90,48,1,1,4,3,32,0,0,0,1,0,0,1,0
354,0,1,1,90,45,1,0,4,1,,0,0,0,1,1,0,0,0
370,1,0,0,91,32,1,1,3,2,,0,0,1,0,0,1,0,0
371,1,0,1,91,46,1,1,3,2,,0,0,1,0,0,1,0,0
372,0,1,1,91,36,1,1,3,2,59,0,0,1,0,0,1,0,0
379,1,0,0,93,32,1,1,1,1,,1,0,0,0,1,0,0,0
380,1,0,0,91,42,1,0,3,1,20,0,0,1,0,1,0,0,0
381,1,0,0,93,67,1,1,1,1,,1,0,0,0,1,0,0,0
382,1,0,1,91,59,1,1,3,3,58,0,0,1,0,0,0,1,0
385,1,0,0,91,99,1,1,3,2,,0,0,1,0,0,1,0,0
387,1,0,0,91,7,1,1,3,2,,0,0,1,0,0,1,0,0
391,1,0,0,91,40,1,1,3,3,39,0,0,1,0,0,0,1,0
392,1,0,0,91,45,1,1,3,2,,0,0,1,0,0,1,0,0
394,1,0,1,91,31,1,1,3,3,56,0,0,1,0,0,0,1,0
396,1,0,1,91,55,1,1,3,3,,0,0,1,0,0,0,1,0
397,1,0,1,91,61,1,1,3,2,,0,0,1,0,0,1,0,0
398,1,0,1,91,41,1,1,3,3,,0,0,1,0,0,0,1,0
402,1,0,1,91,52,1,1,3,3,57,0,0,1,0,0,0,1,0
403,1,0,1,91,47,1,1,3,3,,0,0,1,0,0,0,1,0
405,1,0,1,91,56,1,1,3,2,,0,0,1,0,0,1,0,0
412,1,0,0,91,32,1,1,3,3,,0,0,1,0,0,0,1,0
415,1,0,1,91,17,1,1,3,3,,0,0,1,0,0,0,1,0
421,1,0,0,91,46,1,1,3,2,,0,0,1,0,0,1,0,0
427,1,0,1,91,28,1,0,3,1,41,0,0,1,0,1,0,0,0
432,1,0,1,91,38,1,1,3,2,,0,0,1,0,0,1,0,0
436,1,0,1,91,68,1,1,3,3,,0,0,1,0,0,0,1,0
438,1,0,1,91,36,1,1,3,3,,0,0,1,0,0,0,1,0
439,1,0,1,91,29,1,1,3,2,15,0,0,1,0,0,1,0,0
440,1,0,0,91,34,1,1,3,2,,0,0,1,0,0,1,0,0
442,1,0,0,91,17,1,0,3,0,25,0,0,1,0,0,0,0,0
443,1,0,1,93,25,1,1,1,2,,1,0,0,0,0,1,0,0
444,1,0,1,91,38,1,1,3,1,,0,0,1,0,1,0,0,0
451,1,0,0,91,62,1,1,3,3,,0,0,1,0,0,0,1,0
452,1,0,0,91,44,1,1,3,2,,0,0,1,0,0,1,0,0
453,1,0,1,91,34,1,1,3,3,,0,0,1,0,0,0,1,0
457,1,0,0,91,51,1,1,3,2,,0,0,1,0,0,1,0,0
459,1,0,0,91,90,1,1,3,2,,0,0,1,0,0,1,0,0
484,1,0,1,92,48,1,1,2,1,,0,1,0,0,1,0,0,0
490,0,1,1,91,1,1,1,3,2,,0,0,1,0,0,1,0,0
492,1,0,1,91,7,1,1,3,2,,0,0,1,0,0,1,0,0
494,0,0,0,91,28,1,1,3,2,,0,0,1,0,0,1,0,0
497,0,1,0,91,34,1,1,3,1,,0,0,1,0,1,0,0,0
498,1,0,0,91,20,1,1,3,3,41,0,0,1,0,0,0,1,0
503,1,0,0,91,52,1,1,3,3,,0,0,1,0,0,0,1,0
504,1,0,1,91,39,1,1,3,3,,0,0,1,0,0,0,1,0
505,1,0,0,91,17,1,1,3,3,,0,0,1,0,0,0,1,0
508,1,0,1,91,35,1,0,3,2,,0,0,1,0,0,1,0,0
510,1,0,0,91,28,1,1,3,2,,0,0,1,0,0,1,0,0
511,1,0,1,91,35,1,1,3,2,1,0,0,1,0,0,1,0,0
514,1,0,0,91,1,1,0,3,1,,0,0,1,0,1,0,0,0
515,1,0,1,91,62,1,1,3,3,48,0,0,1,0,0,0,1,0
516,1,0,0,91,17,1,0,3,1,25,0,0,1,0,1,0,0,0
518,1,0,0,91,10,1,1,3,3,15,0,0,1,0,0,0,1,0
519,1,0,0,91,31,1,1,3,3,,0,0,1,0,0,0,1,0
520,1,0,0,91,47,1,1,3,3,41,0,0,1,0,0,0,1,0
522,1,0,0,91,38,1,1,3,3,10,0,0,1,0,0,0,1,0
523,1,0,1,91,17,1,0,3,2,34,0,0,1,0,0,1,0,0
525,1,0,1,91,45,1,1,3,3,,0,0,1,0,0,0,1,0
526,1,0,1,91,41,1,1,3,3,,0,0,1,0,0,0,1,0
529,1,0,1,91,31,1,0,3,2,,0,0,1,0,0,1,0,0
531,1,0,0,91,48,1,1,3,3,,0,0,1,0,0,0,1,0
533,1,0,0,91,46,1,0,3,1,,0,0,1,0,1,0,0,0
535,1,0,0,91,81,1,0,3,2,,0,0,1,0,0,1,0,0
536,1,0,1,91,22,1,1,3,3,,0,0,1,0,0,0,1,0
538,1,0,1,91,51,1,1,3,3,,0,0,1,0,0,0,1,0
543,1,0,0,91,20,1,1,3,1,,0,0,1,0,1,0,0,0
545,1,0,1,91,45,1,1,3,1,,0,0,1,0,1,0,0,0
555,1,0,0,91,44,1,1,3,3,45,0,0,1,0,0,0,1,0
556,1,0,1,91,46,1,1,3,3,59,0,0,1,0,0,0,1,0
558,1,0,0,91,30,1,0,3,1,,0,0,1,0,1,0,0,0
559,1,0,0,91,54,1,1,3,3,,0,0,1,0,0,0,1,0
560,1,0,1,91,38,1,1,3,3,,0,0,1,0,0,0,1,0
563,1,0,0,91,22,1,1,3,2,,0,0,1,0,0,1,0,0
564,1,0,1,91,22,1,1,3,3,34,0,0,1,0,0,0,1,0
567,1,0,0,91,1,1,1,3,3,,0,0,1,0,0,0,1,0
580,1,0,0,91,48,1,1,3,3,,0,0,1,0,0,0,1,0
585,1,0,1,91,17,1,1,3,3,,0,0,1,0,0,0,1,0
588,1,0,1,91,34,1,1,3,3,,0,0,1,0,0,0,1,0
592,1,0,0,91,10,1,1,3,3,,0,0,1,0,0,0,1,0
595,1,0,0,91,48,1,1,3,3,,0,0,1,0,0,0,1,0
596,1,0,1,91,46,1,1,3,3,,0,0,1,0,0,0,1,0
597,1,0,0,91,46,1,1,3,3,,0,0,1,0,0,0,1,0
598,1,0,1,91,41,1,1,3,3,,0,0,1,0,0,0,1,0
612,1,0,0,91,40,1,0,3,1,36,0,0,1,0,1,0,0,0
625,1,0,0,91,48,1,1,3,3,,0,0,1,0,0,0,1,0
627,1,0,0,91,46,1,1,3,3,,0,0,1,0,0,0,1,0
628,1,0,1,91,61,1,1,3,2,,0,0,1,0,0,1,0,0
631,1,0,1,91,48,1,1,3,3,,0,0,1,0,0,0,1,0
632,1,0,0,91,51,1,1,3,3,,0,0,1,0,0,0,1,0
633,1,0,1,91,44,1,1,3,3,,0,0,1,0,0,0,1,0
635,1,0,1,91,20,1,1,3,3,,0,0,1,0,0,0,1,0
636,1,0,0,91,42,1,0,3,1,25,0,0,1,0,1,0,0,0
637,1,0,1,91,55,1,1,3,3,,0,0,1,0,0,0,1,0
638,1,0,1,91,25,1,1,3,3,,0,0,1,0,0,0,1,0
639,1,0,0,91,53,1,1,3,3,,0,0,1,0,0,0,1,0
640,1,0,1,91,44,1,1,3,3,,0,0,1,0,0,0,1,0
641,1,0,1,91,28,1,1,3,3,,0,0,1,0,0,0,1,0
642,0,1,1,91,45,1,1,3,3,,0,0,1,0,0,0,1,0
645,1,0,0,91,64,1,1,3,1,,0,0,1,0,1,0,0,0
651,0,1,0,91,42,1,1,3,1,,0,0,1,0,1,0,0,0
656,0,1,1,91,48,1,1,3,1,,0,0,1,0,1,0,0,0
667,0,1,1,91,25,1,1,3,1,,0,0,1,0,1,0,0,0
668,0,1,1,91,90,1,1,3,2,,0,0,1,0,0,1,0,0
669,0,1,1,91,32,1,1,3,2,,0,0,1,0,0,1,0,0
672,0,1,1,91,34,1,1,3,2,,0,0,1,0,0,1,0,0
674,0,1,1,91,56,1,1,3,2,,0,0,1,0,0,1,0,0
675,0,1,0,92,90,1,1,2,1,,0,1,0,0,1,0,0,0
676,0,1,1,91,61,1,1,3,2,,0,0,1,0,0,1,0,0
678,0,1,0,91,41,1,1,3,2,,0,0,1,0,0,1,0,0
682,0,1,0,91,44,1,1,3,2,,0,0,1,0,0,1,0,0
683,0,1,1,91,72,1,1,3,2,,0,0,1,0,0,1,0,0
688,0,1,0,91,41,1,1,3,2,,0,0,1,0,0,1,0,0
689,0,1,1,91,41,1,1,3,3,,0,0,1,0,0,0,1,0
693,0,1,1,91,13,1,1,3,3,,0,0,1,0,0,0,1,0
697,0,1,1,91,34,1,1,3,3,,0,0,1,0,0,0,1,0
698,0,1,1,91,53,1,1,3,3,,0,0,1,0,0,0,1,0
699,0,1,1,91,13,1,1,3,3,,0,0,1,0,0,0,1,0
701,1,0,0,91,23,1,1,3,3,,0,0,1,0,0,0,1,0
704,0,1,0,91,85,1,1,3,3,,0,0,1,0,0,0,1,0
705,0,1,0,91,56,1,1,3,3,,0,0,1,0,0,0,1,0
707,0,1,0,91,33,1,1,3,3,,0,0,1,0,0,0,1,0
710,0,1,1,91,58,1,1,3,3,,0,0,1,0,0,0,1,0
712,0,1,1,91,46,1,1,3,3,,0,0,1,0,0,0,1,0
713,0,1,1,91,42,1,1,3,3,,0,0,1,0,0,0,1,0
715,0,1,1,91,15,1,1,3,3,,0,0,1,0,0,0,1,0
717,0,1,1,91,37,1,1,3,3,,0,0,1,0,0,0,1,0
718,0,1,0,91,77,1,0,3,0,66,0,0,1,0,0,0,0,0
719,0,1,1,91,70,1,0,3,0,61,0,0,1,0,0,0,0,0
724,1,0,1,91,17,1,0,3,0,29,0,0,1,0,0,0,0,0
727,0,1,0,91,58,1,1,3,3,,0,0,1,0,0,0,1,0
730,0,1,0,91,26,1,1,3,3,,0,0,1,0,0,0,1,0
731,0,1,1,91,20,1,1,3,2,,0,0,1,0,0,1,0,0
733,0,1,0,91,36,1,1,3,3,,0,0,1,0,0,0,1,0
734,0,1,0,91,28,1,1,3,3,,0,0,1,0,0,0,1,0
737,0,1,1,91,22,1,1,3,3,,0,0,1,0,0,0,1,0
738,0,1,0,91,46,1,1,3,3,,0,0,1,0,0,0,1,0
742,0,1,0,91,33,1,1,3,3,,0,0,1,0,0,0,1,0
743,0,1,1,91,28,1,1,3,3,,0,0,1,0,0,0,1,0
751,0,1,1,91,56,1,1,3,3,,0,0,1,0,0,0,1,0
754,0,1,1,91,87,1,1,3,3,,0,0,1,0,0,0,1,0
768,1,0,1,91,54,1,1,3,2,,0,0,1,0,0,1,0,0
769,1,0,0,90,51,1,1,4,4,,0,0,0,1,0,0,0,1
770,1,0,1,90,31,1,1,4,4,56,0,0,0,1,0,0,0,1
772,1,0,1,90,46,1,1,4,4,,0,0,0,1,0,0,0,1
774,1,0,1,90,59,1,0,4,3,68,0,0,0,1,0,0,1,0
775,1,0,1,90,32,1,1,4,4,1,0,0,0,1,0,0,0,1
776,1,0,1,90,42,1,1,4,2,,0,0,0,1,0,1,0,0
783,1,0,1,90,50,1,1,4,4,,0,0,0,1,0,0,0,1
784,1,0,0,90,28,1,1,4,3,15,0,0,0,1,0,0,1,0
786,1,0,0,90,1,1,1,4,4,,0,0,0,1,0,0,0,1
787,1,0,0,90,15,1,1,4,4,,0,0,0,1,0,0,0,1
789,1,0,0,91,42,1,1,3,1,,0,0,1,0,1,0,0,0
791,1,0,1,91,63,1,1,3,3,,0,0,1,0,0,0,1,0
792,1,0,1,91,48,1,1,3,3,,0,0,1,0,0,0,1,0
797,0,0,0,91,1,1,1,3,1,,0,0,1,0,1,0,0,0
798,0,1,1,91,1,1,1,3,2,,0,0,1,0,0,1,0,0
799,0,1,1,91,15,1,1,3,3,38,0,0,1,0,0,0,1,0
800,0,1,1,91,33,1,1,3,3,,0,0,1,0,0,0,1,0
801,0,1,0,91,30,1,1,3,3,,0,0,1,0,0,0,1,0
840,1,0,0,90,29,1,0,4,2,10,0,0,0,1,0,1,0,0
845,1,0,0,90,45,1,1,4,4,31,0,0,0,1,0,0,0,1
847,1,0,1,90,55,1,1,4,4,,0,0,0,1,0,0,0,1
867,1,0,0,90,45,1,1,4,4,28,0,0,0,1,0,0,0,1
868,1,0,1,90,44,1,1,4,4,25,0,0,0,1,0,0,0,1
871,1,0,1,91,44,1,0,3,2,,0,0,1,0,0,1,0,0
874,0,1,0,90,28,1,0,4,2,,0,0,0,1,0,1,0,0
875,1,0,0,91,64,1,1,3,2,64,0,0,1,0,0,1,0,0
883,1,0,0,91,45,1,1,3,1,,0,0,1,0,1,0,0,0
1006,1,0,1,90,31,0,0,0,0,32,0,0,0,0,0,0,0,0
1008,1,0,0,90,31,0,0,0,0,20,0,0,0,0,0,0,0,0
1009,1,0,0,90,17,0,0,0,0,25,0,0,0,0,0,0,0,0
1013,0,0,1,93,38,1,1,1,1,,1,0,0,0,1,0,0,0
1014,0,1,1,90,59,0,0,0,0,50,0,0,0,0,0,0,0,0
1039,0,1,1,90,81,0,0,0,0,85,0,0,0,0,0,0,0,0
1046,0,1,0,90,52,0,0,0,0,45,0,0,0,0,0,0,0,0
1048,0,1,0,90,1,0,0,0,0,32,0,0,0,0,0,0,0,0
1054,0,1,0,90,93,1,0,4,0,59,0,0,0,1,0,0,0,0
1115,1,0,0,90,10,0,0,0,0,,0,0,0,0,0,0,0,0
1116,1,0,0,90,40,0,0,0,0,,0,0,0,0,0,0,0,0
1172,1,0,1,92,13,1,0,2,1,,0,1,0,0,1,0,0,0
1204,1,0,1,90,17,0,0,0,0,,0,0,0,0,0,0,0,0
1220,1,0,1,93,39,1,1,1,1,,1,0,0,0,1,0,0,0
1222,1,0,0,92,15,1,1,2,1,,0,1,0,0,1,0,0,0
1224,1,0,0,91,66,1,1,3,3,,0,0,1,0,0,0,1,0
1225,1,0,1,92,45,1,1,2,1,,0,1,0,0,1,0,0,0
1243,1,0,1,90,23,0,0,0,0,20,0,0,0,0,0,0,0,0
1249,1,0,0,90,17,0,0,0,0,25,0,0,0,0,0,0,0,0
1269,1,0,0,90,31,0,0,0,0,,0,0,0,0,0,0,0,0
1302,0,0,1,91,64,0,0,0,0,,0,0,0,0,0,0,0,0
1309,1,0,0,91,48,0,0,0,0,44,0,0,0,0,0,0,0,0
1312,1,0,0,93,45,1,1,1,1,,1,0,0,0,1,0,0,0
1332,0,0,0,91,37,0,0,0,0,,0,0,0,0,0,0,0,0
1333,1,0,1,92,48,1,1,2,2,,0,1,0,0,0,1,0,0
1340,1,0,1,91,46,1,1,3,3,,0,0,1,0,0,0,1,0
1343,1,0,0,92,38,1,1,2,2,,0,1,0,0,0,1,0,0
1351,1,0,0,91,25,1,0,3,0,,0,0,1,0,0,0,0,0
1353,1,0,0,91,1,0,0,0,0,22,0,0,0,0,0,0,0,0
1362,1,0,1,92,61,1,1,2,2,,0,1,0,0,0,1,0,0
1364,1,0,1,92,44,1,1,2,2,,0,1,0,0,0,1,0,0
1396,1,0,0,92,39,1,1,2,2,,0,1,0,0,0,1,0,0
1398,1,0,0,92,64,1,1,2,2,,0,1,0,0,0,1,0,0
1411,1,0,0,91,22,0,0,0,0,,0,0,0,0,0,0,0,0
1434,0,1,1,92,32,1,1,2,1,,0,1,0,0,1,0,0,0
1460,0,1,1,92,7,1,1,2,2,,0,1,0,0,0,1,0,0
1461,0,1,1,92,59,1,1,2,2,,0,1,0,0,0,1,0,0
1467,0,1,1,92,61,1,1,2,2,55,0,1,0,0,0,1,0,0
1471,0,1,0,93,53,1,1,1,1,,1,0,0,0,1,0,0,0
1474,1,0,0,92,1,0,0,0,0,38,0,0,0,0,0,0,0,0
1481,1,0,1,93,54,1,1,1,1,,1,0,0,0,1,0,0,0
1495,1,0,1,93,58,1,1,1,1,,1,0,0,0,1,0,0,0
1513,1,0,1,92,59,0,0,0,0,,0,0,0,0,0,0,0,0
1530,1,0,0,92,48,0,0,0,0,20,0,0,0,0,0,0,0,0
1549,0,0,0,92,47,1,1,2,2,,0,1,0,0,0,1,0,0
1554,0,0,0,92,52,0,0,0,0,64,0,0,0,0,0,0,0,0
1555,0,1,1,92,64,0,0,0,0,66,0,0,0,0,0,0,0,0
1580,0,1,1,92,66,0,0,0,0,,0,0,0,0,0,0,0,0
1592,1,0,0,92,33,1,1,2,2,,0,1,0,0,0,1,0,0
1595,1,0,1,92,52,0,0,0,0,87,0,0,0,0,0,0,0,0
1606,1,0,1,92,47,0,0,0,0,42,0,0,0,0,0,0,0,0
1612,1,0,1,93,29,1,1,1,1,,1,0,0,0,1,0,0,0
1624,1,0,1,93,61,1,1,1,1,,1,0,0,0,1,0,0,0
1637,0,1,1,92,45,0,0,0,0,,0,0,0,0,0,0,0,0
1638,1,0,1,93,25,1,1,1,1,,1,0,0,0,1,0,0,0
1659,1,0,0,92,1,0,0,0,0,7,0,0,0,0,0,0,0,0
1661,1,0,0,93,1,1,1,1,1,,1,0,0,0,1,0,0,0
1667,1,0,1,92,10,0,0,0,0,15,0,0,0,0,0,0,0,0
1677,1,0,0,93,29,1,1,1,1,,1,0,0,0,1,0,0,0
1678,1,0,0,92,1,1,1,2,2,,0,1,0,0,0,1,0,0
1687,1,0,0,93,26,1,1,1,1,15,1,0,0,0,1,0,0,0
1707,1,0,1,92,23,0,0,0,0,,0,0,0,0,0,0,0,0
1710,1,0,1,93,25,1,1,1,1,,1,0,0,0,1,0,0,0
1715,1,0,0,93,64,1,1,1,1,,1,0,0,0,1,0,0,0
1720,1,0,1,92,38,0,0,0,0,,0,0,0,0,0,0,0,0
1726,1,0,0,92,72,0,0,0,0,,0,0,0,0,0,0,0,0
1772,1,0,0,93,10,0,0,0,0,,0,0,0,0,0,0,0,0
1773,1,0,1,93,33,0,1,0,1,,0,0,0,0,1,0,0,0
1777,1,0,1,93,25,0,0,0,0,,0,0,0,0,0,0,0,0
1785,1,0,0,93,64,1,1,1,1,,1,0,0,0,1,0,0,0
1795,1,0,1,93,44,0,0,0,0,41,0,0,0,0,0,0,0,0
1866,1,0,0,93,31,0,0,0,0,,0,0,0,0,0,0,0,0
1880,1,0,1,93,47,0,0,0,0,,0,0,0,0,0,0,0,0
1888,1,0,0,93,41,0,0,0,0,,0,0,0,0,0,0,0,0
1893,1,0,0,93,37,0,0,0,0,22,0,0,0,0,0,0,0,0
1899,1,0,1,93,10,0,0,0,0,1,0,0,0,0,0,0,0,0
1935,1,0,0,93,10,0,0,0,0,,0,0,0,0,0,0,0,0
1938,1,0,1,93,44,0,0,0,0,29,0,0,0,0,0,0,0,0
1939,1,0,0,93,75,0,0,0,0,,0,0,0,0,0,0,0,0
10007,1,0,1,91,51,0,0,0,0,,0,0,0,0,0,0,0,0
10088,1,0,0,93,34,0,0,0,0,,0,0,0,0,0,0,0,0
10092,0,0,1,93,77,0,0,0,0,,0,0,0,0,0,0,0,0
10142,1,0,1,92,58,0,0,0,0,,0,0,0,0,0,0,0,0
10144,1,0,1,92,28,0,0,0,0,,0,0,0,0,0,0,0,0
10149,1,0,1,93,40,0,0,0,0,,0,0,0,0,0,0,0,0
10163,0,0,1,92,38,0,0,0,0,,0,0,0,0,0,0,0,0
10186,0,0,1,92,69,0,0,0,0,,0,0,0,0,0,0,0,0
10194,1,0,1,93,51,0,0,0,0,,0,0,0,0,0,0,0,0
10220,0,0,0,92,99,0,0,0,0,,0,0,0,0,0,0,0,0
10225,1,0,0,93,19,0,0,0,0,,0,0,0,0,0,0,0,0
10250,1,0,1,92,40,0,0,0,0,,0,0,0,0,0,0,0,0
10257,0,0,0,93,54,0,0,0,0,,0,0,0,0,0,0,0,0
10280,1,0,0,93,34,0,0,0,0,,0,0,0,0,0,0,0,0
10304,0,0,0,91,75,0,0,0,0,,0,0,0,0,0,0,0,0
10305,0,0,1,91,64,0,0,0,0,,0,0,0,0,0,0,0,0
10351,1,0,0,93,20,0,0,0,0,,0,0,0,0,0,0,0,0
10359,0,0,0,93,57,0,0,0,0,,0,0,0,0,0,0,0,0
10369,1,0,0,91,61,0,0,0,0,,0,0,0,0,0,0,0,0
10385,0,1,1,92,41,0,0,0,0,,0,0,0,0,0,0,0,0
10406,0,1,0,91,36,0,0,0,0,,0,0,0,0,0,0,0,0
10458,1,0,1,91,51,0,0,0,0,,0,0,0,0,0,0,0,0
10469,0,0,0,93,46,0,0,0,0,,0,0,0,0,0,0,0,0
10562,0,1,0,91,7,0,0,0,0,,0,0,0,0,0,0,0,0
10566,0,0,1,93,54,0,0,0,0,,0,0,0,0,0,0,0,0
10569,0,0,1,92,66,0,0,0,0,,0,0,0,0,0,0,0,0
10580,1,0,1,91,57,0,0,0,0,,0,0,0,0,0,0,0,0
10584,1,0,1,91,71,0,0,0,0,,0,0,0,0,0,0,0,0
10620,0,0,1,93,23,0,0,0,0,,0,0,0,0,0,0,0,0
10621,1,0,1,91,48,0,0,0,0,,0,0,0,0,0,0,0,0
10624,1,0,1,91,40,0,0,0,0,,0,0,0,0,0,0,0,0
10645,1,0,0,93,34,0,0,0,0,,0,0,0,0,0,0,0,0
10673,0,0,0,91,1,0,0,0,0,,0,0,0,0,0,0,0,0
10690,0,0,0,91,66,0,0,0,0,,0,0,0,0,0,0,0,0
10743,1,0,1,92,87,0,0,0,0,,0,0,0,0,0,0,0,0
10770,0,0,0,90,32,0,0,0,0,,0,0,0,0,0,0,0,0
10783,1,0,1,90,31,0,0,0,0,,0,0,0,0,0,0,0,0
10785,0,0,0,90,35,0,0,0,0,29,0,0,0,0,0,0,0,0
10795,1,0,1,90,45,0,0,0,0,25,0,0,0,0,0,0,0,0
10805,1,0,1,90,57,0,0,0,0,,0,0,0,0,0,0,0,0
10832,0,0,0,90,50,0,0,0,0,,0,0,0,0,0,0,0,0
10849,0,0,1,90,74,0,0,0,0,,0,0,0,0,0,0,0,0
10872,0,1,1,91,48,0,0,0,0,,0,0,0,0,0,0,0,0
10879,1,0,1,91,31,0,0,0,0,,0,0,0,0,0,0,0,0
10926,1,0,1,90,80,0,0,0,0,,0,0,0,0,0,0,0,0
10942,1,0,1,91,35,0,0,0,0,,0,0,0,0,0,0,0,0
10953,1,0,1,90,69,0,0,0,0,,0,0,0,0,0,0,0,0
10956,0,0,1,90,56,0,0,0,0,,0,0,0,0,0,0,0,0
11010,1,0,0,90,15,0,0,0,0,,0,0,0,0,0,0,0,0
11011,0,0,0,91,76,0,0,0,0,,0,0,0,0,0,0,0,0
11030,1,0,0,90,10,0,0,0,0,10,0,0,0,0,0,0,0,0
11034,0,0,0,91,99,0,0,0,0,,0,0,0,0,0,0,0,0
11044,0,0,0,91,45,0,0,0,0,,0,0,0,0,0,0,0,0
11080,0,1,1,91,28,0,0,0,0,,0,0,0,0,0,0,0,0
11084,0,0,1,91,37,0,0,0,0,,0,0,0,0,0,0,0,0
11085,0,0,0,91,39,0,0,0,0,,0,0,0,0,0,0,0,0
11107,1,0,1,93,1,0,0,0,0,,0,0,0,0,0,0,0,0
11108,0,0,0,90,77,0,0,0,0,,0,0,0,0,0,0,0,0
11115,1,0,1,90,33,0,0,0,0,1,0,0,0,0,0,0,0,0
11129,1,0,1,93,66,0,0,0,0,,0,0,0,0,0,0,0,0
11147,1,0,1,91,54,0,0,0,0,,0,0,0,0,0,0,0,0
11151,1,0,1,91,50,0,0,0,0,,0,0,0,0,0,0,0,0
11165,1,0,0,91,81,0,0,0,0,,0,0,0,0,0,0,0,0
11184,1,0,1,90,23,0,0,0,0,,0,0,0,0,0,0,0,0
11187,1,0,1,90,45,0,0,0,0,,0,0,0,0,0,0,0,0
11200,1,0,1,90,81,0,0,0,0,,0,0,0,0,0,0,0,0
11203,1,0,0,91,25,0,0,0,0,,0,0,0,0,0,0,0,0
11217,1,0,0,93,20,0,0,0,0,,0,0,0,0,0,0,0,0
11244,0,0,1,91,52,0,0,0,0,,0,0,0,0,0,0,0,0
11263,1,0,0,91,23,0,0,0,0,,0,0,0,0,0,0,0,0
11264,1,0,1,90,57,0,0,0,0,,0,0,0,0,0,0,0,0
11283,1,0,0,90,35,0,0,0,0,,0,0,0,0,0,0,0,0
11284,0,0,1,90,20,0,0,0,0,39,0,0,0,0,0,0,0,0
11286,0,1,0,90,29,0,0,0,0,58,0,0,0,0,0,0,0,0
11287,1,0,0,90,40,0,0,0,0,,0,0,0,0,0,0,0,0
11288,1,0,0,90,28,0,0,0,0,,0,0,0,0,0,0,0,0
11289,0,1,1,90,59,0,0,0,0,52,0,0,0,0,0,0,0,0
11290,1,0,0,90,28,0,0,0,0,29,0,0,0,0,0,0,0,0
11292,1,0,0,90,47,0,0,0,0,44,0,0,0,0,0,0,0,0
11294,0,0,1,90,47,0,0,0,0,28,0,0,0,0,0,0,0,0
11297,1,0,0,90,50,0,0,0,0,48,0,0,0,0,0,0,0,0
11298,1,0,1,90,60,0,0,0,0,,0,0,0,0,0,0,0,0
11299,1,0,0,90,52,0,0,0,0,,0,0,0,0,0,0,0,0
11302,0,1,0,91,59,0,0,0,0,,0,0,0,0,0,0,0,0
11303,0,0,1,90,48,0,0,0,0,,0,0,0,0,0,0,0,0
11304,1,0,0,90,15,0,0,0,0,32,0,0,0,0,0,0,0,0
11305,0,0,1,90,37,0,0,0,0,42,0,0,0,0,0,0,0,0
11307,0,0,1,90,66,0,0,0,0,42,0,0,0,0,0,0,0,0
11309,1,0,1,90,42,0,0,0,0,43,0,0,0,0,0,0,0,0
11310,1,0,0,90,35,0,0,0,0,58,0,0,0,0,0,0,0,0
11313,0,0,1,90,29,0,0,0,0,64,0,0,0,0,0,0,0,0
11315,0,0,1,90,59,0,0,0,0,45,0,0,0,0,0,0,0,0
11316,1,0,0,90,99,0,0,0,0,,0,0,0,0,0,0,0,0
11320,1,0,0,90,55,0,0,0,0,50,0,0,0,0,0,0,0,0
11321,0,0,0,90,90,0,0,0,0,99,0,0,0,0,0,0,0,0
11325,0,0,1,90,78,0,0,0,0,,0,0,0,0,0,0,0,0
11327,1,0,0,90,38,0,0,0,0,58,0,0,0,0,0,0,0,0
11328,1,0,1,90,60,0,0,0,0,70,0,0,0,0,0,0,0,0
11329,0,0,1,90,60,0,0,0,0,70,0,0,0,0,0,0,0,0
11330,1,0,1,90,42,0,0,0,0,22,0,0,0,0,0,0,0,0
11331,1,0,0,90,50,0,0,0,0,77,0,0,0,0,0,0,0,0
11332,1,0,1,90,38,0,0,0,0,,0,0,0,0,0,0,0,0
11333,1,0,1,90,68,0,0,0,0,,0,0,0,0,0,0,0,0
11336,0,0,0,90,90,0,0,0,0,,0,0,0,0,0,0,0,0
11337,0,0,0,90,78,0,0,0,0,,0,0,0,0,0,0,0,0
11338,0,0,0,90,78,0,0,0,0,,0,0,0,0,0,0,0,0
11339,1,0,0,90,70,0,0,0,0,,0,0,0,0,0,0,0,0
11342,1,0,0,90,29,0,0,0,0,55,0,0,0,0,0,0,0,0
11343,0,0,0,90,35,0,0,0,0,25,0,0,0,0,0,0,0,0
11344,1,0,1,90,70,0,0,0,0,,0,0,0,0,0,0,0,0
11345,0,0,0,90,62,0,0,0,0,,0,0,0,0,0,0,0,0
11346,0,0,0,90,23,0,0,0,0,,0,0,0,0,0,0,0,0
11347,0,0,1,90,55,0,0,0,0,,0,0,0,0,0,0,0,0
11349,0,0,1,90,78,0,0,0,0,,0,0,0,0,0,0,0,0
11350,1,0,0,90,38,0,0,0,0,,0,0,0,0,0,0,0,0
11353,0,0,0,90,50,0,0,0,0,,0,0,0,0,0,0,0,0
11354,0,0,1,90,64,0,0,0,0,,0,0,0,0,0,0,0,0
11355,0,0,0,90,78,0,0,0,0,,0,0,0,0,0,0,0,0
11358,1,0,0,90,66,0,0,0,0,53,0,0,0,0,0,0,0,0
11359,0,1,1,91,15,0,0,0,0,,0,0,0,0,0,0,0,0
11360,0,0,0,90,29,0,0,0,0,,0,0,0,0,0,0,0,0
11361,1,0,0,90,17,0,0,0,0,25,0,0,0,0,0,0,0,0
11363,1,0,0,90,50,0,0,0,0,,0,0,0,0,0,0,0,0
11364,0,0,0,90,67,0,0,0,0,87,0,0,0,0,0,0,0,0
11365,1,0,1,90,45,0,0,0,0,,0,0,0,0,0,0,0,0
11366,0,0,1,90,60,0,0,0,0,,0,0,0,0,0,0,0,0
11367,1,0,0,90,57,0,0,0,0,44,0,0,0,0,0,0,0,0
11372,1,0,0,90,59,0,0,0,0,52,0,0,0,0,0,0,0,0
11373,1,0,1,90,59,0,0,0,0,50,0,0,0,0,0,0,0,0
11375,0,0,1,90,55,0,0,0,0,,0,0,0,0,0,0,0,0
11376,1,0,1,90,52,0,0,0,0,50,0,0,0,0,0,0,0,0
11377,1,0,1,90,60,0,0,0,0,,0,0,0,0,0,0,0,0
11379,1,0,1,90,38,0,0,0,0,38,0,0,0,0,0,0,0,0
11380,1,0,1,90,35,0,0,0,0,58,0,0,0,0,0,0,0,0
11381,1,0,1,90,52,0,0,0,0,,0,0,0,0,0,0,0,0
11383,1,0,1,92,1,0,0,0,0,,0,0,0,0,0,0,0,0
11384,1,0,1,90,70,0,0,0,0,52,0,0,0,0,0,0,0,0
11385,0,0,1,90,44,0,0,0,0,45,0,0,0,0,0,0,0,0
11386,1,0,0,90,40,0,0,0,0,,0,0,0,0,0,0,0,0
11387,0,1,1,92,28,0,0,0,0,,0,0,0,0,0,0,0,0
11388,0,0,1,90,55,0,0,0,0,62,0,0,0,0,0,0,0,0
11389,1,0,1,90,1,0,0,0,0,50,0,0,0,0,0,0,0,0
11391,0,0,1,90,81,0,0,0,0,61,0,0,0,0,0,0,0,0
11392,0,0,1,90,87,0,0,0,0,,0,0,0,0,0,0,0,0
11394,0,0,0,90,57,0,0,0,0,,0,0,0,0,0,0,0,0
11397,0,0,0,90,87,0,0,0,0,90,0,0,0,0,0,0,0,0
11398,0,0,0,90,75,0,0,0,0,,0,0,0,0,0,0,0,0
11399,0,0,0,90,99,0,0,0,0,,0,0,0,0,0,0,0,0
11400,1,0,0,90,38,0,0,0,0,51,0,0,0,0,0,0,0,0
11401,1,0,0,90,77,0,0,0,0,74,0,0,0,0,0,0,0,0
11402,1,0,0,90,29,0,0,0,0,,0,0,0,0,0,0,0,0
11404,0,0,1,90,57,0,0,0,0,,0,0,0,0,0,0,0,0
11405,1,0,0,90,28,0,0,0,0,17,0,0,0,0,0,0,0,0
11409,1,0,0,90,57,0,0,0,0,,0,0,0,0,0,0,0,0
11411,1,0,0,90,10,0,0,0,0,,0,0,0,0,0,0,0,0
11413,1,0,1,90,70,0,0,0,0,,0,0,0,0,0,0,0,0
11417,1,0,0,90,57,0,0,0,0,,0,0,0,0,0,0,0,0
11418,1,0,1,90,28,0,0,0,0,,0,0,0,0,0,0,0,0
11420,1,0,0,90,10,0,0,0,0,32,0,0,0,0,0,0,0,0
11421,1,0,1,90,31,0,0,0,0,,0,0,0,0,0,0,0,0
11422,1,0,0,90,31,0,0,0,0,48,0,0,0,0,0,0,0,0
11424,1,0,0,90,42,0,0,0,0,39,0,0,0,0,0,0,0,0
11425,0,0,1,90,55,0,0,0,0,,0,0,0,0,0,0,0,0
11426,1,0,1,90,70,0,0,0,0,,0,0,0,0,0,0,0,0
11427,1,0,1,90,55,0,0,0,0,62,0,0,0,0,0,0,0,0
11430,0,0,0,90,90,0,0,0,0,58,0,0,0,0,0,0,0,0
11432,1,0,0,90,38,0,0,0,0,44,0,0,0,0,0,0,0,0
11433,1,0,0,90,59,0,0,0,0,61,0,0,0,0,0,0,0,0
11434,1,0,0,90,78,0,0,0,0,,0,0,0,0,0,0,0,0
11436,1,0,1,90,64,0,0,0,0,77,0,0,0,0,0,0,0,0
11437,1,0,1,90,35,0,0,0,0,32,0,0,0,0,0,0,0,0
11438,1,0,0,90,70,0,0,0,0,42,0,0,0,0,0,0,0,0
11439,1,0,0,90,35,0,0,0,0,41,0,0,0,0,0,0,0,0
11440,0,0,0,90,74,0,0,0,0,64,0,0,0,0,0,0,0,0
11441,0,1,1,90,40,0,0,0,0,36,0,0,0,0,0,0,0,0
11444,0,1,1,90,93,0,0,0,0,,0,0,0,0,0,0,0,0
11449,1,0,0,90,40,0,0,0,0,42,0,0,0,0,0,0,0,0
11452,0,0,1,90,87,0,0,0,0,,0,0,0,0,0,0,0,0
11453,1,0,1,90,54,0,0,0,0,,0,0,0,0,0,0,0,0
11456,0,0,1,90,45,0,0,0,0,28,0,0,0,0,0,0,0,0
11458,1,0,1,90,44,0,0,0,0,28,0,0,0,0,0,0,0,0
11459,0,0,0,90,52,0,0,0,0,,0,0,0,0,0,0,0,0
11460,1,0,0,92,1,0,0,0,0,,0,0,0,0,0,0,0,0
11463,0,0,1,91,54,0,0,0,0,,0,0,0,0,0,0,0,0
11464,0,0,1,90,59,0,0,0,0,,0,0,0,0,0,0,0,0
11465,1,0,0,90,47,0,0,0,0,42,0,0,0,0,0,0,0,0
11467,1,0,1,90,10,0,0,0,0,25,0,0,0,0,0,0,0,0
11468,1,0,1,90,38,0,0,0,0,38,0,0,0,0,0,0,0,0
11469,0,1,0,90,55,0,0,0,0,61,0,0,0,0,0,0,0,0
11470,0,0,0,90,50,0,0,0,0,,0,0,0,0,0,0,0,0
11472,0,0,1,90,77,0,0,0,0,,0,0,0,0,0,0,0,0
11473,0,1,1,90,29,0,0,0,0,39,0,0,0,0,0,0,0,0
11474,1,0,1,90,70,0,0,0,0,55,0,0,0,0,0,0,0,0
11475,1,0,1,90,1,0,0,0,0,42,0,0,0,0,0,0,0,0
11476,1,0,1,90,60,0,0,0,0,55,0,0,0,0,0,0,0,0
11477,1,0,1,90,31,0,0,0,0,39,0,0,0,0,0,0,0,0
11478,1,0,1,90,29,0,0,0,0,,0,0,0,0,0,0,0,0
11479,1,0,0,90,59,0,0,0,0,,0,0,0,0,0,0,0,0
11480,0,0,1,90,59,0,0,0,0,,0,0,0,0,0,0,0,0
11481,1,0,0,90,48,0,0,0,0,,0,0,0,0,0,0,0,0
11482,0,0,0,90,25,0,0,0,0,,0,0,0,0,0,0,0,0
11486,1,0,0,90,50,0,0,0,0,48,0,0,0,0,0,0,0,0
11487,1,0,0,90,47,0,0,0,0,43,0,0,0,0,0,0,0,0
11492,0,0,0,90,90,0,0,0,0,99,0,0,0,0,0,0,0,0
11493,1,0,0,90,70,0,0,0,0,,0,0,0,0,0,0,0,0
11494,1,0,0,90,17,0,0,0,0,,0,0,0,0,0,0,0,0
11495,1,0,1,90,1,0,0,0,0,20,0,0,0,0,0,0,0,0
11497,1,0,0,90,37,0,0,0,0,52,0,0,0,0,0,0,0,0
11498,1,0,0,90,52,0,0,0,0,,0,0,0,0,0,0,0,0
11500,0,0,0,90,48,0,0,0,0,,0,0,0,0,0,0,0,0
11501,0,0,1,90,75,0,0,0,0,,0,0,0,0,0,0,0,0
11502,1,0,0,93,33,0,0,0,0,,0,0,0,0,0,0,0,0
11505,1,0,0,90,47,0,0,0,0,58,0,0,0,0,0,0,0,0
11506,0,0,0,90,99,0,0,0,0,99,0,0,0,0,0,0,0,0
11508,1,0,0,90,7,0,0,0,0,42,0,0,0,0,0,0,0,0
11509,1,0,1,90,42,0,0,0,0,,0,0,0,0,0,0,0,0
11510,0,0,0,90,87,0,0,0,0,80,0,0,0,0,0,0,0,0
11511,0,0,0,90,59,0,0,0,0,,0,0,0,0,0,0,0,0
11513,1,0,0,90,64,0,0,0,0,66,0,0,0,0,0,0,0,0
11515,1,0,1,90,33,0,0,0,0,36,0,0,0,0,0,0,0,0
11518,0,0,0,90,90,0,0,0,0,,0,0,0,0,0,0,0,0
11519,0,1,1,90,60,0,0,0,0,61,0,0,0,0,0,0,0,0
11520,0,0,1,90,78,0,0,0,0,74,0,0,0,0,0,0,0,0
11522,1,0,0,90,50,0,0,0,0,,0,0,0,0,0,0,0,0
11523,1,0,0,90,40,0,0,0,0,42,0,0,0,0,0,0,0,0
11528,0,0,0,90,99,0,0,0,0,99,0,0,0,0,0,0,0,0
11529,0,0,1,90,99,0,0,0,0,,0,0,0,0,0,0,0,0
11530,0,0,1,90,50,0,0,0,0,56,0,0,0,0,0,0,0,0
11532,1,0,1,90,42,0,0,0,0,32,0,0,0,0,0,0,0,0
11534,1,0,0,90,52,0,0,0,0,25,0,0,0,0,0,0,0,0
11535,0,1,1,90,52,0,0,0,0,,0,0,0,0,0,0,0,0
11537,0,0,1,90,70,0,0,0,0,,0,0,0,0,0,0,0,0
11538,0,0,0,90,28,0,0,0,0,,0,0,0,0,0,0,0,0
11540,1,0,1,90,66,0,0,0,0,,0,0,0,0,0,0,0,0
11541,0,0,0,90,52,0,0,0,0,,0,0,0,0,0,0,0,0
11542,1,0,0,90,23,0,0,0,0,45,0,0,0,0,0,0,0,0
11545,0,0,0,90,40,0,0,0,0,,0,0,0,0,0,0,0,0
11547,0,0,0,90,47,0,0,0,0,39,0,0,0,0,0,0,0,0
11550,1,0,1,90,35,0,0,0,0,25,0,0,0,0,0,0,0,0
11551,1,0,1,90,59,0,0,0,0,,0,0,0,0,0,0,0,0
11552,1,0,1,90,38,0,0,0,0,42,0,0,0,0,0,0,0,0
11554,0,0,1,90,37,0,0,0,0,45,0,0,0,0,0,0,0,0
11555,1,0,0,90,40,0,0,0,0,,0,0,0,0,0,0,0,0
11556,1,0,1,90,1,0,0,0,0,28,0,0,0,0,0,0,0,0
11558,1,0,0,90,59,0,0,0,0,25,0,0,0,0,0,0,0,0
11559,1,0,1,90,42,0,0,0,0,29,0,0,0,0,0,0,0,0
11560,1,0,1,90,57,0,0,0,0,45,0,0,0,0,0,0,0,0
11563,1,0,0,90,85,0,0,0,0,,0,0,0,0,0,0,0,0
11566,1,0,1,90,33,0,0,0,0,38,0,0,0,0,0,0,0,0
11567,0,1,1,90,50,0,0,0,0,,0,0,0,0,0,0,0,0
11569,1,0,0,90,72,0,0,0,0,22,0,0,0,0,0,0,0,0
11571,0,0,0,90,40,0,0,0,0,,0,0,0,0,0,0,0,0
11572,0,0,1,90,66,0,0,0,0,64,0,0,0,0,0,0,0,0
11573,0,0,1,90,78,0,0,0,0,,0,0,0,0,0,0,0,0
11574,1,0,0,90,40,0,0,0,0,36,0,0,0,0,0,0,0,0
11575,0,1,0,90,35,0,0,0,0,,0,0,0,0,0,0,0,0
11577,0,0,0,90,99,0,0,0,0,,0,0,0,0,0,0,0,0
11578,0,0,1,90,62,0,0,0,0,,0,0,0,0,0,0,0,0
11580,1,0,1,90,28,0,0,0,0,48,0,0,0,0,0,0,0,0
11581,0,0,1,90,93,0,0,0,0,80,0,0,0,0,0,0,0,0
11582,0,1,0,90,28,0,0,0,0,48,0,0,0,0,0,0,0,0
11583,0,1,1,90,60,0,0,0,0,,0,0,0,0,0,0,0,0
11584,0,0,1,90,50,0,0,0,0,29,0,0,0,0,0,0,0,0
11585,1,0,0,90,55,0,0,0,0,50,0,0,0,0,0,0,0,0
11586,1,0,1,90,52,0,0,0,0,58,0,0,0,0,0,0,0,0
11587,0,0,1,91,64,0,0,0,0,,0,0,0,0,0,0,0,0
11588,1,0,1,90,62,0,0,0,0,36,0,0,0,0,0,0,0,0
11590,0,0,1,90,99,0,0,0,0,,0,0,0,0,0,0,0,0
11592,0,1,1,90,78,0,0,0,0,34,0,0,0,0,0,0,0,0
11596,1,0,0,90,10,0,0,0,0,,0,0,0,0,0,0,0,0
11598,0,0,1,90,7,0,0,0,0,29,0,0,0,0,0,0,0,0
11599,1,0,1,90,28,0,0,0,0,28,0,0,0,0,0,0,0,0
11600,0,0,1,90,60,0,0,0,0,,0,0,0,0,0,0,0,0
11605,0,0,1,90,90,0,0,0,0,,0,0,0,0,0,0,0,0
11606,0,0,1,90,60,0,0,0,0,,0,0,0,0,0,0,0,0
11607,1,0,1,90,28,0,0,0,0,42,0,0,0,0,0,0,0,0
11608,0,0,1,90,60,0,0,0,0,,0,0,0,0,0,0,0,0
11612,0,0,1,90,83,0,0,0,0,74,0,0,0,0,0,0,0,0
11614,0,0,0,90,37,0,0,0,0,,0,0,0,0,0,0,0,0
11615,0,0,0,90,93,0,0,0,0,,0,0,0,0,0,0,0,0
11616,1,0,1,90,59,0,0,0,0,85,0,0,0,0,0,0,0,0
11617,1,0,1,90,42,0,0,0,0,,0,0,0,0,0,0,0,0
11618,0,0,1,90,52,0,0,0,0,39,0,0,0,0,0,0,0,0
11619,1,0,1,90,15,0,0,0,0,29,0,0,0,0,0,0,0,0
11620,1,0,1,90,13,0,0,0,0,,0,0,0,0,0,0,0,0
11621,1,0,0,90,52,0,0,0,0,61,0,0,0,0,0,0,0,0
11622,1,0,1,90,17,0,0,0,0,34,0,0,0,0,0,0,0,0
11623,0,0,1,90,59,0,0,0,0,48,0,0,0,0,0,0,0,0
11624,0,0,0,90,42,0,0,0,0,,0,0,0,0,0,0,0,0
11628,0,0,0,90,78,0,0,0,0,45,0,0,0,0,0,0,0,0
11630,0,1,1,90,75,0,0,0,0,58,0,0,0,0,0,0,0,0
11632,0,1,0,90,35,0,0,0,0,68,0,0,0,0,0,0,0,0
11635,1,0,0,90,28,0,0,0,0,25,0,0,0,0,0,0,0,0
11636,0,0,1,90,90,0,0,0,0,,0,0,0,0,0,0,0,0
11638,0,1,1,92,47,0,0,0,0,,0,0,0,0,0,0,0,0
11639,1,0,0,90,48,0,0,0,0,41,0,0,0,0,0,0,0,0
11640,0,0,1,90,78,0,0,0,0,87,0,0,0,0,0,0,0,0
11642,0,0,1,90,52,0,0,0,0,34,0,0,0,0,0,0,0,0
11644,0,1,0,90,66,0,0,0,0,,0,0,0,0,0,0,0,0
11645,0,0,1,90,7,0,0,0,0,32,0,0,0,0,0,0,0,0
11646,0,0,0,90,68,0,0,0,0,,0,0,0,0,0,0,0,0
11647,0,0,0,90,47,0,0,0,0,,0,0,0,0,0,0,0,0
11649,0,0,0,90,62,0,0,0,0,39,0,0,0,0,0,0,0,0
11651,1,0,0,90,52,0,0,0,0,,0,0,0,0,0,0,0,0
11652,1,0,0,90,48,0,0,0,0,,0,0,0,0,0,0,0,0
11653,1,0,0,90,38,0,0,0,0,,0,0,0,0,0,0,0,0
11654,0,0,0,90,20,0,0,0,0,28,0,0,0,0,0,0,0,0
11657,1,0,0,90,40,0,0,0,0,32,0,0,0,0,0,0,0,0
11658,0,0,0,90,42,0,0,0,0,42,0,0,0,0,0,0,0,0
11659,1,0,1,90,25,0,0,0,0,,0,0,0,0,0,0,0,0
11663,1,0,0,90,15,0,0,0,0,25,0,0,0,0,0,0,0,0
11667,1,0,0,90,44,0,0,0,0,56,0,0,0,0,0,0,0,0
11668,1,0,1,90,59,0,0,0,0,74,0,0,0,0,0,0,0,0
11670,0,0,1,90,50,0,0,0,0,,0,0,0,0,0,0,0,0
11672,1,0,0,90,59,0,0,0,0,50,0,0,0,0,0,0,0,0
11673,0,0,0,90,29,0,0,0,0,,0,0,0,0,0,0,0,0
11674,1,0,0,90,10,0,0,0,0,19,0,0,0,0,0,0,0,0
11676,1,0,1,90,35,0,0,0,0,41,0,0,0,0,0,0,0,0
11677,0,0,0,90,38,0,0,0,0,,0,0,0,0,0,0,0,0
11678,0,0,0,90,60,0,0,0,0,48,0,0,0,0,0,0,0,0
11680,1,0,1,90,54,0,0,0,0,45,0,0,0,0,0,0,0,0
11684,1,0,0,90,40,0,0,0,0,,0,0,0,0,0,0,0,0
11686,1,0,1,90,57,0,0,0,0,,0,0,0,0,0,0,0,0
11687,0,0,1,90,59,0,0,0,0,,0,0,0,0,0,0,0,0
11688,0,1,0,90,59,0,0,0,0,,0,0,0,0,0,0,0,0
11689,1,0,1,90,45,0,0,0,0,,0,0,0,0,0,0,0,0
11690,1,0,0,90,13,0,0,0,0,25,0,0,0,0,0,0,0,0
11691,1,0,0,90,75,0,0,0,0,44,0,0,0,0,0,0,0,0
11695,1,0,1,90,1,0,0,0,0,,0,0,0,0,0,0,0,0
11696,1,0,1,90,28,0,0,0,0,47,0,0,0,0,0,0,0,0
11697,1,0,0,90,33,0,0,0,0,46,0,0,0,0,0,0,0,0
11698,1,0,1,90,64,0,0,0,0,,0,0,0,0,0,0,0,0
11702,1,0,0,90,67,0,0,0,0,52,0,0,0,0,0,0,0,0
11703,1,0,0,90,15,0,0,0,0,28,0,0,0,0,0,0,0,0
11704,1,0,0,90,55,0,0,0,0,48,0,0,0,0,0,0,0,0
11705,1,0,1,90,28,0,0,0,0,36,0,0,0,0,0,0,0,0
11707,1,0,1,90,28,0,0,0,0,52,0,0,0,0,0,0,0,0
11709,0,1,1,91,29,0,0,0,0,,0,0,0,0,0,0,0,0
11711,0,0,0,90,57,0,0,0,0,67,0,0,0,0,0,0,0,0
11712,1,0,1,90,13,0,0,0,0,52,0,0,0,0,0,0,0,0
11714,1,0,0,90,37,0,0,0,0,36,0,0,0,0,0,0,0,0
11717,1,0,1,90,33,0,0,0,0,52,0,0,0,0,0,0,0,0
11719,1,0,0,90,37,0,0,0,0,,0,0,0,0,0,0,0,0
11722,1,0,1,90,52,0,0,0,0,53,0,0,0,0,0,0,0,0
11724,0,0,0,90,87,0,0,0,0,85,0,0,0,0,0,0,0,0
11725,1,0,1,90,48,0,0,0,0,,0,0,0,0,0,0,0,0
11726,1,0,0,90,38,0,0,0,0,,0,0,0,0,0,0,0,0
11727,1,0,0,90,60,0,0,0,0,32,0,0,0,0,0,0,0,0
11729,1,0,1,90,17,0,0,0,0,44,0,0,0,0,0,0,0,0
11730,1,0,0,90,68,0,0,0,0,58,0,0,0,0,0,0,0,0
11733,1,0,1,90,66,0,0,0,0,,0,0,0,0,0,0,0,0
11734,0,0,0,90,59,0,0,0,0,,0,0,0,0,0,0,0,0
11735,0,0,0,90,78,0,0,0,0,90,0,0,0,0,0,0,0,0
11736,1,0,0,90,57,0,0,0,0,,0,0,0,0,0,0,0,0
11737,1,0,0,90,70,0,0,0,0,,0,0,0,0,0,0,0,0
11738,1,0,0,90,59,0,0,0,0,59,0,0,0,0,0,0,0,0
11740,1,0,0,90,47,0,0,0,0,41,0,0,0,0,0,0,0,0
11741,1,0,1,90,59,0,0,0,0,,0,0,0,0,0,0,0,0
11742,0,0,0,90,66,0,0,0,0,,0,0,0,0,0,0,0,0
11743,0,0,1,90,59,0,0,0,0,,0,0,0,0,0,0,0,0
11754,0,0,1,92,53,0,0,0,0,59,0,0,0,0,0,0,0,0
11780,0,0,0,91,22,0,0,0,0,77,0,0,0,0,0,0,0,0
11810,1,0,1,91,29,0,0,0,0,,0,0,0,0,0,0,0,0
11813,0,0,1,90,55,0,0,0,0,,0,0,0,0,0,0,0,0
11819,1,0,0,90,28,0,0,0,0,66,0,0,0,0,0,0,0,0
11831,0,1,0,90,44,0,0,0,0,34,0,0,0,0,0,0,0,0
11842,0,1,1,90,34,0,0,0,0,44,0,0,0,0,0,0,0,0
11851,0,1,1,90,35,0,0,0,0,,0,0,0,0,0,0,0,0
11853,1,0,0,90,48,0,0,0,0,32,0,0,0,0,0,0,0,0
11856,1,0,0,93,44,0,0,0,0,28,0,0,0,0,0,0,0,0
11859,1,0,1,90,35,0,0,0,0,7,0,0,0,0,0,0,0,0
11862,1,0,1,91,36,0,0,0,0,69,0,0,0,0,0,0,0,0
11881,0,0,0,92,85,0,0,0,0,99,0,0,0,0,0,0,0,0
11882,1,0,1,90,33,0,0,0,0,56,0,0,0,0,0,0,0,0
11885,0,0,0,91,93,0,0,0,0,81,0,0,0,0,0,0,0,0
11895,1,0,1,90,36,0,0,0,0,22,0,0,0,0,0,0,0,0
11898,1,0,0,90,17,0,0,0,0,,0,0,0,0,0,0,0,0
11911,1,0,0,93,23,0,0,0,0,22,0,0,0,0,0,0,0,0
11933,0,0,0,90,29,0,0,0,0,38,0,0,0,0,0,0,0,0
11935,1,0,0,90,44,0,0,0,0,7,0,0,0,0,0,0,0,0
11986,0,0,1,90,36,0,0,0,0,41,0,0,0,0,0,0,0,0
12006,0,1,0,91,40,0,0,0,0,66,0,0,0,0,0,0,0,0
12016,0,0,1,91,52,0,0,0,0,,0,0,0,0,0,0,0,0
12022,0,0,0,93,38,0,0,0,0,7,0,0,0,0,0,0,0,0
12030,0,0,0,92,56,0,0,0,0,75,0,0,0,0,0,0,0,0
12040,1,0,1,90,48,0,0,0,0,,0,0,0,0,0,0,0,0
12042,0,0,0,91,73,0,0,0,0,75,0,0,0,0,0,0,0,0
12063,1,0,1,90,47,0,0,0,0,51,0,0,0,0,0,0,0,0
12064,0,1,0,90,44,0,0,0,0,48,0,0,0,0,0,0,0,0
12066,1,0,0,90,28,0,0,0,0,32,0,0,0,0,0,0,0,0
12067,1,0,1,90,1,0,0,0,0,44,0,0,0,0,0,0,0,0
12079,1,0,0,90,36,0,0,0,0,46,0,0,0,0,0,0,0,0
12089,1,0,0,93,35,0,0,0,0,54,0,0,0,0,0,0,0,0
12103,0,0,1,93,50,0,0,0,0,,0,0,0,0,0,0,0,0
12145,1,0,1,92,40,0,0,0,0,54,0,0,0,0,0,0,0,0
12163,1,0,1,91,44,0,0,0,0,,0,0,0,0,0,0,0,0
12184,0,0,0,93,20,0,0,0,0,,0,0,0,0,0,0,0,0
12190,1,0,0,92,44,0,0,0,0,,0,0,0,0,0,0,0,0
12208,1,0,0,92,22,0,0,0,0,23,0,0,0,0,0,0,0,0
12210,1,0,0,90,51,0,0,0,0,44,0,0,0,0,0,0,0,0
12237,1,0,0,91,36,0,0,0,0,46,0,0,0,0,0,0,0,0
12242,0,0,0,91,39,0,0,0,0,,0,0,0,0,0,0,0,0
12313,1,0,0,90,1,0,0,0,0,13,0,0,0,0,0,0,0,0
12327,1,0,1,91,48,0,0,0,0,,0,0,0,0,0,0,0,0
12350,1,0,1,91,51,0,0,0,0,,0,0,0,0,0,0,0,0
12374,1,0,1,91,1,0,0,0,0,1,0,0,0,0,0,0,0,0
12382,0,0,0,93,47,0,0,0,0,,0,0,0,0,0,0,0,0
12551,1,0,0,92,10,0,0,0,0,,0,0,0,0,0,0,0,0
12607,1,0,1,90,34,0,0,0,0,51,0,0,0,0,0,0,0,0
12615,0,0,0,91,19,0,0,0,0,,0,0,0,0,0,0,0,0
12652,1,0,0,90,38,0,0,0,0,23,0,0,0,0,0,0,0,0
12676,0,0,1,90,15,0,0,0,0,28,0,0,0,0,0,0,0,0
12693,1,0,0,90,31,0,0,0,0,58,0,0,0,0,0,0,0,0
12817,1,0,0,90,22,0,0,0,0,,0,0,0,0,0,0,0,0
12864,1,0,0,90,30,0,0,0,0,38,0,0,0,0,0,0,0,0
12910,1,0,1,90,28,0,0,0,0,10,0,0,0,0,0,0,0,0
12936,1,0,0,90,47,0,0,0,0,,0,0,0,0,0,0,0,0
12960,0,0,0,90,62,0,0,0,0,,0,0,0,0,0,0,0,0
12968,1,0,1,91,19,0,0,0,0,,0,0,0,0,0,0,0,0
13014,1,0,0,90,71,0,0,0,0,50,0,0,0,0,0,0,0,0
13018,0,0,0,90,99,0,0,0,0,,0,0,0,0,0,0,0,0
13035,1,0,1,90,36,0,0,0,0,,0,0,0,0,0,0,0,0
13050,1,0,1,90,23,0,0,0,0,,0,0,0,0,0,0,0,0
13226,1,0,1,90,15,0,0,0,0,15,0,0,0,0,0,0,0,0
20006,0,0,0,92,55,1,1,2,1,,0,1,0,0,1,0,0,0
20007,0,1,0,92,74,1,1,2,1,,0,1,0,0,1,0,0,0
20008,0,1,1,92,25,1,1,2,1,,0,1,0,0,1,0,0,0
20009,0,1,0,92,52,1,1,2,1,,0,1,0,0,1,0,0,0
20012,0,1,0,92,85,1,1,2,1,,0,1,0,0,1,0,0,0
20014,0,1,1,92,45,1,1,2,1,,0,1,0,0,1,0,0,0
20016,0,1,0,92,46,1,1,2,2,,0,1,0,0,0,1,0,0
20017,0,1,0,92,48,1,1,2,2,,0,1,0,0,0,1,0,0
20018,0,1,1,92,41,1,1,2,2,,0,1,0,0,0,1,0,0
20019,0,1,1,92,59,1,1,2,2,,0,1,0,0,0,1,0,0
20022,0,1,1,92,51,1,1,2,2,,0,1,0,0,0,1,0,0
20023,0,1,0,92,48,1,1,2,2,,0,1,0,0,0,1,0,0
20024,0,1,0,92,13,1,1,2,2,10,0,1,0,0,0,1,0,0
20026,0,1,1,92,39,1,1,2,2,,0,1,0,0,0,1,0,0
20028,0,1,0,92,47,1,1,2,2,45,0,1,0,0,0,1,0,0
20029,0,0,0,92,31,1,1,2,2,,0,1,0,0,0,1,0,0
20031,0,1,0,92,64,1,1,2,2,,0,1,0,0,0,1,0,0
20032,0,1,1,92,38,1,1,2,2,38,0,1,0,0,0,1,0,0
20033,0,1,1,92,32,1,1,2,2,32,0,1,0,0,0,1,0,0
20034,0,1,1,92,40,1,1,2,2,44,0,1,0,0,0,1,0,0
20037,0,1,0,92,35,1,1,2,2,,0,1,0,0,0,1,0,0
20039,0,1,0,92,28,1,1,2,2,31,0,1,0,0,0,1,0,0
20042,1,0,1,92,40,1,1,2,1,,0,1,0,0,1,0,0,0
20045,1,0,0,93,99,1,1,1,1,,1,0,0,0,1,0,0,0
20046,1,0,0,92,44,1,1,2,1,,0,1,0,0,1,0,0,0
20047,1,0,0,92,48,1,1,2,1,,0,1,0,0,1,0,0,0
20048,1,0,1,92,52,1,1,2,1,,0,1,0,0,1,0,0,0
20049,1,0,1,92,55,1,1,2,1,,0,1,0,0,1,0,0,0
20051,1,0,0,92,55,1,1,2,1,,0,1,0,0,1,0,0,0
20052,1,0,1,92,99,1,1,2,1,,0,1,0,0,1,0,0,0
20053,1,0,0,92,52,1,1,2,1,,0,1,0,0,1,0,0,0
20054,1,0,0,92,48,1,1,2,1,,0,1,0,0,1,0,0,0
20055,1,0,0,92,20,1,1,2,1,,0,1,0,0,1,0,0,0
20057,1,0,0,92,59,1,1,2,1,,0,1,0,0,1,0,0,0
20059,1,0,1,92,59,1,1,2,1,,0,1,0,0,1,0,0,0
20061,1,0,1,92,55,1,1,2,1,,0,1,0,0,1,0,0,0
20062,1,0,0,91,30,1,1,3,1,,0,0,1,0,1,0,0,0
20063,1,0,1,92,52,1,1,2,1,,0,1,0,0,1,0,0,0
20066,1,0,1,92,15,1,1,2,1,,0,1,0,0,1,0,0,0
20068,1,0,0,92,77,1,1,2,1,,0,1,0,0,1,0,0,0
20072,1,0,1,92,39,1,1,2,1,,0,1,0,0,1,0,0,0
20073,1,0,1,92,39,1,1,2,1,,0,1,0,0,1,0,0,0
20074,1,0,1,92,45,1,1,2,1,,0,1,0,0,1,0,0,0
20077,1,0,1,92,52,1,1,2,1,,0,1,0,0,1,0,0,0
20078,1,0,1,92,45,1,1,2,1,,0,1,0,0,1,0,0,0
20080,1,0,1,93,62,1,1,1,1,,1,0,0,0,1,0,0,0
20081,1,0,1,92,48,1,1,2,2,,0,1,0,0,0,1,0,0
20082,1,0,0,92,59,1,1,2,2,,0,1,0,0,0,1,0,0
20085,1,0,1,92,69,1,1,2,2,,0,1,0,0,0,1,0,0
20088,1,0,1,92,44,1,1,2,1,,0,1,0,0,1,0,0,0
20091,1,0,1,92,55,1,1,2,2,,0,1,0,0,0,1,0,0
20093,1,0,1,92,34,1,1,2,2,,0,1,0,0,0,1,0,0
20095,1,0,1,92,37,1,1,2,2,,0,1,0,0,0,1,0,0
20097,1,0,1,92,31,1,1,2,2,,0,1,0,0,0,1,0,0
20098,1,0,0,92,40,1,1,2,2,,0,1,0,0,0,1,0,0
20099,1,0,1,92,40,1,0,2,1,,0,1,0,0,1,0,0,0
20100,1,0,0,92,20,1,1,2,2,36,0,1,0,0,0,1,0,0
20101,1,0,0,92,47,1,1,2,1,50,0,1,0,0,1,0,0,0
20102,1,0,1,92,67,1,0,2,0,67,0,1,0,0,0,0,0,0
20103,1,0,0,92,45,1,1,2,2,52,0,1,0,0,0,1,0,0
20104,1,0,1,92,23,1,1,2,2,29,0,1,0,0,0,1,0,0
20105,1,0,1,92,77,1,1,2,2,85,0,1,0,0,0,1,0,0
20106,1,0,1,92,66,1,1,2,1,59,0,1,0,0,1,0,0,0
20107,1,0,1,92,59,1,1,2,2,,0,1,0,0,0,1,0,0
20108,1,0,1,92,45,1,1,2,2,,0,1,0,0,0,1,0,0
20109,1,0,1,92,31,1,1,2,2,38,0,1,0,0,0,1,0,0
20111,1,0,0,92,41,1,1,2,2,59,0,1,0,0,0,1,0,0
20114,1,0,1,92,59,1,1,2,2,56,0,1,0,0,0,1,0,0
20115,1,0,0,92,25,1,1,2,2,23,0,1,0,0,0,1,0,0
20123,1,0,1,92,46,1,1,2,2,58,0,1,0,0,0,1,0,0
20198,0,0,1,92,25,1,1,2,2,,0,1,0,0,0,1,0,0
20199,1,0,1,92,1,1,1,2,1,,0,1,0,0,1,0,0,0
20202,0,1,0,92,28,1,1,2,1,,0,1,0,0,1,0,0,0
20213,1,0,0,92,51,1,1,2,1,,0,1,0,0,1,0,0,0
20214,1,0,1,92,48,1,1,2,1,,0,1,0,0,1,0,0,0
20217,1,0,1,92,36,1,1,2,1,,0,1,0,0,1,0,0,0
20218,1,0,1,92,47,1,1,2,1,,0,1,0,0,1,0,0,0
20219,1,0,1,92,48,1,0,2,1,,0,1,0,0,1,0,0,0
20220,1,0,1,92,58,1,1,2,1,,0,1,0,0,1,0,0,0
20221,1,0,1,92,28,1,1,2,2,22,0,1,0,0,0,1,0,0
20222,1,0,0,92,48,1,1,2,2,,0,1,0,0,0,1,0,0
20223,0,1,0,92,54,1,1,2,2,32,0,1,0,0,0,1,0,0
20225,1,0,0,92,38,1,1,2,1,,0,1,0,0,1,0,0,0
20226,1,0,1,92,25,1,1,2,1,,0,1,0,0,1,0,0,0
20227,1,0,0,92,15,1,1,2,1,,0,1,0,0,1,0,0,0
20230,1,0,1,92,20,1,1,2,1,,0,1,0,0,1,0,0,0
20233,1,0,1,92,47,1,1,2,2,,0,1,0,0,0,1,0,0
20234,1,0,0,92,29,1,1,2,2,,0,1,0,0,0,1,0,0
20235,1,0,1,92,48,1,1,2,1,,0,1,0,0,1,0,0,0
20236,1,0,0,92,36,1,1,2,1,,0,1,0,0,1,0,0,0
20237,1,0,0,92,48,1,1,2,1,,0,1,0,0,1,0,0,0
20238,1,0,0,92,54,1,1,2,2,,0,1,0,0,0,1,0,0
20240,1,0,0,92,10,1,1,2,1,,0,1,0,0,1,0,0,0
20242,1,0,1,92,64,1,1,2,1,,0,1,0,0,1,0,0,0
20243,1,0,1,92,39,1,1,2,1,,0,1,0,0,1,0,0,0
20244,1,0,1,92,54,1,1,2,2,,0,1,0,0,0,1,0,0
20247,1,0,1,92,42,1,1,2,1,,0,1,0,0,1,0,0,0
20249,1,0,1,92,1,1,1,2,1,,0,1,0,0,1,0,0,0
20252,1,0,1,92,72,1,0,2,0,80,0,1,0,0,0,0,0,0
20253,1,0,1,92,29,1,1,2,1,,0,1,0,0,1,0,0,0
20254,1,0,1,92,46,1,1,2,2,,0,1,0,0,0,1,0,0
20256,1,0,1,92,1,1,1,2,1,,0,1,0,0,1,0,0,0
20258,1,0,0,92,52,1,1,2,2,,0,1,0,0,0,1,0,0
20261,1,0,1,92,32,1,1,2,1,,0,1,0,0,1,0,0,0
20264,1,0,1,92,51,1,1,2,2,,0,1,0,0,0,1,0,0
20265,1,0,0,92,25,1,1,2,2,,0,1,0,0,0,1,0,0
20266,1,0,1,92,48,1,1,2,2,,0,1,0,0,0,1,0,0
20268,1,0,1,92,42,1,1,2,1,,0,1,0,0,1,0,0,0
20269,1,0,0,92,28,1,1,2,2,,0,1,0,0,0,1,0,0
20271,1,0,0,92,15,1,1,2,2,,0,1,0,0,0,1,0,0
20273,1,0,0,92,39,1,1,2,2,,0,1,0,0,0,1,0,0
20274,1,0,0,92,28,1,1,2,2,,0,1,0,0,0,1,0,0
20275,1,0,1,92,45,1,1,2,2,,0,1,0,0,0,1,0,0
20276,1,0,0,92,55,1,1,2,1,,0,1,0,0,1,0,0,0
20282,1,0,0,92,52,1,1,2,1,,0,1,0,0,1,0,0,0
20283,1,0,1,92,45,1,1,2,1,,0,1,0,0,1,0,0,0
20284,1,0,0,92,39,1,1,2,2,,0,1,0,0,0,1,0,0
20285,1,0,1,92,44,1,1,2,2,,0,1,0,0,0,1,0,0
20287,1,0,1,92,39,1,1,2,1,,0,1,0,0,1,0,0,0
20288,1,0,1,91,77,1,1,3,2,,0,0,1,0,0,1,0,0
20292,1,0,0,92,66,1,1,2,1,,0,1,0,0,1,0,0,0
20297,0,1,1,92,42,1,1,2,1,,0,1,0,0,1,0,0,0
20307,1,0,0,92,71,1,1,2,1,,0,1,0,0,1,0,0,0
20309,1,0,1,92,71,1,1,2,1,,0,1,0,0,1,0,0,0
20310,1,0,1,92,36,1,1,2,1,,0,1,0,0,1,0,0,0
20311,1,0,0,92,15,1,1,2,1,,0,1,0,0,1,0,0,0
20313,1,0,1,92,10,1,1,2,1,,0,1,0,0,1,0,0,0
20315,1,0,1,92,15,1,1,2,1,,0,1,0,0,1,0,0,0
20318,1,0,1,92,36,1,1,2,2,,0,1,0,0,0,1,0,0
20319,1,0,1,92,23,1,1,2,2,,0,1,0,0,0,1,0,0
20320,1,0,0,92,50,1,1,2,2,,0,1,0,0,0,1,0,0
20329,1,0,0,92,45,1,1,2,1,,0,1,0,0,1,0,0,0
20330,0,1,1,92,66,1,1,2,2,,0,1,0,0,0,1,0,0
20331,1,0,0,92,45,1,1,2,1,,0,1,0,0,1,0,0,0
20333,1,0,1,93,61,1,1,1,1,,1,0,0,0,1,0,0,0
20342,1,0,1,93,45,1,1,1,1,,1,0,0,0,1,0,0,0
20351,1,0,1,93,20,1,1,1,1,,1,0,0,0,1,0,0,0
20380,1,0,1,93,39,1,1,1,1,,1,0,0,0,1,0,0,0
20381,1,0,1,93,36,1,1,1,1,,1,0,0,0,1,0,0,0
20389,1,0,0,93,36,1,1,1,1,39,1,0,0,0,1,0,0,0
20390,1,0,0,93,36,1,1,1,1,36,1,0,0,0,1,0,0,0
20393,1,0,0,93,28,1,1,1,1,,1,0,0,0,1,0,0,0
20394,1,0,1,93,1,1,1,1,1,,1,0,0,0,1,0,0,0
20448,1,0,0,93,1,1,0,1,0,,1,0,0,0,0,0,0,0
20455,1,0,0,93,39,1,0,1,0,29,1,0,0,0,0,0,0,0
20499,0,1,1,93,35,1,1,1,1,45,1,0,0,0,1,0,0,0
20501,0,1,1,93,36,1,1,1,1,,1,0,0,0,1,0,0,0
20502,0,1,1,93,32,1,1,1,1,,1,0,0,0,1,0,0,0
20506,0,1,0,93,15,1,1,1,1,,1,0,0,0,1,0,0,0
20508,0,1,1,93,23,1,0,1,0,,1,0,0,0,0,0,0,0
20510,0,1,1,93,59,1,1,1,1,66,1,0,0,0,1,0,0,0
20511,0,1,0,93,46,1,1,1,1,54,1,0,0,0,1,0,0,0
20513,0,1,0,93,31,1,1,1,1,1,1,0,0,0,1,0,0,0
20514,0,1,1,93,56,1,1,1,1,66,1,0,0,0,1,0,0,0
20515,0,1,0,93,1,1,1,1,1,,1,0,0,0,1,0,0,0
20568,0,1,1,93,58,1,1,1,1,,1,0,0,0,1,0,0,0
20573,0,1,1,93,55,1,1,1,1,,1,0,0,0,1,0,0,0
20575,0,1,0,93,15,1,1,1,1,,1,0,0,0,1,0,0,0
20576,0,1,1,93,74,1,1,1,1,,1,0,0,0,1,0,0,0
20577,0,1,0,93,39,1,1,1,1,,1,0,0,0,1,0,0,0
20580,0,1,0,93,25,1,1,1,1,,1,0,0,0,1,0,0,0
20582,0,1,1,93,15,1,1,1,1,,1,0,0,0,1,0,0,0
20583,0,1,0,93,56,1,0,1,0,,1,0,0,0,0,0,0,0
20584,0,1,1,93,25,1,1,1,1,,1,0,0,0,1,0,0,0
20585,0,1,1,93,56,1,1,1,1,,1,0,0,0,1,0,0,0
20590,0,1,1,93,41,1,1,1,1,,1,0,0,0,1,0,0,0
20591,0,1,0,93,17,1,1,1,1,,1,0,0,0,1,0,0,0
20592,0,1,0,93,71,1,0,1,0,,1,0,0,0,0,0,0,0
20597,0,1,1,93,62,1,1,1,1,,1,0,0,0,1,0,0,0
20599,0,1,1,93,39,1,0,1,0,,1,0,0,0,0,0,0,0
20601,0,1,0,93,44,1,1,1,1,,1,0,0,0,1,0,0,0
20602,1,0,1,93,37,1,0,1,0,,1,0,0,0,0,0,0,0
20603,0,1,1,93,55,1,1,1,1,,1,0,0,0,1,0,0,0
20605,0,1,0,93,44,1,1,1,1,,1,0,0,0,1,0,0,0
20629,1,0,0,93,99,1,1,1,1,,1,0,0,0,1,0,0,0
20630,1,0,0,93,52,1,1,1,1,,1,0,0,0,1,0,0,0
20632,1,0,1,93,48,1,1,1,1,,1,0,0,0,1,0,0,0
20633,1,0,1,93,48,1,1,1,1,,1,0,0,0,1,0,0,0
20634,1,0,1,93,52,1,1,1,1,,1,0,0,0,1,0,0,0
20635,1,0,0,93,52,1,1,1,1,,1,0,0,0,1,0,0,0
20636,1,0,0,93,58,1,1,1,1,,1,0,0,0,1,0,0,0
20637,1,0,1,93,48,1,1,1,1,,1,0,0,0,1,0,0,0
20638,1,0,0,93,90,1,1,1,1,,1,0,0,0,1,0,0,0
20639,1,0,1,93,99,1,1,1,1,,1,0,0,0,1,0,0,0
20640,1,0,1,93,36,1,1,1,1,,1,0,0,0,1,0,0,0
20641,1,0,1,93,32,1,1,1,1,,1,0,0,0,1,0,0,0
20642,1,0,1,93,36,1,1,1,1,,1,0,0,0,1,0,0,0
20643,1,0,1,93,1,1,1,1,1,,1,0,0,0,1,0,0,0
20644,1,0,1,93,59,1,1,1,1,,1,0,0,0,1,0,0,0
20646,1,0,1,93,48,1,1,1,1,,1,0,0,0,1,0,0,0
20647,1,0,1,93,38,1,1,1,1,,1,0,0,0,1,0,0,0
20648,1,0,0,93,22,1,1,1,1,,1,0,0,0,1,0,0,0
20649,1,0,1,93,34,1,1,1,1,,1,0,0,0,1,0,0,0
20650,1,0,0,93,51,1,1,1,1,,1,0,0,0,1,0,0,0
20651,1,0,0,93,44,1,1,1,1,,1,0,0,0,1,0,0,0
20653,1,0,1,93,42,1,1,1,1,,1,0,0,0,1,0,0,0
20655,1,0,0,93,45,1,1,1,1,,1,0,0,0,1,0,0,0
20656,1,0,0,93,15,1,1,1,1,,1,0,0,0,1,0,0,0
20657,1,0,1,93,57,1,1,1,1,34,1,0,0,0,1,0,0,0
20658,1,0,0,93,40,1,1,1,1,,1,0,0,0,1,0,0,0
20659,1,0,1,93,37,1,1,1,1,,1,0,0,0,1,0,0,0
20660,1,0,0,93,17,1,1,1,1,44,1,0,0,0,1,0,0,0
20661,1,0,1,93,80,1,1,1,1,,1,0,0,0,1,0,0,0
20662,1,0,0,93,51,1,1,1,1,,1,0,0,0,1,0,0,0
20663,1,0,0,93,72,1,1,1,1,,1,0,0,0,1,0,0,0
20665,1,0,0,93,28,1,1,1,1,,1,0,0,0,1,0,0,0
20666,1,0,0,93,49,1,1,1,1,,1,0,0,0,1,0,0,0
20668,1,0,1,93,40,1,1,1,1,69,1,0,0,0,1,0,0,0
20676,0,0,0,93,33,1,1,1,1,,1,0,0,0,1,0,0,0
20678,1,0,1,93,54,1,1,1,1,,1,0,0,0,1,0,0,0
20679,1,0,0,93,13,1,1,1,1,,1,0,0,0,1,0,0,0
20680,1,0,0,93,28,1,1,1,1,,1,0,0,0,1,0,0,0
20681,1,0,1,93,39,1,1,1,1,,1,0,0,0,1,0,0,0
20687,1,0,0,93,15,1,1,1,1,32,1,0,0,0,1,0,0,0
20689,1,0,1,93,39,1,1,1,1,,1,0,0,0,1,0,0,0
20692,1,0,1,93,55,1,1,1,1,,1,0,0,0,1,0,0,0
20693,1,0,1,93,34,1,1,1,1,,1,0,0,0,1,0,0,0
20694,1,0,0,93,59,1,1,1,1,,1,0,0,0,1,0,0,0
20696,1,0,1,93,30,1,1,1,1,,1,0,0,0,1,0,0,0
20699,1,0,1,93,64,1,1,1,1,,1,0,0,0,1,0,0,0
20701,1,0,0,93,48,1,1,1,1,,1,0,0,0,1,0,0,0
20702,1,0,0,93,24,1,1,1,1,,1,0,0,0,1,0,0,0
20703,1,0,0,93,90,1,1,1,1,,1,0,0,0,1,0,0,0
20705,1,0,0,93,37,1,1,1,1,,1,0,0,0,1,0,0,0
20707,1,0,0,93,71,1,1,1,1,,1,0,0,0,1,0,0,0
20708,1,0,0,93,34,1,0,1,0,,1,0,0,0,0,0,0,0
20709,1,0,1,93,90,1,1,1,1,,1,0,0,0,1,0,0,0
20717,1,0,0,93,34,1,1,1,1,,1,0,0,0,1,0,0,0
20718,1,0,0,93,10,1,1,1,1,,1,0,0,0,1,0,0,0
20720,1,0,0,93,28,1,1,1,1,,1,0,0,0,1,0,0,0
